Order_ID,Order_Date,Customer_ID,Customer_Name,Product,Category,Region,City,Quantity,Sales,Profit
ORD00001,07-09-2024,CUST1228,Allison Hill,Mouse,Electronics,South,Mumbai,1,500,125.94
ORD00002,05-04-2024,CUST1223,Noah Rhodes,Mouse,Electronics,South,Delhi,7,3500,553.68
ORD00003,26-08-2025,CUST1284,Angie Henderson,Monitor,Electronics,North,Bengaluru,7,84000,10486.53
ORD00004,08-08-2024,CUST1980,Daniel Wagner,Notebook,Office Supplies,East,Mumbai,6,600,156.01
ORD00005,18-12-2024,CUST1618,Cristian Santos,Mouse,Electronics,East,Delhi,7,3500,583.68
ORD00006,22-01-2025,CUST1080,Connie Lawrence,Printer,Office Supplies,East,Chennai,2,18000,2310.97
ORD00007,21-08-2024,CUST1791,Abigail Shaffer,Monitor,Electronics,East,Mumbai,2,24000,2618.98
ORD00008,09-04-2025,CUST1650,Gina Moore,Monitor,Electronics,East,Bengaluru,2,24000,3341.07
ORD00009,30-09-2024,CUST1718,Gabrielle Davis,Desk,Furniture,North,Bengaluru,6,90000,8917.61
ORD00010,03-10-2024,CUST1947,Ryan Munoz,Monitor,Electronics,South,Chennai,3,36000,5277.72
ORD00011,19-11-2024,CUST1410,Monica Herrera,Laptop,Electronics,East,Mumbai,4,200000,42950.94
ORD00012,26-05-2025,CUST1405,Jamie Arnold,Monitor,Electronics,West,Bengaluru,6,72000,8937.82
ORD00013,28-07-2025,CUST1551,Lisa Hensley,Chair,Furniture,East,Kolkata,3,21000,4451.88
ORD00014,21-05-2024,CUST1521,Michele Williams,Notebook,Office Supplies,West,Mumbai,6,600,149.69
ORD00015,12-06-2024,CUST1811,Dylan Miller,Laptop,Electronics,West,Mumbai,2,100000,14250.69
ORD00016,24-04-2025,CUST1541,Brian Ramirez,Notebook,Office Supplies,East,Delhi,7,700,222.08
ORD00017,14-12-2024,CUST1114,Holly Wood,Mouse,Electronics,East,Kolkata,5,2500,638.64
ORD00018,26-09-2024,CUST1995,Derek Zuniga,Keyboard,Electronics,South,Mumbai,8,9600,1347.74
ORD00019,14-06-2024,CUST1552,Lisa Jackson,Chair,Furniture,North,Chennai,4,28000,5541.92
ORD00020,06-01-2025,CUST1899,Carla Gray,Printer,Office Supplies,East,Ahmedabad,1,9000,690.41
ORD00021,21-03-2024,CUST1087,Margaret Hawkins DDS,Laptop,Electronics,West,Mumbai,4,200000,44165.01
ORD00022,16-07-2025,CUST1169,Patty Perez,Keyboard,Electronics,East,Kolkata,3,3600,789.01
ORD00023,12-02-2025,CUST1687,Ethan Adams,Monitor,Electronics,East,Hyderabad,4,48000,8119.94
ORD00024,06-03-2024,CUST1346,Tommy Walter,Printer,Office Supplies,North,Ahmedabad,2,18000,1527.74
ORD00025,08-10-2025,CUST1060,Matthew Foster,Monitor,Electronics,South,Mumbai,1,12000,1336.67
ORD00026,31-08-2024,CUST1285,Judy Baker,Laptop,Electronics,West,Ahmedabad,6,300000,40095.78
ORD00027,29-04-2025,CUST1826,Justin Baker,Keyboard,Electronics,West,Ahmedabad,8,9600,1623.93
ORD00028,28-12-2024,CUST1433,Stephanie Ross,Mouse,Electronics,West,Hyderabad,2,1000,240.99
ORD00029,13-12-2024,CUST1819,Zachary Hicks,Laptop,Electronics,North,Ahmedabad,2,100000,13254.62
ORD00030,23-05-2024,CUST1432,Anthony Rodriguez,Monitor,Electronics,South,Pune,4,48000,7356.75
ORD00031,18-03-2024,CUST1453,Rebecca Henderson,Printer,Office Supplies,North,Delhi,4,36000,4408.89
ORD00032,30-08-2024,CUST1170,James Ferrell,Laptop,Electronics,West,Hyderabad,2,100000,22604.76
ORD00033,01-03-2024,CUST1168,Tricia Valencia,Printer,Office Supplies,West,Delhi,4,36000,4387.64
ORD00034,10-04-2025,CUST1292,Nathan Maldonado,Notebook,Office Supplies,West,Hyderabad,5,500,188.39
ORD00035,29-02-2024,CUST1593,Debra Davidson,Keyboard,Electronics,North,Chennai,4,4800,842.9
ORD00036,29-05-2025,CUST1941,Jeffrey Chavez,Laptop,Electronics,South,Delhi,1,50000,9454.56
ORD00037,10-03-2024,CUST1691,Sherri Baker,Mouse,Electronics,South,Kolkata,3,1500,244.57
ORD00038,10-02-2024,CUST1634,Cassandra Gaines,Mouse,Electronics,North,Kolkata,4,2000,460.83
ORD00039,17-11-2024,CUST1244,Elizabeth Fowler,Desk,Furniture,East,Kolkata,5,75000,7403
ORD00040,15-03-2024,CUST1009,Brittany Farmer,Keyboard,Electronics,West,Mumbai,5,6000,1169.2
ORD00041,15-05-2024,CUST1955,Paula Moreno,Mouse,Electronics,East,Mumbai,4,2000,441.55
ORD00042,24-03-2025,CUST1853,Fred Smith,Monitor,Electronics,East,Delhi,6,72000,9406.72
ORD00043,17-05-2024,CUST1270,Sherry Decker,Chair,Furniture,North,Mumbai,2,14000,4421.75
ORD00044,03-08-2024,CUST1734,Anthony Humphrey,Keyboard,Electronics,East,Ahmedabad,5,6000,1042.86
ORD00045,22-02-2024,CUST1094,Angelica Tucker,Chair,Furniture,West,Pune,8,56000,11909.42
ORD00046,13-05-2024,CUST1652,Philip Cannon,Laptop,Electronics,East,Bengaluru,1,50000,8101.21
ORD00047,24-04-2024,CUST1077,John Pierce,Printer,Office Supplies,South,Delhi,7,63000,6530.23
ORD00048,12-02-2024,CUST1315,Shane Henderson,Desk,Furniture,East,Delhi,3,45000,5172.51
ORD00049,13-11-2025,CUST1105,Joshua Blair,Desk,Furniture,East,Kolkata,4,60000,7986.53
ORD00050,30-06-2024,CUST1902,Eric Carney,Keyboard,Electronics,West,Delhi,4,4800,1170.01
ORD00051,25-02-2025,CUST1821,Jessica Holmes,Keyboard,Electronics,South,Pune,6,7200,1683.98
ORD00052,09-02-2024,CUST1879,Danny Morgan,Keyboard,Electronics,West,Ahmedabad,2,2400,446.17
ORD00053,21-08-2024,CUST1228,Crystal Robinson,Monitor,Electronics,North,Ahmedabad,8,96000,13101.05
ORD00054,12-03-2024,CUST1990,Mark Perez,Notebook,Office Supplies,East,Chennai,6,600,156.09
ORD00055,28-04-2024,CUST1898,Shannon Jones,Notebook,Office Supplies,East,Bengaluru,6,600,227.44
ORD00056,20-03-2025,CUST1353,Michael Lewis,Chair,Furniture,East,Kolkata,1,7000,1338.82
ORD00057,13-07-2024,CUST1260,Timothy Duncan,Mouse,Electronics,North,Kolkata,7,3500,954.57
ORD00058,12-03-2024,CUST1971,Richard Aguirre,Laptop,Electronics,East,Chennai,4,200000,33067.18
ORD00059,13-11-2025,CUST1418,Brent Jordan,Mouse,Electronics,East,Kolkata,5,2500,552.35
ORD00060,11-11-2025,CUST1962,John Daniel,Chair,Furniture,West,Bengaluru,3,21000,4279.3
ORD00061,01-01-2024,CUST1311,Victoria Garcia,Chair,Furniture,East,Ahmedabad,7,49000,12602.34
ORD00062,28-03-2025,CUST1691,Gerald Hensley,Notebook,Office Supplies,South,Hyderabad,6,600,176.22
ORD00063,10-11-2025,CUST1648,Connor West,Keyboard,Electronics,East,Mumbai,2,2400,417.73
ORD00064,22-07-2024,CUST1150,Donald Wright,Monitor,Electronics,North,Delhi,5,60000,7513.06
ORD00065,15-03-2024,CUST1466,Jessica Callahan,Monitor,Electronics,West,Ahmedabad,8,96000,15361.41
ORD00066,31-05-2024,CUST1671,Amber Kidd,Notebook,Office Supplies,North,Mumbai,8,800,225.55
ORD00067,13-12-2025,CUST1530,Tracy House,Notebook,Office Supplies,West,Delhi,4,400,96.66
ORD00068,20-04-2025,CUST1683,Carol Tucker,Monitor,Electronics,East,Hyderabad,2,24000,3505.96
ORD00069,01-05-2025,CUST1460,James Brown,Notebook,Office Supplies,East,Ahmedabad,8,800,297.2
ORD00070,08-10-2024,CUST1450,William Baker,Chair,Furniture,North,Pune,8,56000,15064.69
ORD00071,07-07-2025,CUST1082,Jordan Henderson,Monitor,Electronics,South,Bengaluru,5,60000,8113.58
ORD00072,24-12-2025,CUST1219,Whitney Peters,Monitor,Electronics,North,Kolkata,7,84000,14066.26
ORD00073,01-03-2025,CUST1063,Brittney Phillips,Notebook,Office Supplies,South,Kolkata,6,600,184.6
ORD00074,12-08-2025,CUST1389,Lauren Daniels,Notebook,Office Supplies,West,Delhi,1,100,36.42
ORD00075,05-03-2025,CUST1551,Amy Silva,Desk,Furniture,South,Hyderabad,5,75000,10368.77
ORD00076,30-01-2024,CUST1398,Sarah Moore,Monitor,Electronics,East,Kolkata,5,60000,8653.51
ORD00077,29-09-2025,CUST1546,Angela Lopez,Keyboard,Electronics,North,Kolkata,8,9600,2403.31
ORD00078,18-05-2024,CUST1887,Megan Young,Laptop,Electronics,West,Bengaluru,2,100000,19541.7
ORD00079,04-08-2024,CUST1465,Steve Sanchez,Laptop,Electronics,East,Chennai,5,250000,41735.8
ORD00080,07-03-2025,CUST1258,Lisa Barnes,Notebook,Office Supplies,North,Hyderabad,5,500,172.68
ORD00081,24-12-2024,CUST1229,Kelly Donovan,Laptop,Electronics,North,Delhi,1,50000,11699.5
ORD00082,21-01-2024,CUST1636,Mike Allen,Laptop,Electronics,South,Ahmedabad,4,200000,29506.19
ORD00083,31-07-2025,CUST1970,Michael Evans,Keyboard,Electronics,South,Hyderabad,8,9600,2115.22
ORD00084,13-09-2025,CUST1986,Paul Jones,Chair,Furniture,North,Bengaluru,6,42000,8407.07
ORD00085,15-11-2024,CUST1589,Zachary Ferrell,Chair,Furniture,West,Kolkata,2,14000,3665.24
ORD00086,04-10-2025,CUST1248,Daniel Baker,Monitor,Electronics,North,Pune,2,24000,3798.93
ORD00087,14-03-2025,CUST1677,Shirley Suarez,Mouse,Electronics,East,Mumbai,1,500,99.92
ORD00088,16-05-2025,CUST1108,Christopher Bass,Desk,Furniture,West,Chennai,1,15000,2177.54
ORD00089,18-06-2025,CUST1988,Lisa Archer,Printer,Office Supplies,East,Hyderabad,3,27000,2595.49
ORD00090,29-08-2025,CUST1274,Aimee Montoya,Printer,Office Supplies,East,Ahmedabad,7,63000,7531.28
ORD00091,06-09-2024,CUST1768,Matthew Mcmillan,Mouse,Electronics,West,Kolkata,5,2500,675.94
ORD00092,28-11-2024,CUST1186,Brian Rodriguez,Desk,Furniture,West,Ahmedabad,1,15000,1793.85
ORD00093,02-09-2025,CUST1718,Denise Jacobs,Desk,Furniture,East,Delhi,5,75000,8137.83
ORD00094,20-02-2025,CUST1500,Christina Walters,Monitor,Electronics,South,Hyderabad,2,24000,3041.33
ORD00095,05-04-2024,CUST1301,John Whitehead,Printer,Office Supplies,South,Kolkata,8,72000,8465.47
ORD00096,12-01-2025,CUST1484,Anna Henderson,Monitor,Electronics,East,Kolkata,5,60000,9885.38
ORD00097,04-10-2024,CUST1313,Aaron Wise,Desk,Furniture,East,Ahmedabad,6,90000,12114.5
ORD00098,02-07-2025,CUST1973,Deborah Figueroa,Mouse,Electronics,South,Ahmedabad,4,2000,391.3
ORD00099,26-08-2025,CUST1778,Jessica Smith,Monitor,Electronics,East,Mumbai,8,96000,12468.96
ORD00100,02-07-2024,CUST1309,Stephen Mckee,Monitor,Electronics,North,Bengaluru,5,60000,7528.41
ORD00101,20-07-2025,CUST1299,Sandra Aguilar,Chair,Furniture,South,Hyderabad,1,7000,2248.01
ORD00102,25-04-2025,CUST1490,Cameron Parker,Mouse,Electronics,West,Chennai,1,500,114.89
ORD00103,04-05-2025,CUST1116,Rebecca Valencia,Keyboard,Electronics,North,Kolkata,1,1200,204.36
ORD00104,03-12-2025,CUST1054,Christine Wright,Printer,Office Supplies,South,Bengaluru,2,18000,1883.18
ORD00105,01-05-2024,CUST1571,Richard Henson,Chair,Furniture,West,Ahmedabad,2,14000,4537.23
ORD00106,31-10-2024,CUST1880,Marc Moore,Notebook,Office Supplies,West,Pune,8,800,298.82
ORD00107,31-07-2024,CUST1640,Sharon Cherry,Laptop,Electronics,South,Pune,2,100000,22833.97
ORD00108,19-07-2025,CUST1076,Sierra Johnson,Mouse,Electronics,South,Delhi,3,1500,278.49
ORD00109,26-04-2025,CUST1298,Evelyn Galvan,Notebook,Office Supplies,North,Ahmedabad,8,800,267.27
ORD00110,09-04-2025,CUST1072,Sharon Cochran,Chair,Furniture,South,Pune,5,35000,9815.68
ORD00111,18-08-2024,CUST1663,Richard Rodriguez,Monitor,Electronics,South,Pune,7,84000,9687.71
ORD00112,10-11-2024,CUST1609,Shannon Walker,Keyboard,Electronics,East,Hyderabad,2,2400,353.18
ORD00113,17-12-2025,CUST1412,Julia Torres,Mouse,Electronics,East,Hyderabad,8,4000,979.62
ORD00114,18-03-2025,CUST1752,Crystal Johnson,Printer,Office Supplies,East,Pune,2,18000,1905.88
ORD00115,21-11-2025,CUST1856,Garrett Lin,Laptop,Electronics,North,Pune,2,100000,15072.38
ORD00116,29-10-2025,CUST1452,Diana May,Laptop,Electronics,East,Bengaluru,3,150000,26522.11
ORD00117,26-04-2025,CUST1356,William Herrera,Notebook,Office Supplies,West,Chennai,8,800,307.54
ORD00118,03-12-2024,CUST1421,Ashley Waller,Desk,Furniture,West,Pune,2,30000,4372.7
ORD00119,18-11-2024,CUST1258,Victor Baker,Notebook,Office Supplies,East,Mumbai,1,100,29.19
ORD00120,09-07-2025,CUST1473,Jeffrey Chandler,Notebook,Office Supplies,West,Delhi,1,100,32.84
ORD00121,25-05-2025,CUST1640,Larry Dixon,Monitor,Electronics,West,Delhi,6,72000,11594.67
ORD00122,21-10-2024,CUST1448,Kenneth Scott,Monitor,Electronics,West,Mumbai,5,60000,9265.79
ORD00123,14-11-2024,CUST1564,April Frost,Laptop,Electronics,North,Kolkata,4,200000,40531.31
ORD00124,26-04-2024,CUST1472,Michelle Harmon,Mouse,Electronics,North,Bengaluru,4,2000,569.96
ORD00125,06-10-2024,CUST1425,Helen Jones,Printer,Office Supplies,West,Hyderabad,5,45000,4523.95
ORD00126,27-01-2025,CUST1195,Erin Edwards,Monitor,Electronics,South,Mumbai,8,96000,14842.93
ORD00127,03-06-2025,CUST1273,Michelle Evans,Chair,Furniture,North,Pune,7,49000,11073.08
ORD00128,02-04-2025,CUST1551,Jason Powell,Chair,Furniture,West,Chennai,8,56000,17068.19
ORD00129,25-11-2024,CUST1890,Cameron Fisher,Desk,Furniture,South,Ahmedabad,7,105000,12262.41
ORD00130,24-02-2025,CUST1044,Megan Orr,Notebook,Office Supplies,East,Hyderabad,4,400,145.63
ORD00131,29-10-2025,CUST1155,Elizabeth Kelley,Notebook,Office Supplies,West,Delhi,7,700,271.54
ORD00132,26-03-2025,CUST1102,Dustin Jordan,Keyboard,Electronics,West,Delhi,6,7200,1759.42
ORD00133,07-06-2024,CUST1076,Mary Marshall,Keyboard,Electronics,West,Pune,7,8400,2053.9
ORD00134,02-12-2024,CUST1872,Daniel Kennedy,Desk,Furniture,West,Chennai,7,105000,13732.77
ORD00135,28-08-2024,CUST1646,Rebecca Jackson,Printer,Office Supplies,East,Ahmedabad,1,9000,963.43
ORD00136,10-10-2025,CUST1720,Jose Schultz,Mouse,Electronics,North,Hyderabad,7,3500,990.99
ORD00137,17-02-2024,CUST1332,Robert Potter,Keyboard,Electronics,North,Pune,5,6000,1490.47
ORD00138,07-09-2024,CUST1543,Courtney Gonzalez,Desk,Furniture,West,Bengaluru,6,90000,10350.85
ORD00139,26-01-2025,CUST1634,David Alvarez,Keyboard,Electronics,South,Hyderabad,3,3600,538.11
ORD00140,17-09-2024,CUST1470,Angel Perry,Keyboard,Electronics,East,Delhi,4,4800,937.62
ORD00141,10-06-2024,CUST1075,Cheyenne Horton,Printer,Office Supplies,West,Chennai,5,45000,4979.55
ORD00142,12-04-2025,CUST1865,David Douglas Jr.,Chair,Furniture,East,Ahmedabad,7,49000,13648.8
ORD00143,25-01-2025,CUST1585,Patricia Rodriguez,Notebook,Office Supplies,East,Pune,8,800,183.36
ORD00144,05-11-2025,CUST1405,Christopher Rubio,Chair,Furniture,East,Delhi,1,7000,2251.84
ORD00145,20-10-2024,CUST1794,Amber Wright,Laptop,Electronics,South,Chennai,8,400000,86378.64
ORD00146,25-11-2025,CUST1773,Joyce Solis,Monitor,Electronics,South,Mumbai,4,48000,7722.25
ORD00147,04-02-2024,CUST1593,Victoria Larson,Laptop,Electronics,East,Bengaluru,5,250000,52792.48
ORD00148,01-03-2025,CUST1179,Stephanie Salazar,Mouse,Electronics,South,Bengaluru,5,2500,492.82
ORD00149,20-09-2024,CUST1935,Kathy Rivas,Desk,Furniture,West,Pune,5,75000,10784.55
ORD00150,18-03-2024,CUST1144,Stephanie Manning,Desk,Furniture,South,Kolkata,2,30000,3531.6
ORD00151,15-01-2024,CUST1270,David Wright,Desk,Furniture,North,Hyderabad,2,30000,4227.87
ORD00152,15-10-2025,CUST1962,Pamela Boyd,Desk,Furniture,East,Mumbai,5,75000,9456.62
ORD00153,28-07-2025,CUST1335,Denise Jones,Monitor,Electronics,South,Mumbai,8,96000,10296.21
ORD00154,29-04-2024,CUST1143,Devon Flores,Printer,Office Supplies,North,Delhi,5,45000,4902.95
ORD00155,28-08-2024,CUST1908,Brenda Hall,Chair,Furniture,South,Kolkata,8,56000,10775.41
ORD00156,14-12-2025,CUST1968,Michelle Brown,Printer,Office Supplies,West,Bengaluru,6,54000,5952.38
ORD00157,22-09-2025,CUST1417,Joshua Perry,Notebook,Office Supplies,East,Delhi,2,200,72.01
ORD00158,29-08-2024,CUST1875,Jason Stein,Desk,Furniture,East,Mumbai,4,60000,6955.41
ORD00159,09-10-2024,CUST1194,Melissa Gates,Desk,Furniture,North,Hyderabad,6,90000,7952.36
ORD00160,03-09-2025,CUST1994,Jamie Smith,Mouse,Electronics,North,Delhi,4,2000,477.41
ORD00161,01-08-2025,CUST1210,Paul Castaneda,Desk,Furniture,North,Ahmedabad,4,60000,9311.71
ORD00162,31-05-2024,CUST1807,Jennifer Adkins,Monitor,Electronics,North,Pune,4,48000,6459.38
ORD00163,27-06-2024,CUST1112,Lindsey Walker,Keyboard,Electronics,North,Bengaluru,3,3600,737.37
ORD00164,31-08-2024,CUST1602,Jeffrey Johnson,Laptop,Electronics,East,Delhi,6,300000,63395.5
ORD00165,07-03-2025,CUST1538,Michael Powell,Keyboard,Electronics,North,Mumbai,5,6000,877.73
ORD00166,09-06-2025,CUST1607,John Anderson,Printer,Office Supplies,North,Hyderabad,8,72000,8401.03
ORD00167,05-11-2025,CUST1533,Alyssa Long,Monitor,Electronics,East,Hyderabad,1,12000,2045.42
ORD00168,15-02-2025,CUST1436,Alyssa Day,Laptop,Electronics,North,Hyderabad,1,50000,11692.37
ORD00169,25-11-2024,CUST1622,Joel Williams,Printer,Office Supplies,South,Mumbai,2,18000,2231.21
ORD00170,22-08-2025,CUST1561,Daniel Murphy,Keyboard,Electronics,East,Kolkata,5,6000,1289.51
ORD00171,16-03-2025,CUST1101,Jamie Walton,Chair,Furniture,North,Ahmedabad,8,56000,14046.63
ORD00172,27-02-2025,CUST1347,Darlene Miller,Notebook,Office Supplies,West,Kolkata,8,800,295.89
ORD00173,16-11-2024,CUST1681,Joshua Cooke,Notebook,Office Supplies,East,Chennai,2,200,53.25
ORD00174,28-03-2024,CUST1095,Matthew Harrington,Keyboard,Electronics,West,Mumbai,8,9600,1421.34
ORD00175,23-08-2025,CUST1979,Nicole Herring,Desk,Furniture,East,Mumbai,3,45000,5582.64
ORD00176,09-03-2025,CUST1888,Alex Hernandez,Notebook,Office Supplies,North,Pune,6,600,220.35
ORD00177,03-06-2025,CUST1217,Michael Elliott,Chair,Furniture,South,Hyderabad,6,42000,8002.68
ORD00178,23-07-2025,CUST1376,Michael Wang,Monitor,Electronics,North,Pune,2,24000,3276.25
ORD00179,28-09-2025,CUST1628,Lawrence Adkins,Monitor,Electronics,North,Pune,7,84000,15209.37
ORD00180,12-11-2024,CUST1943,Robert Oconnell,Laptop,Electronics,East,Chennai,3,150000,23326.98
ORD00181,02-08-2025,CUST1673,Alexander Collins,Laptop,Electronics,West,Mumbai,3,150000,32991.78
ORD00182,27-06-2025,CUST1220,Tina Sanders,Keyboard,Electronics,West,Kolkata,1,1200,181.21
ORD00183,15-11-2024,CUST1738,Angela Vaughn,Printer,Office Supplies,East,Mumbai,6,54000,4290.01
ORD00184,24-09-2025,CUST1050,Ashley Barton,Laptop,Electronics,North,Pune,3,150000,21450.04
ORD00185,28-03-2025,CUST1424,Lindsay Martinez,Printer,Office Supplies,East,Ahmedabad,7,63000,6245.8
ORD00186,17-10-2024,CUST1694,Dr. Hannah Patterson,Mouse,Electronics,West,Pune,6,3000,632.25
ORD00187,05-09-2025,CUST1056,Jonathan Peterson,Laptop,Electronics,North,Ahmedabad,4,200000,33737.69
ORD00188,18-09-2024,CUST1296,Samantha Garcia,Chair,Furniture,East,Mumbai,4,28000,8122.87
ORD00189,28-06-2024,CUST1132,Madison Poole,Laptop,Electronics,West,Ahmedabad,8,400000,82671.01
ORD00190,13-02-2024,CUST1446,Jessica Gross,Desk,Furniture,North,Hyderabad,2,30000,3377.67
ORD00191,10-08-2025,CUST1414,Debra Morton,Mouse,Electronics,West,Pune,6,3000,690
ORD00192,28-11-2024,CUST1175,Karen Graham,Mouse,Electronics,West,Chennai,7,3500,548.64
ORD00193,06-09-2024,CUST1446,Debra Christian,Mouse,Electronics,West,Mumbai,7,3500,929.15
ORD00194,14-08-2024,CUST1341,Angelica Keith,Notebook,Office Supplies,South,Mumbai,5,500,172.12
ORD00195,23-12-2024,CUST1359,John Bishop,Mouse,Electronics,South,Ahmedabad,4,2000,547.16
ORD00196,26-06-2024,CUST1616,Allen Rosales,Mouse,Electronics,South,Mumbai,3,1500,281.68
ORD00197,31-07-2025,CUST1778,Daniel Salinas,Keyboard,Electronics,West,Chennai,8,9600,1878.47
ORD00198,25-04-2025,CUST1452,Spencer Haynes,Desk,Furniture,East,Pune,3,45000,5204.83
ORD00199,13-11-2024,CUST1472,Adam Vaughan,Laptop,Electronics,West,Delhi,6,300000,54237.72
ORD00200,19-03-2024,CUST1660,Nathan Freeman,Laptop,Electronics,North,Kolkata,6,300000,64746.97
ORD00201,08-08-2025,CUST1667,Melissa Brewer,Printer,Office Supplies,South,Chennai,1,9000,872.86
ORD00202,06-04-2025,CUST1105,Ricky Davis II,Printer,Office Supplies,East,Mumbai,3,27000,3441.51
ORD00203,24-03-2025,CUST1449,Elizabeth Perkins,Keyboard,Electronics,South,Chennai,1,1200,203.68
ORD00204,12-12-2024,CUST1695,Joseph Coleman,Desk,Furniture,North,Chennai,5,75000,8392.05
ORD00205,25-11-2025,CUST1395,Erin Warner,Mouse,Electronics,East,Pune,6,3000,499.42
ORD00206,10-11-2025,CUST1144,David Martinez,Keyboard,Electronics,East,Pune,6,7200,1078.42
ORD00207,27-03-2024,CUST1317,Bryan Herrera,Notebook,Office Supplies,West,Chennai,3,300,95.13
ORD00208,09-03-2025,CUST1520,Cathy Robinson,Keyboard,Electronics,East,Delhi,2,2400,522.06
ORD00209,07-08-2024,CUST1349,Dr. William Warren,Desk,Furniture,West,Ahmedabad,5,75000,7273.42
ORD00210,29-10-2024,CUST1864,Brian Lee,Monitor,Electronics,North,Delhi,3,36000,4282.02
ORD00211,06-06-2024,CUST1166,Christopher Smith,Desk,Furniture,South,Bengaluru,3,45000,5715.08
ORD00212,23-11-2025,CUST1736,Denise Mccann,Printer,Office Supplies,South,Hyderabad,1,9000,851.86
ORD00213,01-09-2024,CUST1316,Melissa Martinez,Chair,Furniture,West,Ahmedabad,8,56000,11765.62
ORD00214,15-10-2024,CUST1796,Katherine Salas,Desk,Furniture,West,Kolkata,8,120000,14068.92
ORD00215,21-05-2024,CUST1893,Julie Alexander,Keyboard,Electronics,East,Delhi,4,4800,1133.53
ORD00216,15-04-2024,CUST1728,Anthony Everett,Printer,Office Supplies,North,Pune,6,54000,5576.71
ORD00217,09-06-2025,CUST1150,Rodney Morales,Mouse,Electronics,West,Mumbai,3,1500,285.01
ORD00218,28-01-2024,CUST1424,Mark Brown,Monitor,Electronics,North,Kolkata,8,96000,17723.2
ORD00219,24-03-2024,CUST1383,Justin Torres,Desk,Furniture,South,Delhi,4,60000,6708.24
ORD00220,27-10-2025,CUST1343,Bailey Duran DDS,Desk,Furniture,South,Bengaluru,2,30000,4332.62
ORD00221,28-04-2025,CUST1712,Courtney Mills,Laptop,Electronics,South,Hyderabad,5,250000,56269.7
ORD00222,20-01-2024,CUST1262,Jeremy Dalton,Printer,Office Supplies,South,Bengaluru,1,9000,1119.16
ORD00223,31-08-2024,CUST1308,Elizabeth Oliver DDS,Notebook,Office Supplies,North,Delhi,2,200,69.94
ORD00224,29-09-2025,CUST1468,Theresa Clark,Monitor,Electronics,North,Mumbai,7,84000,13650.48
ORD00225,11-08-2025,CUST1247,Matthew Moore,Printer,Office Supplies,South,Pune,1,9000,971.26
ORD00226,03-09-2024,CUST1584,Benjamin Smith,Notebook,Office Supplies,West,Bengaluru,1,100,32.07
ORD00227,22-06-2025,CUST1557,Kirk Carter,Mouse,Electronics,North,Kolkata,6,3000,488.8
ORD00228,17-01-2025,CUST1259,Michael Warner,Printer,Office Supplies,North,Chennai,1,9000,973.26
ORD00229,03-11-2025,CUST1643,Michael Bradshaw,Mouse,Electronics,North,Chennai,6,3000,557.49
ORD00230,12-12-2024,CUST1833,Lori Guerrero,Keyboard,Electronics,South,Hyderabad,1,1200,218.73
ORD00231,05-03-2024,CUST1733,Jessica Stephens,Printer,Office Supplies,West,Delhi,3,27000,3204.63
ORD00232,23-07-2024,CUST1907,Susan Serrano,Chair,Furniture,North,Chennai,4,28000,5083.99
ORD00233,10-07-2025,CUST1484,Christopher Parker,Chair,Furniture,East,Delhi,7,49000,15845.05
ORD00234,18-02-2024,CUST1886,Laura Roberts,Monitor,Electronics,East,Pune,5,60000,8227.66
ORD00235,13-02-2025,CUST1761,Michael Lyons,Mouse,Electronics,West,Kolkata,6,3000,635.03
ORD00236,24-05-2025,CUST1376,Kathryn Snyder,Desk,Furniture,East,Mumbai,3,45000,5387.7
ORD00237,03-07-2024,CUST1558,Andrew Reynolds,Notebook,Office Supplies,East,Chennai,2,200,57.5
ORD00238,29-10-2024,CUST1313,David Davis,Mouse,Electronics,West,Kolkata,2,1000,197.29
ORD00239,13-02-2024,CUST1744,Sara Johnston,Keyboard,Electronics,East,Kolkata,8,9600,1748.98
ORD00240,14-10-2025,CUST1415,Yvonne Chambers,Chair,Furniture,East,Bengaluru,1,7000,1303.79
ORD00241,25-11-2025,CUST1800,Andrew Avila,Laptop,Electronics,West,Delhi,3,150000,32648.44
ORD00242,22-10-2025,CUST1375,Matthew Moon,Keyboard,Electronics,East,Kolkata,2,2400,403.97
ORD00243,14-01-2025,CUST1380,Kevin Walters,Laptop,Electronics,West,Mumbai,3,150000,29900.81
ORD00244,27-10-2025,CUST1285,Brandon Bailey MD,Keyboard,Electronics,South,Mumbai,6,7200,1351.9
ORD00245,31-01-2025,CUST1935,Shannon Rivera,Laptop,Electronics,North,Pune,3,150000,26984.51
ORD00246,18-09-2025,CUST1292,Donna Landry,Chair,Furniture,West,Ahmedabad,8,56000,11602.39
ORD00247,07-04-2025,CUST1176,Krista Gibson,Mouse,Electronics,West,Mumbai,3,1500,399.86
ORD00248,17-07-2025,CUST1555,Frank Cordova,Desk,Furniture,East,Pune,6,90000,12157.82
ORD00249,04-06-2025,CUST1229,Jose Travis,Keyboard,Electronics,North,Ahmedabad,3,3600,846.88
ORD00250,27-01-2024,CUST1369,Kimberly Gutierrez,Keyboard,Electronics,East,Hyderabad,4,4800,1127.25
ORD00251,11-02-2025,CUST1734,Isaiah Avila,Keyboard,Electronics,West,Kolkata,2,2400,354.94
ORD00252,20-11-2024,CUST1657,Olivia Harris,Notebook,Office Supplies,North,Hyderabad,2,200,46.51
ORD00253,18-07-2025,CUST1655,Tanya Kim,Printer,Office Supplies,South,Bengaluru,6,54000,4195.8
ORD00254,14-06-2025,CUST1156,Barbara Dudley,Notebook,Office Supplies,East,Bengaluru,1,100,35.97
ORD00255,18-08-2024,CUST1354,Cynthia Moore,Keyboard,Electronics,East,Mumbai,6,7200,1815.61
ORD00256,18-07-2025,CUST1281,Kristen Davis,Chair,Furniture,South,Pune,4,28000,7567.24
ORD00257,17-08-2025,CUST1157,Susan Murray MD,Mouse,Electronics,South,Chennai,3,1500,348.18
ORD00258,18-10-2025,CUST1789,Kathleen Moran,Laptop,Electronics,East,Ahmedabad,1,50000,6738.6
ORD00259,04-10-2025,CUST1558,Denise Davenport,Notebook,Office Supplies,East,Pune,1,100,29.96
ORD00260,02-12-2025,CUST1415,Mrs. Kristen Reyes,Printer,Office Supplies,East,Hyderabad,4,36000,4258.13
ORD00261,01-03-2025,CUST1495,Katie Suarez,Mouse,Electronics,West,Ahmedabad,1,500,87.43
ORD00262,22-11-2024,CUST1751,Desiree Tyler,Desk,Furniture,East,Kolkata,3,45000,4792.77
ORD00263,18-04-2024,CUST1326,Timothy Romero,Keyboard,Electronics,South,Hyderabad,6,7200,1452.94
ORD00264,24-05-2024,CUST1099,Diane Evans,Mouse,Electronics,North,Pune,5,2500,533.37
ORD00265,12-06-2024,CUST1833,Yvonne Burns,Notebook,Office Supplies,East,Chennai,7,700,178.28
ORD00266,11-06-2025,CUST1478,Joshua Reed,Monitor,Electronics,West,Pune,3,36000,5394.38
ORD00267,06-02-2025,CUST1517,Kimberly Gibson,Printer,Office Supplies,West,Ahmedabad,1,9000,678.63
ORD00268,15-10-2024,CUST1506,Colin Terry,Monitor,Electronics,West,Pune,6,72000,7875.3
ORD00269,27-09-2024,CUST1744,Cynthia Rowe,Laptop,Electronics,East,Kolkata,2,100000,17254.02
ORD00270,06-08-2025,CUST1575,Patrick Thornton,Desk,Furniture,South,Chennai,1,15000,1692.63
ORD00271,06-04-2025,CUST1782,Jasmin Alvarado,Chair,Furniture,East,Mumbai,2,14000,3261.33
ORD00272,13-12-2024,CUST1571,Veronica Simpson,Keyboard,Electronics,East,Bengaluru,2,2400,449.44
ORD00273,16-02-2024,CUST1039,Jonathan Lawrence,Monitor,Electronics,South,Chennai,7,84000,12600.59
ORD00274,11-06-2025,CUST1143,Shelly Alexander,Printer,Office Supplies,East,Chennai,8,72000,5683.42
ORD00275,02-11-2024,CUST1607,Joyce Bowen,Keyboard,Electronics,East,Hyderabad,7,8400,2174.54
ORD00276,12-01-2025,CUST1339,Matthew Moore,Chair,Furniture,North,Kolkata,8,56000,16652.29
ORD00277,28-09-2024,CUST1990,Wayne Morgan,Chair,Furniture,South,Delhi,1,7000,1851.76
ORD00278,26-09-2025,CUST1793,Marie Christian,Printer,Office Supplies,West,Bengaluru,3,27000,2739.26
ORD00279,18-12-2025,CUST1112,Shannon James,Monitor,Electronics,South,Delhi,1,12000,1878.38
ORD00280,26-02-2025,CUST1707,Nathan Malone,Printer,Office Supplies,South,Kolkata,6,54000,5136.85
ORD00281,15-06-2025,CUST1212,Amanda Jones,Printer,Office Supplies,East,Hyderabad,1,9000,1011.12
ORD00282,15-04-2025,CUST1934,Tammie Bright,Notebook,Office Supplies,East,Chennai,6,600,229.32
ORD00283,09-09-2024,CUST1285,Jessica Garcia,Chair,Furniture,East,Ahmedabad,8,56000,11415.02
ORD00284,07-12-2025,CUST1721,Shelia Wallace,Chair,Furniture,West,Chennai,5,35000,9825.73
ORD00285,07-10-2024,CUST1294,Stephanie Williams,Printer,Office Supplies,North,Kolkata,6,54000,5595.98
ORD00286,29-05-2024,CUST1297,Elaine Brooks,Notebook,Office Supplies,North,Pune,6,600,229.1
ORD00287,02-11-2025,CUST1262,Joseph Knight,Mouse,Electronics,West,Ahmedabad,6,3000,827.91
ORD00288,13-12-2025,CUST1278,Carolyn Miller,Monitor,Electronics,South,Mumbai,5,60000,11338.33
ORD00289,27-06-2025,CUST1231,Lisa Allen,Monitor,Electronics,South,Delhi,4,48000,5259.31
ORD00290,28-04-2025,CUST1102,Briana Murray,Mouse,Electronics,South,Delhi,7,3500,691.6
ORD00291,02-05-2025,CUST1488,David Smith,Keyboard,Electronics,South,Pune,7,8400,1834.12
ORD00292,01-04-2024,CUST1667,Stephanie Byrd,Desk,Furniture,South,Delhi,5,75000,9787.85
ORD00293,29-06-2024,CUST1956,Jeremy Reed,Keyboard,Electronics,North,Kolkata,7,8400,2065.3
ORD00294,23-10-2024,CUST1897,Margaret Coleman,Printer,Office Supplies,North,Delhi,3,27000,3407.31
ORD00295,09-12-2024,CUST1291,Ryan Gonzalez,Chair,Furniture,West,Hyderabad,2,14000,4399.76
ORD00296,25-04-2024,CUST1338,John Young,Keyboard,Electronics,South,Hyderabad,8,9600,1658.31
ORD00297,11-12-2024,CUST1809,Laura Haney,Chair,Furniture,East,Ahmedabad,3,21000,3719.37
ORD00298,11-06-2025,CUST1335,William Barrett,Keyboard,Electronics,North,Kolkata,7,8400,2009.61
ORD00299,03-05-2025,CUST1331,Keith Jennings,Mouse,Electronics,South,Delhi,3,1500,425.37
ORD00300,30-09-2024,CUST1976,Amber Obrien,Chair,Furniture,East,Pune,7,49000,10306.08
ORD00301,10-12-2025,CUST1241,Tanner Mitchell DDS,Laptop,Electronics,North,Mumbai,5,250000,49149.45
ORD00302,03-12-2025,CUST1514,Heather Fields,Printer,Office Supplies,East,Mumbai,5,45000,3581.24
ORD00303,12-08-2024,CUST1980,Megan Le,Chair,Furniture,South,Hyderabad,6,42000,11222.14
ORD00304,12-09-2025,CUST1382,Sara Fuller,Keyboard,Electronics,West,Hyderabad,8,9600,2205.39
ORD00305,02-09-2025,CUST1894,Maria Parker,Monitor,Electronics,North,Hyderabad,4,48000,7979.08
ORD00306,24-04-2024,CUST1063,Kevin Oconnor,Desk,Furniture,South,Bengaluru,2,30000,4501.25
ORD00307,28-03-2025,CUST1119,Edward Burgess,Keyboard,Electronics,South,Hyderabad,6,7200,1746.28
ORD00308,09-04-2025,CUST1135,Carlos Ryan,Mouse,Electronics,West,Hyderabad,8,4000,1042.99
ORD00309,11-11-2024,CUST1740,Kiara Mcintyre,Laptop,Electronics,North,Kolkata,8,400000,79463.57
ORD00310,15-08-2025,CUST1074,Dawn Summers,Chair,Furniture,North,Kolkata,1,7000,2008.09
ORD00311,02-03-2024,CUST1957,Dr. Paul Morgan,Desk,Furniture,North,Hyderabad,2,30000,3688.91
ORD00312,18-05-2024,CUST1784,Victor Taylor,Laptop,Electronics,West,Chennai,5,250000,42539.41
ORD00313,21-01-2025,CUST1384,Shannon Ramsey,Notebook,Office Supplies,North,Bengaluru,8,800,293.23
ORD00314,04-07-2025,CUST1402,Tracy Ballard,Desk,Furniture,South,Ahmedabad,2,30000,2905.5
ORD00315,19-04-2025,CUST1689,Richard Smith,Laptop,Electronics,West,Kolkata,1,50000,11583.85
ORD00316,07-06-2024,CUST1282,Jordan Chambers,Monitor,Electronics,South,Mumbai,4,48000,7029.9
ORD00317,17-01-2024,CUST1246,Lauren Carson,Laptop,Electronics,South,Mumbai,7,350000,67344.1
ORD00318,19-11-2025,CUST1720,Ashley Hall,Mouse,Electronics,North,Ahmedabad,1,500,106.47
ORD00319,06-07-2025,CUST1222,Stephen Hoffman,Laptop,Electronics,North,Bengaluru,7,350000,60692.79
ORD00320,12-08-2025,CUST1326,Connie Brown,Chair,Furniture,East,Ahmedabad,4,28000,8326.3
ORD00321,17-06-2025,CUST1226,Susan Turner,Chair,Furniture,West,Pune,3,21000,6779.94
ORD00322,28-08-2025,CUST1900,Charles Shah,Chair,Furniture,South,Kolkata,1,7000,1809.55
ORD00323,20-10-2025,CUST1687,Johnathan Davis,Printer,Office Supplies,West,Chennai,1,9000,1155.04
ORD00324,20-01-2025,CUST1188,Brandy Chavez,Notebook,Office Supplies,West,Ahmedabad,7,700,165.8
ORD00325,27-05-2024,CUST1825,Natalie Bautista,Monitor,Electronics,West,Delhi,5,60000,10930.72
ORD00326,17-05-2024,CUST1397,Patrick Moore,Notebook,Office Supplies,South,Pune,7,700,217.22
ORD00327,05-04-2025,CUST1867,Brett Burns,Monitor,Electronics,East,Mumbai,6,72000,11750.65
ORD00328,20-11-2025,CUST1619,Trevor Johnson,Monitor,Electronics,North,Mumbai,1,12000,1549.94
ORD00329,06-12-2024,CUST1310,Jeremy Sampson,Monitor,Electronics,North,Ahmedabad,4,48000,7110.98
ORD00330,05-05-2025,CUST1936,Ariana Jennings,Monitor,Electronics,South,Ahmedabad,2,24000,4133.26
ORD00331,16-10-2024,CUST1389,Vanessa Howard,Notebook,Office Supplies,West,Chennai,4,400,123.75
ORD00332,24-05-2025,CUST1477,Colton Martinez,Chair,Furniture,North,Hyderabad,5,35000,8013.13
ORD00333,27-02-2025,CUST1046,Jordan Bates,Desk,Furniture,South,Bengaluru,4,60000,6641.45
ORD00334,21-08-2025,CUST1593,Linda Smith,Laptop,Electronics,West,Pune,5,250000,46439.41
ORD00335,23-01-2025,CUST1583,Dana Martinez,Keyboard,Electronics,South,Hyderabad,4,4800,862
ORD00336,15-05-2025,CUST1989,Andrea Hubbard,Desk,Furniture,West,Hyderabad,5,75000,10422.15
ORD00337,13-07-2025,CUST1500,Daniel Kane,Keyboard,Electronics,South,Delhi,6,7200,1154.25
ORD00338,15-11-2025,CUST1049,Charles Lester,Laptop,Electronics,North,Kolkata,2,100000,22808.03
ORD00339,03-06-2024,CUST1009,Scott Thomas,Keyboard,Electronics,South,Hyderabad,4,4800,711.15
ORD00340,13-11-2025,CUST1956,David Thompson,Desk,Furniture,West,Hyderabad,1,15000,1927.26
ORD00341,25-02-2025,CUST1012,Allison Smith,Laptop,Electronics,North,Pune,1,50000,9173.95
ORD00342,15-12-2025,CUST1690,Cynthia Morris,Chair,Furniture,West,Bengaluru,1,7000,1752.33
ORD00343,03-09-2024,CUST1196,Anthony Harmon,Mouse,Electronics,East,Chennai,2,1000,223.22
ORD00344,19-02-2025,CUST1470,Nichole Alvarez,Chair,Furniture,South,Ahmedabad,7,49000,9155.79
ORD00345,27-10-2025,CUST1777,Kayla Rodriguez,Chair,Furniture,North,Mumbai,2,14000,3822.85
ORD00346,02-05-2025,CUST1057,Theresa Williams,Notebook,Office Supplies,North,Bengaluru,7,700,194.52
ORD00347,22-10-2025,CUST1803,Sharon Boyd,Mouse,Electronics,East,Mumbai,8,4000,1062.33
ORD00348,09-12-2025,CUST1908,Victor Brown,Laptop,Electronics,West,Pune,4,200000,29766.61
ORD00349,14-10-2024,CUST1920,James Parks,Laptop,Electronics,North,Bengaluru,2,100000,19991.83
ORD00350,24-08-2025,CUST1147,Theodore Jones Jr.,Desk,Furniture,West,Mumbai,1,15000,2298.39
ORD00351,03-08-2025,CUST1854,Ana Hill,Chair,Furniture,West,Chennai,3,21000,5451.47
ORD00352,06-12-2025,CUST1741,Kimberly Nguyen,Notebook,Office Supplies,North,Chennai,3,300,105.69
ORD00353,18-03-2024,CUST1348,Kerry Chavez DDS,Laptop,Electronics,West,Chennai,2,100000,17320.55
ORD00354,06-04-2025,CUST1502,Michael Farrell,Laptop,Electronics,South,Chennai,5,250000,52655.8
ORD00355,22-08-2025,CUST1676,Patricia Le,Notebook,Office Supplies,West,Mumbai,7,700,170.4
ORD00356,25-03-2024,CUST1274,Jesse Perez,Chair,Furniture,South,Kolkata,4,28000,7895.06
ORD00357,19-04-2024,CUST1093,Jesse Perry,Keyboard,Electronics,North,Pune,7,8400,1495.21
ORD00358,14-04-2024,CUST1135,Jeffery Ortega,Printer,Office Supplies,North,Bengaluru,6,54000,6246.76
ORD00359,08-06-2025,CUST1417,Christian Leblanc,Notebook,Office Supplies,North,Delhi,8,800,248.21
ORD00360,03-09-2025,CUST1612,Ronald Davis,Mouse,Electronics,East,Kolkata,6,3000,681.47
ORD00361,27-03-2024,CUST1742,Parker Cain,Laptop,Electronics,South,Bengaluru,5,250000,42672.87
ORD00362,04-11-2024,CUST1274,Laurie Hoffman,Notebook,Office Supplies,West,Bengaluru,3,300,70.5
ORD00363,07-03-2025,CUST1306,Bryan Gomez,Mouse,Electronics,West,Mumbai,3,1500,317.07
ORD00364,02-10-2025,CUST1507,Nicole Parrish,Desk,Furniture,South,Hyderabad,5,75000,11398.8
ORD00365,09-02-2025,CUST1340,Tracy Burke,Mouse,Electronics,West,Chennai,3,1500,291.32
ORD00366,28-10-2025,CUST1997,Kenneth Lewis,Printer,Office Supplies,South,Pune,6,54000,5175.2
ORD00367,30-06-2024,CUST1987,Courtney Rodriguez,Desk,Furniture,West,Chennai,4,60000,7109.32
ORD00368,05-09-2024,CUST1333,Holly Farmer,Chair,Furniture,West,Pune,8,56000,17929.21
ORD00369,31-07-2025,CUST1204,Renee Bruce,Notebook,Office Supplies,South,Delhi,6,600,138.3
ORD00370,25-10-2024,CUST1851,Sabrina Austin,Printer,Office Supplies,North,Kolkata,4,36000,3467.06
ORD00371,04-09-2024,CUST1258,Allison Hickman,Printer,Office Supplies,South,Kolkata,3,27000,2916
ORD00372,04-09-2025,CUST1490,Debra White,Notebook,Office Supplies,West,Kolkata,2,200,58.17
ORD00373,03-07-2025,CUST1608,Ellen Morgan,Laptop,Electronics,North,Mumbai,6,300000,60532.95
ORD00374,19-09-2025,CUST1045,Sergio Knight,Monitor,Electronics,West,Chennai,6,72000,8637.87
ORD00375,21-09-2024,CUST1227,Charles Schultz,Notebook,Office Supplies,South,Hyderabad,2,200,42.38
ORD00376,26-11-2025,CUST1602,Paul Lewis,Desk,Furniture,South,Chennai,7,105000,12320.76
ORD00377,01-03-2025,CUST1942,Glen Wood,Laptop,Electronics,North,Mumbai,8,400000,54916.53
ORD00378,11-04-2025,CUST1803,Paula Bradley,Keyboard,Electronics,South,Hyderabad,6,7200,1277.47
ORD00379,14-12-2025,CUST1463,Anthony Moore,Desk,Furniture,East,Mumbai,8,120000,10923.46
ORD00380,27-04-2024,CUST1023,Megan Nelson,Chair,Furniture,East,Mumbai,1,7000,2075.7
ORD00381,19-07-2025,CUST1163,Karla Ramos,Keyboard,Electronics,East,Kolkata,4,4800,969.21
ORD00382,06-10-2025,CUST1188,Paul Wilson,Printer,Office Supplies,South,Kolkata,4,36000,4243.15
ORD00383,21-07-2024,CUST1460,Douglas Gregory,Notebook,Office Supplies,West,Kolkata,1,100,34.27
ORD00384,21-12-2025,CUST1828,Mr. Andrew Foster,Laptop,Electronics,North,Mumbai,4,200000,29644.94
ORD00385,13-04-2025,CUST1116,Aimee Turner,Keyboard,Electronics,East,Hyderabad,6,7200,1289.65
ORD00386,24-08-2025,CUST1116,Chad Scott,Desk,Furniture,East,Chennai,7,105000,13441.49
ORD00387,23-12-2025,CUST1819,Adam Burgess,Printer,Office Supplies,East,Mumbai,3,27000,3208.26
ORD00388,08-11-2024,CUST1119,James Padilla,Keyboard,Electronics,South,Chennai,6,7200,1109.83
ORD00389,21-05-2024,CUST1588,Sandra Drake,Keyboard,Electronics,West,Kolkata,7,8400,1597.59
ORD00390,11-12-2025,CUST1941,Scott Williams,Keyboard,Electronics,South,Bengaluru,8,9600,2076.1
ORD00391,18-11-2024,CUST1862,Thomas Atkins,Printer,Office Supplies,West,Delhi,5,45000,3528.8
ORD00392,18-07-2024,CUST1834,Laura Mckinney,Desk,Furniture,West,Hyderabad,1,15000,1783.38
ORD00393,30-03-2025,CUST1500,Brian Smith,Notebook,Office Supplies,South,Mumbai,8,800,227.85
ORD00394,08-10-2024,CUST1230,Robert Montgomery,Laptop,Electronics,East,Bengaluru,4,200000,31509.14
ORD00395,25-04-2024,CUST1586,Tamara Davis,Printer,Office Supplies,North,Pune,8,72000,7414.82
ORD00396,27-03-2025,CUST1559,Dana Chapman,Desk,Furniture,South,Kolkata,1,15000,2080.8
ORD00397,03-02-2024,CUST1460,Jennifer Collins,Mouse,Electronics,East,Chennai,4,2000,386.6
ORD00398,30-04-2024,CUST1794,Gary Jackson,Mouse,Electronics,South,Ahmedabad,8,4000,1072.87
ORD00399,22-05-2024,CUST1803,Ashley Hicks,Desk,Furniture,South,Ahmedabad,7,105000,10074.82
ORD00400,03-09-2025,CUST1551,Hannah Luna,Laptop,Electronics,South,Chennai,6,300000,55045.9
ORD00401,10-06-2025,CUST1921,Robin Young,Chair,Furniture,North,Bengaluru,5,35000,9131.86
ORD00402,02-11-2025,CUST1129,Craig Morrison,Notebook,Office Supplies,South,Ahmedabad,1,100,38.86
ORD00403,23-11-2025,CUST1402,Mary Thompson,Keyboard,Electronics,West,Bengaluru,6,7200,1723.81
ORD00404,18-03-2024,CUST1648,Kathleen Webster,Chair,Furniture,North,Kolkata,7,49000,11332.52
ORD00405,14-05-2025,CUST1335,Joann Glass,Chair,Furniture,North,Mumbai,6,42000,10214.58
ORD00406,01-07-2025,CUST1407,Madison Weber,Printer,Office Supplies,South,Kolkata,6,54000,6534.34
ORD00407,17-10-2024,CUST1345,Lori Hernandez,Monitor,Electronics,South,Hyderabad,8,96000,12400.16
ORD00408,03-10-2025,CUST1802,Jeremy Turner,Desk,Furniture,West,Delhi,1,15000,1309.62
ORD00409,01-01-2024,CUST1981,Anthony Romero,Mouse,Electronics,West,Ahmedabad,3,1500,318.37
ORD00410,07-10-2024,CUST1095,Jesse Brown,Keyboard,Electronics,East,Pune,5,6000,954.46
ORD00411,26-10-2025,CUST1169,Angela Lin,Mouse,Electronics,North,Kolkata,6,3000,725.15
ORD00412,03-04-2024,CUST1720,Lisa Hunter,Chair,Furniture,North,Delhi,4,28000,6702.77
ORD00413,30-08-2025,CUST1231,Julian Conner,Monitor,Electronics,West,Delhi,8,96000,10753.39
ORD00414,08-03-2025,CUST1710,Joanna Pacheco,Laptop,Electronics,South,Hyderabad,6,300000,64274.33
ORD00415,14-04-2024,CUST1105,Erica Alvarez,Mouse,Electronics,East,Chennai,4,2000,409.13
ORD00416,16-05-2024,CUST1656,Antonio Garcia,Chair,Furniture,South,Mumbai,3,21000,4880.57
ORD00417,06-08-2024,CUST1643,Gwendolyn Klein,Laptop,Electronics,South,Kolkata,3,150000,26029.61
ORD00418,12-04-2024,CUST1143,Carrie Wright,Printer,Office Supplies,North,Kolkata,4,36000,2707.25
ORD00419,23-05-2024,CUST1253,Jeffrey Mills,Desk,Furniture,East,Mumbai,7,105000,11197.65
ORD00420,08-12-2025,CUST1027,Jake Campbell,Monitor,Electronics,East,Ahmedabad,5,60000,10506.44
ORD00421,25-02-2024,CUST1802,George Harper,Monitor,Electronics,South,Hyderabad,7,84000,11054.3
ORD00422,15-10-2025,CUST1608,Maria Jones,Notebook,Office Supplies,North,Delhi,2,200,50.68
ORD00423,05-08-2025,CUST1430,Michael Mitchell,Desk,Furniture,East,Bengaluru,6,90000,8415.25
ORD00424,10-03-2024,CUST1014,Mary Escobar,Printer,Office Supplies,East,Ahmedabad,2,18000,1278.02
ORD00425,11-02-2025,CUST1518,Felicia Aguilar,Laptop,Electronics,East,Kolkata,1,50000,11422.87
ORD00426,03-07-2025,CUST1550,Gregory Ponce,Notebook,Office Supplies,South,Pune,7,700,157.39
ORD00427,27-07-2024,CUST1997,Jenna Larson,Mouse,Electronics,South,Chennai,5,2500,411.08
ORD00428,23-03-2025,CUST1747,Emily Bennett,Notebook,Office Supplies,South,Delhi,2,200,53.17
ORD00429,28-04-2024,CUST1464,Robin Santiago,Monitor,Electronics,North,Pune,2,24000,4517.2
ORD00430,20-05-2024,CUST1718,Nancy Jennings,Keyboard,Electronics,North,Bengaluru,2,2400,339.65
ORD00431,22-09-2024,CUST1170,Maria Henderson,Printer,Office Supplies,East,Bengaluru,6,54000,5474.54
ORD00432,31-01-2024,CUST1343,Jack White,Chair,Furniture,West,Pune,2,14000,4070
ORD00433,13-08-2025,CUST1642,Travis Tucker,Mouse,Electronics,North,Hyderabad,5,2500,620.07
ORD00434,03-08-2025,CUST1170,Chad Jones,Printer,Office Supplies,East,Bengaluru,6,54000,3959.62
ORD00435,21-11-2025,CUST1740,Ashley Wise,Chair,Furniture,North,Ahmedabad,2,14000,4327.96
ORD00436,13-01-2024,CUST1250,Sophia Johnson,Laptop,Electronics,North,Hyderabad,1,50000,10936.92
ORD00437,02-07-2024,CUST1953,Ralph Anderson,Desk,Furniture,North,Kolkata,7,105000,15776.91
ORD00438,23-11-2024,CUST1277,Christopher Guerra,Monitor,Electronics,North,Chennai,6,72000,9168.75
ORD00439,12-06-2025,CUST1047,Rhonda Martin,Mouse,Electronics,West,Mumbai,1,500,88.84
ORD00440,14-11-2024,CUST1335,Jason Rhodes,Printer,Office Supplies,North,Hyderabad,5,45000,5238.52
ORD00441,31-07-2025,CUST1803,Jeremy Mitchell,Laptop,Electronics,East,Ahmedabad,6,300000,44301.75
ORD00442,20-05-2025,CUST1791,Joann Ferguson,Printer,Office Supplies,South,Ahmedabad,6,54000,5697.08
ORD00443,25-01-2024,CUST1238,Robert Harrison,Keyboard,Electronics,East,Delhi,1,1200,302.27
ORD00444,20-01-2025,CUST1869,Holly Valentine,Desk,Furniture,East,Mumbai,1,15000,2079.64
ORD00445,02-03-2024,CUST1995,Mrs. Diane Reyes,Monitor,Electronics,South,Pune,4,48000,6853.6
ORD00446,16-06-2025,CUST1422,Tracy Montoya,Mouse,Electronics,East,Hyderabad,1,500,137.8
ORD00447,14-10-2025,CUST1839,Brenda Wright,Mouse,Electronics,West,Mumbai,2,1000,220.72
ORD00448,13-05-2024,CUST1242,Shelly Spencer,Laptop,Electronics,East,Pune,7,350000,69140.38
ORD00449,30-11-2024,CUST1325,Ryan Rosales,Desk,Furniture,West,Pune,7,105000,14117.49
ORD00450,19-05-2024,CUST1798,Phillip Nelson,Monitor,Electronics,North,Bengaluru,2,24000,4558.08
ORD00451,17-11-2024,CUST1416,Brittany Kim,Mouse,Electronics,North,Chennai,3,1500,320.01
ORD00452,28-09-2024,CUST1872,Courtney Hayes,Monitor,Electronics,North,Mumbai,8,96000,12743.78
ORD00453,14-12-2025,CUST1617,Alexander Brown,Keyboard,Electronics,North,Ahmedabad,5,6000,1435
ORD00454,11-09-2024,CUST1991,Cynthia Vang,Desk,Furniture,East,Kolkata,3,45000,4075.53
ORD00455,27-06-2024,CUST1031,Alfred Galvan,Laptop,Electronics,West,Hyderabad,5,250000,38524.5
ORD00456,23-05-2024,CUST1124,Marie Moody,Monitor,Electronics,North,Delhi,2,24000,3518.01
ORD00457,14-02-2025,CUST1381,Dustin Gallegos,Monitor,Electronics,North,Pune,3,36000,4421.95
ORD00458,21-07-2024,CUST1924,Brenda Thornton,Mouse,Electronics,West,Bengaluru,1,500,142.81
ORD00459,17-04-2025,CUST1051,Aaron Miller,Mouse,Electronics,South,Kolkata,6,3000,510.52
ORD00460,30-11-2025,CUST1436,Ruben Dunn,Notebook,Office Supplies,South,Chennai,8,800,172.25
ORD00461,01-04-2025,CUST1904,Kelsey Rodriguez,Monitor,Electronics,South,Delhi,3,36000,4670.94
ORD00462,17-07-2025,CUST1490,Eric Williams,Monitor,Electronics,North,Mumbai,5,60000,8994.01
ORD00463,23-07-2024,CUST1658,Riley Bryant,Chair,Furniture,South,Delhi,7,49000,9583.68
ORD00464,11-05-2025,CUST1352,Taylor Carlson,Notebook,Office Supplies,East,Kolkata,6,600,177.81
ORD00465,03-09-2025,CUST1224,Jose Allen,Chair,Furniture,North,Pune,3,21000,3757.1
ORD00466,21-08-2025,CUST1238,Jeffrey Mendez,Laptop,Electronics,South,Mumbai,8,400000,73271.48
ORD00467,27-02-2024,CUST1782,Jason Beck,Monitor,Electronics,South,Kolkata,4,48000,6191.4
ORD00468,29-08-2025,CUST1325,William Jones,Desk,Furniture,East,Delhi,3,45000,4350.57
ORD00469,11-07-2024,CUST1856,Katie Mcneil,Desk,Furniture,West,Pune,3,45000,5604.47
ORD00470,27-02-2024,CUST1238,Jeanette Harrison,Keyboard,Electronics,South,Delhi,8,9600,1387.73
ORD00471,20-09-2025,CUST1206,Veronica King,Printer,Office Supplies,South,Chennai,1,9000,809.14
ORD00472,31-05-2024,CUST1600,Richard Cooper,Keyboard,Electronics,South,Mumbai,6,7200,1059.46
ORD00473,09-11-2025,CUST1405,Lori Ingram,Desk,Furniture,North,Chennai,2,30000,3326.96
ORD00474,10-06-2024,CUST1749,Evelyn Williams,Chair,Furniture,West,Hyderabad,6,42000,8209.65
ORD00475,29-07-2025,CUST1710,Robin Thompson,Desk,Furniture,East,Ahmedabad,3,45000,6071.27
ORD00476,06-12-2025,CUST1301,Julie Dominguez,Keyboard,Electronics,South,Bengaluru,7,8400,1485.28
ORD00477,04-08-2025,CUST1033,Robin Brown,Laptop,Electronics,South,Chennai,7,350000,76258.61
ORD00478,24-05-2024,CUST1339,Judith Carter,Monitor,Electronics,North,Ahmedabad,2,24000,4543.25
ORD00479,31-03-2024,CUST1841,Curtis Williams,Desk,Furniture,East,Hyderabad,6,90000,8647.91
ORD00480,10-12-2025,CUST1069,Kaylee Hays,Laptop,Electronics,East,Pune,5,250000,37161.48
ORD00481,24-03-2025,CUST1750,Dawn Mullins,Mouse,Electronics,West,Bengaluru,1,500,80.18
ORD00482,25-12-2024,CUST1559,Howard Norman,Notebook,Office Supplies,West,Mumbai,8,800,294.97
ORD00483,16-03-2024,CUST1818,Evelyn Martinez,Printer,Office Supplies,North,Pune,4,36000,2871.34
ORD00484,17-04-2024,CUST1075,Steve Paul,Laptop,Electronics,East,Bengaluru,6,300000,46260.54
ORD00485,14-07-2025,CUST1964,Jasmine Beltran,Notebook,Office Supplies,North,Chennai,3,300,102.53
ORD00486,31-10-2025,CUST1168,Jonathan Glass MD,Printer,Office Supplies,West,Bengaluru,1,9000,862.91
ORD00487,13-07-2024,CUST1419,Monica Miller,Laptop,Electronics,East,Pune,2,100000,16175.82
ORD00488,06-02-2025,CUST1585,Samantha Gardner,Chair,Furniture,West,Bengaluru,4,28000,5302.85
ORD00489,30-03-2024,CUST1301,Bobby Guerrero,Laptop,Electronics,West,Ahmedabad,6,300000,37923.62
ORD00490,15-10-2025,CUST1298,Lance Simmons,Mouse,Electronics,North,Hyderabad,1,500,90.66
ORD00491,27-04-2025,CUST1500,Heather Williams,Mouse,Electronics,East,Mumbai,5,2500,644.01
ORD00492,25-01-2025,CUST1378,Heather Bolton,Notebook,Office Supplies,South,Hyderabad,3,300,83.04
ORD00493,26-09-2024,CUST1231,William Gould,Laptop,Electronics,East,Delhi,5,250000,43372.99
ORD00494,18-12-2024,CUST1827,Mark Cox,Keyboard,Electronics,West,Ahmedabad,2,2400,360.68
ORD00495,04-03-2025,CUST1988,Meghan Cisneros,Laptop,Electronics,West,Ahmedabad,7,350000,75035.72
ORD00496,05-02-2024,CUST1514,Lawrence Harrington,Printer,Office Supplies,South,Mumbai,5,45000,3363.18
ORD00497,20-06-2024,CUST1995,Austin Osborne,Printer,Office Supplies,South,Ahmedabad,3,27000,3427.48
ORD00498,30-11-2025,CUST1445,James Bradley,Keyboard,Electronics,South,Bengaluru,1,1200,228.97
ORD00499,09-03-2024,CUST1089,Meghan Rush,Chair,Furniture,West,Kolkata,6,42000,13088.07
ORD00500,13-01-2024,CUST1805,Phillip Berry,Desk,Furniture,West,Mumbai,5,75000,9106.32
ORD00501,25-08-2025,CUST1596,Jennifer Banks,Notebook,Office Supplies,North,Mumbai,3,300,71
ORD00502,18-12-2024,CUST1898,Brian Fitzgerald,Mouse,Electronics,West,Pune,5,2500,671.27
ORD00503,29-04-2025,CUST1038,Mr. Justin Green III,Notebook,Office Supplies,South,Pune,8,800,250.37
ORD00504,28-11-2025,CUST1710,Zachary Mitchell,Notebook,Office Supplies,West,Delhi,3,300,96.39
ORD00505,20-02-2024,CUST1763,Katherine Martinez,Notebook,Office Supplies,West,Pune,6,600,200.58
ORD00506,06-11-2024,CUST1318,Jodi Roach,Desk,Furniture,East,Hyderabad,1,15000,1624.9
ORD00507,29-03-2025,CUST1792,Brandon Fleming,Mouse,Electronics,East,Pune,4,2000,343.48
ORD00508,04-08-2024,CUST1935,Emma Reed,Notebook,Office Supplies,West,Hyderabad,2,200,48.77
ORD00509,11-06-2024,CUST1067,Joshua Vance,Desk,Furniture,East,Kolkata,1,15000,1816.49
ORD00510,24-07-2024,CUST1857,Michelle Ho,Keyboard,Electronics,North,Ahmedabad,1,1200,193.02
ORD00511,04-01-2025,CUST1721,Rebecca Hicks,Laptop,Electronics,South,Pune,8,400000,52584.16
ORD00512,12-10-2025,CUST1945,Curtis Taylor,Desk,Furniture,North,Delhi,8,120000,14444.29
ORD00513,01-04-2025,CUST1181,Allison Spencer,Monitor,Electronics,West,Chennai,6,72000,10727.34
ORD00514,21-09-2024,CUST1766,Robert Arnold,Desk,Furniture,North,Pune,3,45000,6494
ORD00515,08-08-2025,CUST1798,Angelica Parker,Laptop,Electronics,South,Ahmedabad,7,350000,45976.81
ORD00516,23-02-2025,CUST1525,Dr. Kelly Hammond DVM,Monitor,Electronics,North,Delhi,4,48000,6202.44
ORD00517,07-09-2025,CUST1820,William Day,Printer,Office Supplies,North,Ahmedabad,3,27000,2938.74
ORD00518,27-12-2025,CUST1658,Michael Cooper,Chair,Furniture,East,Kolkata,5,35000,9866.89
ORD00519,11-08-2024,CUST1477,Penny Bowman,Notebook,Office Supplies,East,Kolkata,6,600,175.57
ORD00520,09-11-2025,CUST1989,Vincent Reynolds,Mouse,Electronics,East,Pune,1,500,110.76
ORD00521,10-12-2024,CUST1283,Amy Martinez,Chair,Furniture,East,Pune,2,14000,3461.65
ORD00522,13-06-2025,CUST1783,Christopher Morris,Chair,Furniture,South,Delhi,5,35000,7113.89
ORD00523,27-01-2024,CUST1671,Hannah Everett,Notebook,Office Supplies,West,Pune,6,600,199.52
ORD00524,06-02-2024,CUST1597,Sarah King,Chair,Furniture,South,Chennai,7,49000,11548.8
ORD00525,18-11-2025,CUST1367,Krista Martinez,Monitor,Electronics,East,Bengaluru,8,96000,17912.39
ORD00526,11-05-2024,CUST1758,Joseph Shaw,Keyboard,Electronics,East,Bengaluru,5,6000,910.27
ORD00527,16-08-2024,CUST1762,Todd Moore,Desk,Furniture,East,Kolkata,2,30000,3000.07
ORD00528,28-10-2024,CUST1474,Michelle Jacobs,Desk,Furniture,North,Hyderabad,6,90000,9248.42
ORD00529,18-07-2024,CUST1512,Kristy Bryan,Laptop,Electronics,North,Kolkata,2,100000,17699.97
ORD00530,03-06-2024,CUST1140,Angel May,Chair,Furniture,South,Chennai,7,49000,8972.36
ORD00531,03-07-2024,CUST1797,Marilyn Wang,Notebook,Office Supplies,North,Hyderabad,8,800,188.62
ORD00532,29-02-2024,CUST1004,Mark Jimenez,Desk,Furniture,West,Pune,3,45000,4795.46
ORD00533,11-06-2024,CUST1501,Donna Frye,Monitor,Electronics,North,Bengaluru,3,36000,5647.14
ORD00534,03-05-2025,CUST1392,Dr. Michael Evans,Notebook,Office Supplies,North,Delhi,7,700,197.83
ORD00535,25-11-2024,CUST1775,Anthony Gonzales,Monitor,Electronics,South,Delhi,6,72000,13716.44
ORD00536,18-12-2024,CUST1319,Mr. Lawrence Edwards,Laptop,Electronics,South,Mumbai,4,200000,30087.34
ORD00537,16-02-2024,CUST1305,Morgan Valencia,Notebook,Office Supplies,East,Hyderabad,5,500,120.03
ORD00538,17-05-2024,CUST1350,Bianca Wood,Desk,Furniture,West,Chennai,7,105000,15533.08
ORD00539,17-02-2025,CUST1019,Emma Owens,Monitor,Electronics,South,Ahmedabad,3,36000,6851.79
ORD00540,26-08-2025,CUST1516,David Davis,Keyboard,Electronics,South,Mumbai,4,4800,1094.83
ORD00541,17-10-2025,CUST1261,James Gilbert,Desk,Furniture,North,Delhi,1,15000,1665.21
ORD00542,28-04-2024,CUST1426,Sean Moore,Mouse,Electronics,West,Kolkata,1,500,80.18
ORD00543,05-06-2024,CUST1210,Kenneth Edwards,Mouse,Electronics,North,Pune,5,2500,541.55
ORD00544,03-10-2024,CUST1637,Kathleen Robertson,Notebook,Office Supplies,South,Kolkata,2,200,65.85
ORD00545,18-04-2024,CUST1509,Mr. Alexander Landry MD,Mouse,Electronics,South,Ahmedabad,2,1000,191.32
ORD00546,23-02-2025,CUST1302,Cindy Gomez,Chair,Furniture,South,Delhi,4,28000,6403.27
ORD00547,07-05-2025,CUST1338,Johnny Khan,Printer,Office Supplies,South,Delhi,4,36000,4006.52
ORD00548,10-08-2025,CUST1685,Julie Herrera,Laptop,Electronics,West,Bengaluru,2,100000,22394.3
ORD00549,13-04-2024,CUST1926,Jessica Khan,Mouse,Electronics,East,Ahmedabad,2,1000,249.51
ORD00550,21-02-2024,CUST1102,Pamela Diaz,Printer,Office Supplies,South,Delhi,5,45000,3863.14
ORD00551,16-11-2024,CUST1436,Kelly Lee,Chair,Furniture,North,Mumbai,6,42000,12400.06
ORD00552,10-11-2025,CUST1662,Angel Gordon,Laptop,Electronics,South,Chennai,1,50000,10900.79
ORD00553,01-10-2024,CUST1899,Diana Hays,Desk,Furniture,North,Chennai,8,120000,18331.97
ORD00554,13-02-2025,CUST1985,Barbara Hester,Desk,Furniture,West,Pune,3,45000,4148.82
ORD00555,26-10-2025,CUST1907,Robert Morgan,Notebook,Office Supplies,South,Mumbai,8,800,283.19
ORD00556,12-06-2024,CUST1106,Nicole Gonzalez,Keyboard,Electronics,West,Hyderabad,1,1200,309.35
ORD00557,02-01-2025,CUST1626,Kathryn Williams,Printer,Office Supplies,North,Bengaluru,3,27000,2880.34
ORD00558,25-02-2025,CUST1451,Gary Wells,Printer,Office Supplies,North,Mumbai,8,72000,5527.89
ORD00559,25-11-2025,CUST1537,Larry Robertson,Chair,Furniture,South,Chennai,6,42000,7427.87
ORD00560,11-09-2024,CUST1493,Louis Martin,Mouse,Electronics,East,Kolkata,7,3500,844.71
ORD00561,09-06-2024,CUST1517,Nancy Evans MD,Keyboard,Electronics,West,Hyderabad,1,1200,169.68
ORD00562,24-11-2024,CUST1246,Kim Erickson,Keyboard,Electronics,East,Pune,2,2400,552.41
ORD00563,22-01-2025,CUST1412,Robert Richardson,Laptop,Electronics,South,Mumbai,4,200000,37090.7
ORD00564,03-04-2025,CUST1090,Veronica Silva,Printer,Office Supplies,West,Hyderabad,8,72000,8501.45
ORD00565,31-10-2025,CUST1018,Molly Watts,Desk,Furniture,North,Kolkata,2,30000,4638.25
ORD00566,01-01-2024,CUST1845,John Coffey,Notebook,Office Supplies,North,Pune,1,100,31.03
ORD00567,07-01-2025,CUST1845,Paula Lane,Monitor,Electronics,North,Ahmedabad,8,96000,18291.07
ORD00568,26-09-2025,CUST1614,Lauren Jackson,Printer,Office Supplies,West,Chennai,6,54000,5594.89
ORD00569,05-11-2025,CUST1227,Lisa Randall,Printer,Office Supplies,North,Chennai,2,18000,1365.23
ORD00570,17-01-2025,CUST1718,Michael Johnson,Desk,Furniture,North,Delhi,5,75000,9257.53
ORD00571,23-02-2025,CUST1109,Ashley Smith,Keyboard,Electronics,East,Ahmedabad,8,9600,1505.8
ORD00572,06-02-2025,CUST1220,Christian Vaughn,Monitor,Electronics,West,Ahmedabad,2,24000,4529.27
ORD00573,17-02-2024,CUST1948,Reginald Knapp,Desk,Furniture,North,Hyderabad,2,30000,4155.44
ORD00574,05-01-2024,CUST1543,Nancy Brown,Printer,Office Supplies,North,Kolkata,3,27000,3451.44
ORD00575,26-06-2024,CUST1748,Daniel Nguyen,Printer,Office Supplies,South,Mumbai,3,27000,3010.74
ORD00576,28-01-2025,CUST1428,Kelly Edwards,Notebook,Office Supplies,South,Pune,6,600,180.44
ORD00577,08-04-2025,CUST1824,Thomas Peterson,Notebook,Office Supplies,South,Bengaluru,6,600,230.81
ORD00578,14-07-2025,CUST1881,Raymond Le,Notebook,Office Supplies,East,Ahmedabad,5,500,180.88
ORD00579,24-10-2024,CUST1703,Melissa Bishop,Monitor,Electronics,East,Bengaluru,4,48000,7736.4
ORD00580,26-12-2024,CUST1575,David Grant,Keyboard,Electronics,West,Kolkata,6,7200,1621.74
ORD00581,19-06-2025,CUST1109,William Evans,Chair,Furniture,North,Kolkata,7,49000,14516.04
ORD00582,23-07-2024,CUST1273,Daniel Bush,Keyboard,Electronics,South,Pune,1,1200,264.52
ORD00583,08-12-2025,CUST1803,Gregory Peck,Chair,Furniture,East,Ahmedabad,3,21000,6319.05
ORD00584,14-04-2024,CUST1630,Denise Martinez,Laptop,Electronics,South,Kolkata,6,300000,64174.45
ORD00585,18-02-2024,CUST1948,Jamie Baird,Monitor,Electronics,West,Kolkata,5,60000,10041.85
ORD00586,25-02-2024,CUST1013,Tina Ballard,Notebook,Office Supplies,East,Ahmedabad,6,600,230.31
ORD00587,22-12-2025,CUST1726,Dwayne Klein,Printer,Office Supplies,East,Ahmedabad,4,36000,4488.81
ORD00588,30-11-2025,CUST1076,Jeremy Scott,Monitor,Electronics,South,Bengaluru,5,60000,8723.6
ORD00589,12-10-2024,CUST1569,Dale Ryan,Mouse,Electronics,East,Bengaluru,7,3500,557.77
ORD00590,22-04-2025,CUST1726,Melissa Taylor,Keyboard,Electronics,South,Delhi,5,6000,844.06
ORD00591,02-10-2025,CUST1630,Laurie Sanchez,Keyboard,Electronics,East,Hyderabad,6,7200,1523.7
ORD00592,21-11-2024,CUST1538,Kiara Little,Desk,Furniture,South,Bengaluru,2,30000,4213.51
ORD00593,03-07-2025,CUST1413,Jason Love,Mouse,Electronics,North,Chennai,3,1500,313.35
ORD00594,05-12-2024,CUST1369,Randy Smith,Monitor,Electronics,East,Ahmedabad,4,48000,7905.6
ORD00595,20-12-2024,CUST1456,Tanya Russell,Printer,Office Supplies,South,Ahmedabad,1,9000,691.95
ORD00596,26-04-2024,CUST1395,Sherry Woods,Laptop,Electronics,East,Pune,6,300000,50156.47
ORD00597,04-06-2025,CUST1456,Victor Morris,Laptop,Electronics,West,Delhi,6,300000,54463.61
ORD00598,25-03-2024,CUST1970,Susan Davis,Chair,Furniture,North,Bengaluru,4,28000,6245.31
ORD00599,06-10-2025,CUST1792,Kimberly Sharp,Laptop,Electronics,South,Kolkata,2,100000,14876.44
ORD00600,20-12-2025,CUST1899,Susan Thompson,Mouse,Electronics,West,Mumbai,4,2000,449.97
ORD00601,05-12-2024,CUST1038,Casey Gillespie,Keyboard,Electronics,North,Mumbai,1,1200,234.13
ORD00602,25-07-2025,CUST1072,Jennifer Simpson DVM,Laptop,Electronics,South,Pune,3,150000,31766.28
ORD00603,18-02-2025,CUST1443,Tammy Mcdowell,Notebook,Office Supplies,East,Delhi,7,700,203.84
ORD00604,18-10-2025,CUST1737,Keith Rodriguez,Notebook,Office Supplies,North,Delhi,2,200,61.25
ORD00605,18-04-2024,CUST1296,Mrs. Virginia Daniels,Mouse,Electronics,East,Mumbai,6,3000,829.51
ORD00606,07-11-2025,CUST1031,Todd Rosales MD,Chair,Furniture,West,Bengaluru,8,56000,13003.87
ORD00607,12-07-2025,CUST1302,Brian Martin,Monitor,Electronics,South,Pune,3,36000,6199.48
ORD00608,22-07-2025,CUST1144,David Lopez,Desk,Furniture,North,Delhi,1,15000,1857.81
ORD00609,28-03-2024,CUST1312,Rachel Bradley,Laptop,Electronics,South,Chennai,7,350000,64404.35
ORD00610,08-06-2025,CUST1145,Casey Chase,Monitor,Electronics,South,Bengaluru,7,84000,15666.55
ORD00611,04-07-2024,CUST1687,Samantha Robertson,Monitor,Electronics,North,Hyderabad,5,60000,7349.36
ORD00612,13-09-2024,CUST1100,Michael Lopez,Mouse,Electronics,South,Hyderabad,5,2500,606.66
ORD00613,02-11-2025,CUST1240,Franklin Wright,Desk,Furniture,North,Pune,6,90000,8390.83
ORD00614,06-04-2025,CUST1336,David Molina,Mouse,Electronics,East,Bengaluru,4,2000,391.9
ORD00615,21-06-2024,CUST1004,Elizabeth Sharp,Desk,Furniture,East,Ahmedabad,6,90000,13772.11
ORD00616,03-01-2025,CUST1137,Matthew Schwartz,Monitor,Electronics,East,Hyderabad,7,84000,10911.7
ORD00617,08-11-2024,CUST1498,Bryan Parker,Printer,Office Supplies,North,Bengaluru,8,72000,6589.76
ORD00618,23-05-2024,CUST1912,Jonathan Jacobson,Mouse,Electronics,South,Pune,5,2500,668.38
ORD00619,03-06-2025,CUST1646,Emily Wilson,Mouse,Electronics,North,Kolkata,2,1000,271.76
ORD00620,10-07-2025,CUST1915,Elizabeth Mendez,Monitor,Electronics,West,Bengaluru,1,12000,1855.72
ORD00621,26-08-2025,CUST1750,Casey Hernandez,Desk,Furniture,East,Bengaluru,7,105000,10508.2
ORD00622,29-05-2025,CUST1010,Lisa Perry,Printer,Office Supplies,South,Bengaluru,2,18000,1688.53
ORD00623,02-08-2025,CUST1971,Kaitlin Medina,Keyboard,Electronics,South,Hyderabad,8,9600,1527.42
ORD00624,14-05-2025,CUST1237,Colleen Wright,Desk,Furniture,North,Pune,1,15000,1496.32
ORD00625,30-07-2024,CUST1530,Shelley Miller,Desk,Furniture,East,Kolkata,4,60000,5224.93
ORD00626,10-02-2024,CUST1664,Michael Miller,Printer,Office Supplies,East,Mumbai,8,72000,8848.3
ORD00627,06-08-2025,CUST1178,Amy Kelley,Chair,Furniture,West,Kolkata,5,35000,9162.82
ORD00628,20-01-2025,CUST1996,Laura Hernandez,Desk,Furniture,South,Kolkata,2,30000,3635.99
ORD00629,08-05-2025,CUST1908,Joseph Wilson,Desk,Furniture,North,Bengaluru,6,90000,10714.86
ORD00630,10-06-2025,CUST1658,Kevin Davis,Printer,Office Supplies,East,Ahmedabad,3,27000,2262.59
ORD00631,08-09-2025,CUST1734,Rhonda Chavez,Keyboard,Electronics,North,Ahmedabad,3,3600,571.98
ORD00632,08-05-2025,CUST1691,Joyce Brown,Notebook,Office Supplies,West,Hyderabad,6,600,203.79
ORD00633,24-02-2025,CUST1022,Robert Cummings,Monitor,Electronics,South,Delhi,3,36000,5877.12
ORD00634,08-06-2025,CUST1040,Robert Reese,Keyboard,Electronics,South,Delhi,3,3600,562.2
ORD00635,13-06-2025,CUST1981,Amber Cooper,Keyboard,Electronics,West,Delhi,5,6000,1504.16
ORD00636,13-09-2025,CUST1482,Zachary Michael,Chair,Furniture,West,Bengaluru,2,14000,2904.85
ORD00637,19-08-2025,CUST1840,Timothy Johnson,Monitor,Electronics,South,Pune,7,84000,13362.34
ORD00638,02-09-2025,CUST1604,Randy Cannon,Keyboard,Electronics,North,Ahmedabad,6,7200,1804.91
ORD00639,17-01-2024,CUST1207,Maria Fisher,Notebook,Office Supplies,West,Bengaluru,7,700,163.66
ORD00640,21-09-2025,CUST1614,Janet Kane DVM,Mouse,Electronics,North,Mumbai,3,1500,325.22
ORD00641,09-09-2025,CUST1552,Michael Stanley,Mouse,Electronics,North,Kolkata,8,4000,964.16
ORD00642,15-12-2025,CUST1542,Martha Bailey,Notebook,Office Supplies,West,Ahmedabad,6,600,220.48
ORD00643,14-12-2025,CUST1589,Joshua Rice,Printer,Office Supplies,North,Kolkata,7,63000,5734.96
ORD00644,26-08-2024,CUST1931,Courtney Smith,Keyboard,Electronics,North,Pune,5,6000,1183.54
ORD00645,27-12-2025,CUST1761,Edwin Nunez,Notebook,Office Supplies,North,Mumbai,5,500,122.01
ORD00646,05-12-2025,CUST1823,Kim Morrow,Laptop,Electronics,East,Kolkata,7,350000,68841.84
ORD00647,29-10-2025,CUST1599,Gregory Hill,Desk,Furniture,East,Pune,2,30000,2854.32
ORD00648,27-11-2025,CUST1406,Molly Rodriguez,Notebook,Office Supplies,South,Kolkata,6,600,192.08
ORD00649,22-07-2025,CUST1495,Jennifer Miranda,Printer,Office Supplies,East,Pune,3,27000,2489.75
ORD00650,06-11-2025,CUST1121,Alexis Harris,Desk,Furniture,South,Hyderabad,7,105000,14382.52
ORD00651,14-02-2025,CUST1804,Andrew Harper,Keyboard,Electronics,East,Delhi,2,2400,397.76
ORD00652,06-01-2024,CUST1823,Amber Yang,Keyboard,Electronics,North,Bengaluru,7,8400,2148.29
ORD00653,26-09-2024,CUST1227,David Robinson,Printer,Office Supplies,East,Mumbai,7,63000,4743.17
ORD00654,14-02-2025,CUST1628,Amy Gordon,Laptop,Electronics,East,Delhi,7,350000,79279.89
ORD00655,25-07-2024,CUST1870,Robert Dennis,Keyboard,Electronics,East,Ahmedabad,8,9600,1849.7
ORD00656,21-11-2025,CUST1036,Kyle Chambers,Laptop,Electronics,East,Ahmedabad,4,200000,38488.1
ORD00657,09-10-2024,CUST1798,Eric Thomas,Laptop,Electronics,West,Chennai,3,150000,20306.85
ORD00658,14-06-2025,CUST1015,Connie Turner,Notebook,Office Supplies,North,Mumbai,7,700,220.85
ORD00659,10-10-2024,CUST1231,Travis Hobbs,Chair,Furniture,South,Hyderabad,6,42000,9539.09
ORD00660,20-02-2025,CUST1518,Lori Simmons,Notebook,Office Supplies,North,Mumbai,1,100,25.7
ORD00661,09-06-2025,CUST1979,William David DDS,Chair,Furniture,East,Pune,6,42000,13316.2
ORD00662,06-09-2024,CUST1775,Emma Butler,Printer,Office Supplies,East,Hyderabad,7,63000,6538.78
ORD00663,21-09-2024,CUST1069,James Webster,Printer,Office Supplies,West,Ahmedabad,1,9000,890.26
ORD00664,27-12-2024,CUST1528,Samuel Turner,Monitor,Electronics,North,Pune,6,72000,10232.52
ORD00665,20-11-2025,CUST1766,Renee Melendez,Monitor,Electronics,East,Mumbai,5,60000,6802.25
ORD00666,11-08-2024,CUST1915,Tracy Grant,Keyboard,Electronics,East,Bengaluru,8,9600,1705.58
ORD00667,28-08-2024,CUST1753,David Harris,Monitor,Electronics,South,Pune,8,96000,16448.65
ORD00668,12-09-2024,CUST1856,Tammy Boone,Monitor,Electronics,East,Bengaluru,4,48000,5915.95
ORD00669,23-11-2025,CUST1978,Nathaniel Lee,Mouse,Electronics,West,Delhi,2,1000,275.46
ORD00670,18-11-2024,CUST1504,Michael Morrison,Laptop,Electronics,East,Hyderabad,8,400000,66435.69
ORD00671,13-08-2025,CUST1131,Chelsea Gill,Keyboard,Electronics,North,Kolkata,5,6000,1126.47
ORD00672,07-02-2025,CUST1881,Kristin Mendoza,Printer,Office Supplies,South,Hyderabad,1,9000,901.34
ORD00673,09-01-2024,CUST1012,Felicia Krueger,Mouse,Electronics,South,Kolkata,8,4000,782.66
ORD00674,22-09-2024,CUST1191,Timothy Hayden,Mouse,Electronics,East,Ahmedabad,6,3000,605.19
ORD00675,17-12-2024,CUST1374,Zachary Mendoza,Chair,Furniture,South,Hyderabad,8,56000,17851.63
ORD00676,16-01-2025,CUST1373,Larry Harris,Notebook,Office Supplies,West,Pune,4,400,114.17
ORD00677,12-08-2025,CUST1702,Kristen Rowe,Printer,Office Supplies,South,Mumbai,3,27000,2815.68
ORD00678,25-01-2025,CUST1200,Joseph Howard,Chair,Furniture,South,Bengaluru,4,28000,7232.43
ORD00679,26-05-2025,CUST1137,Jose Crawford,Printer,Office Supplies,East,Hyderabad,1,9000,725.37
ORD00680,04-08-2025,CUST1048,William Harrison,Chair,Furniture,West,Mumbai,5,35000,9076.23
ORD00681,17-09-2024,CUST1487,Suzanne Wood,Keyboard,Electronics,North,Hyderabad,1,1200,199.03
ORD00682,27-07-2025,CUST1570,Justin Walker,Desk,Furniture,East,Chennai,5,75000,8249.19
ORD00683,26-11-2025,CUST1986,Dean Donovan,Laptop,Electronics,South,Bengaluru,7,350000,48682.78
ORD00684,06-06-2025,CUST1499,Jennifer Hernandez,Chair,Furniture,West,Mumbai,6,42000,9398.07
ORD00685,28-05-2024,CUST1889,James Whitaker,Notebook,Office Supplies,South,Chennai,5,500,146.74
ORD00686,14-03-2024,CUST1081,Mr. Michael Scott PhD,Notebook,Office Supplies,South,Chennai,7,700,253.96
ORD00687,25-10-2024,CUST1727,Maria Henry,Monitor,Electronics,East,Kolkata,6,72000,9613.37
ORD00688,06-01-2025,CUST1765,Robert Jackson,Chair,Furniture,West,Kolkata,8,56000,16360.18
ORD00689,08-05-2024,CUST1745,Katherine Stark,Keyboard,Electronics,South,Pune,3,3600,873.02
ORD00690,15-04-2024,CUST1097,Maria Brown,Mouse,Electronics,North,Hyderabad,4,2000,352.06
ORD00691,20-06-2025,CUST1783,Ryan Landry,Laptop,Electronics,North,Mumbai,1,50000,10463.04
ORD00692,03-02-2025,CUST1316,Pamela Gutierrez,Chair,Furniture,South,Ahmedabad,3,21000,3940.58
ORD00693,14-05-2024,CUST1539,Crystal Mann,Chair,Furniture,South,Delhi,8,56000,15062.44
ORD00694,29-11-2024,CUST1884,Jonathan Brooks,Laptop,Electronics,West,Hyderabad,6,300000,65675.95
ORD00695,15-12-2025,CUST1552,Mary Jensen,Chair,Furniture,South,Hyderabad,8,56000,10934.97
ORD00696,08-05-2025,CUST1552,Mr. Aaron Arnold,Notebook,Office Supplies,South,Mumbai,5,500,186.8
ORD00697,23-09-2024,CUST1159,Joseph Hill,Printer,Office Supplies,East,Delhi,5,45000,4137.61
ORD00698,25-04-2025,CUST1547,Alicia Li,Laptop,Electronics,North,Hyderabad,3,150000,24470.94
ORD00699,16-03-2025,CUST1817,Renee Browning,Printer,Office Supplies,East,Ahmedabad,5,45000,3174.66
ORD00700,28-07-2025,CUST1447,Brent Hernandez,Laptop,Electronics,West,Ahmedabad,6,300000,43909.7
ORD00701,13-08-2024,CUST1269,Joseph Ochoa,Keyboard,Electronics,North,Kolkata,7,8400,2011.05
ORD00702,28-06-2025,CUST1828,James Watson,Monitor,Electronics,East,Kolkata,5,60000,7837.26
ORD00703,23-10-2024,CUST1113,Karl Branch,Monitor,Electronics,West,Hyderabad,2,24000,2914
ORD00704,20-01-2024,CUST1155,Michael Abbott,Chair,Furniture,North,Delhi,8,56000,11377.43
ORD00705,08-05-2024,CUST1732,Shannon Malone,Keyboard,Electronics,West,Delhi,2,2400,417.25
ORD00706,20-05-2025,CUST1222,James Tran,Monitor,Electronics,East,Kolkata,2,24000,2845.48
ORD00707,19-04-2025,CUST1713,Adam Jackson,Chair,Furniture,North,Chennai,8,56000,18182.89
ORD00708,05-02-2025,CUST1073,Mr. Richard Knight PhD,Mouse,Electronics,West,Bengaluru,3,1500,242.1
ORD00709,13-01-2024,CUST1124,Joseph Williams,Monitor,Electronics,South,Kolkata,5,60000,10713.15
ORD00710,04-02-2024,CUST1203,Sean Clay,Printer,Office Supplies,West,Mumbai,4,36000,4113.26
ORD00711,15-11-2024,CUST1958,Anthony Jones,Monitor,Electronics,East,Bengaluru,8,96000,13442.02
ORD00712,15-10-2025,CUST1305,Stephanie Elliott,Laptop,Electronics,South,Chennai,2,100000,15335.78
ORD00713,29-08-2024,CUST1648,Timothy Edwards,Laptop,Electronics,West,Chennai,4,200000,46222.72
ORD00714,21-08-2025,CUST1122,Laurie Goodwin,Laptop,Electronics,West,Ahmedabad,3,150000,31769.12
ORD00715,08-12-2025,CUST1486,Jennifer Jones,Laptop,Electronics,South,Chennai,1,50000,9437.82
ORD00716,03-04-2024,CUST1702,David Davenport,Mouse,Electronics,East,Delhi,4,2000,349.63
ORD00717,19-12-2025,CUST1549,Steven Rivera,Laptop,Electronics,North,Bengaluru,6,300000,58684.23
ORD00718,25-07-2025,CUST1807,Brenda Hinton,Printer,Office Supplies,East,Hyderabad,4,36000,3204.16
ORD00719,01-01-2025,CUST1741,Kathryn Mccann,Monitor,Electronics,South,Pune,1,12000,2004.39
ORD00720,26-07-2025,CUST1301,Jeffrey Roberson,Laptop,Electronics,West,Ahmedabad,8,400000,80926.24
ORD00721,24-04-2025,CUST1281,Randy Friedman,Keyboard,Electronics,South,Mumbai,6,7200,1287.66
ORD00722,26-09-2024,CUST1554,Raymond Johnson,Keyboard,Electronics,East,Hyderabad,8,9600,1684.61
ORD00723,20-01-2024,CUST1634,Willie Henry,Laptop,Electronics,East,Ahmedabad,7,350000,71832.26
ORD00724,05-07-2025,CUST1838,Todd Reynolds,Desk,Furniture,West,Ahmedabad,2,30000,3941.91
ORD00725,26-11-2024,CUST1419,Mary Miller,Printer,Office Supplies,East,Mumbai,3,27000,2883.12
ORD00726,12-05-2024,CUST1182,Rebecca Marquez,Mouse,Electronics,North,Ahmedabad,2,1000,159.78
ORD00727,02-02-2024,CUST1584,Christian Dawson,Mouse,Electronics,West,Hyderabad,8,4000,717.17
ORD00728,12-09-2025,CUST1735,Nancy Stewart,Chair,Furniture,North,Delhi,1,7000,1609.67
ORD00729,22-03-2024,CUST1479,Aaron Parker,Monitor,Electronics,North,Chennai,8,96000,18101.41
ORD00730,29-02-2024,CUST1843,Derrick Anderson,Notebook,Office Supplies,East,Delhi,6,600,211.78
ORD00731,09-08-2024,CUST1983,Jerry Peters,Mouse,Electronics,North,Mumbai,5,2500,410.72
ORD00732,22-06-2025,CUST1672,Alexander Gomez,Monitor,Electronics,South,Bengaluru,7,84000,10252.32
ORD00733,13-08-2025,CUST1366,Kyle Nguyen,Notebook,Office Supplies,West,Kolkata,2,200,69.59
ORD00734,17-07-2025,CUST1411,Edgar Hughes,Mouse,Electronics,East,Bengaluru,3,1500,387.91
ORD00735,17-07-2025,CUST1332,Steven Stein,Printer,Office Supplies,East,Kolkata,6,54000,6704.05
ORD00736,30-07-2025,CUST1558,Laura Jackson,Notebook,Office Supplies,South,Kolkata,6,600,191.71
ORD00737,03-04-2025,CUST1982,Charles Turner,Chair,Furniture,West,Delhi,6,42000,13408.41
ORD00738,14-06-2025,CUST1138,Arthur Hamilton MD,Laptop,Electronics,East,Delhi,5,250000,47585.6
ORD00739,18-11-2024,CUST1022,Mr. David Wright,Chair,Furniture,East,Bengaluru,4,28000,5802.26
ORD00740,08-06-2024,CUST1141,Linda Gonzalez,Mouse,Electronics,East,Chennai,1,500,107.38
ORD00741,03-11-2024,CUST1094,Eric Rush,Monitor,Electronics,West,Ahmedabad,4,48000,6146.97
ORD00742,26-06-2024,CUST1499,Manuel Brock,Mouse,Electronics,North,Pune,6,3000,775.99
ORD00743,27-02-2024,CUST1943,George Ochoa,Laptop,Electronics,East,Chennai,7,350000,47066.45
ORD00744,03-05-2024,CUST1890,Valerie Taylor,Notebook,Office Supplies,South,Delhi,7,700,264.21
ORD00745,12-02-2024,CUST1326,Travis Harris,Notebook,Office Supplies,South,Chennai,1,100,26.49
ORD00746,06-02-2025,CUST1994,Vincent Novak,Monitor,Electronics,West,Mumbai,3,36000,3943.68
ORD00747,07-02-2025,CUST1151,Michael Henry,Monitor,Electronics,South,Chennai,7,84000,11010.76
ORD00748,20-02-2024,CUST1561,Dana Bennett,Mouse,Electronics,West,Pune,8,4000,917.72
ORD00749,15-12-2025,CUST1133,Jenna Wilson,Mouse,Electronics,South,Hyderabad,7,3500,770.84
ORD00750,08-08-2025,CUST1200,Leslie Gardner,Monitor,Electronics,South,Ahmedabad,8,96000,13495.55
ORD00751,27-11-2024,CUST1701,Krista Benton,Mouse,Electronics,North,Mumbai,5,2500,641.33
ORD00752,14-07-2024,CUST1328,Michael Gonzales,Notebook,Office Supplies,East,Delhi,7,700,193.02
ORD00753,23-09-2025,CUST1841,Michael Fuentes,Chair,Furniture,West,Bengaluru,3,21000,6786.1
ORD00754,27-08-2024,CUST1204,Jennifer Porter,Printer,Office Supplies,East,Bengaluru,1,9000,1129.08
ORD00755,05-09-2024,CUST1971,Dana Hopkins,Mouse,Electronics,South,Pune,2,1000,251.62
ORD00756,23-04-2024,CUST1312,Rachel Jones,Laptop,Electronics,West,Hyderabad,6,300000,60278.97
ORD00757,04-07-2025,CUST1216,Karen Morales DDS,Laptop,Electronics,South,Pune,6,300000,44571.91
ORD00758,15-11-2025,CUST1018,Melissa Stephens,Printer,Office Supplies,West,Delhi,3,27000,3016.02
ORD00759,24-07-2024,CUST1808,Heather Woodard,Chair,Furniture,East,Delhi,3,21000,3864.35
ORD00760,07-11-2025,CUST1277,Margaret Miller,Printer,Office Supplies,East,Mumbai,1,9000,665.96
ORD00761,26-10-2025,CUST1395,Mary Kelly,Laptop,Electronics,South,Kolkata,5,250000,54920.08
ORD00762,03-09-2025,CUST1544,Amanda Terrell,Mouse,Electronics,North,Bengaluru,6,3000,653.93
ORD00763,30-12-2025,CUST1022,Jennifer Goodwin,Monitor,Electronics,North,Ahmedabad,8,96000,14924.34
ORD00764,09-06-2024,CUST1018,Jessica Smith,Chair,Furniture,East,Chennai,6,42000,10436.58
ORD00765,28-05-2025,CUST1282,Jorge Stone,Desk,Furniture,North,Pune,5,75000,7575.51
ORD00766,13-10-2024,CUST1230,Laura Griffin,Notebook,Office Supplies,South,Chennai,1,100,37.99
ORD00767,26-01-2025,CUST1533,Raymond Chapman,Notebook,Office Supplies,South,Kolkata,3,300,67.74
ORD00768,15-11-2024,CUST1931,Haley Johnson,Monitor,Electronics,East,Hyderabad,3,36000,5161.75
ORD00769,17-08-2025,CUST1554,Jason Nixon,Keyboard,Electronics,South,Bengaluru,4,4800,1047.82
ORD00770,28-05-2024,CUST1671,Todd Thomas,Chair,Furniture,South,Chennai,3,21000,5029.7
ORD00771,29-05-2024,CUST1744,Jesse Clark,Mouse,Electronics,North,Chennai,2,1000,178.31
ORD00772,14-10-2025,CUST1955,Mr. Jeffrey Horton,Notebook,Office Supplies,East,Bengaluru,7,700,185.22
ORD00773,27-01-2024,CUST1780,Eric Patrick,Monitor,Electronics,East,Ahmedabad,2,24000,2804.14
ORD00774,02-01-2025,CUST1081,Samuel Wong,Monitor,Electronics,West,Bengaluru,4,48000,8009.47
ORD00775,31-01-2025,CUST1503,Carly Riggs,Printer,Office Supplies,West,Bengaluru,6,54000,4376.08
ORD00776,22-02-2025,CUST1782,Christopher Moore,Keyboard,Electronics,North,Pune,4,4800,802.33
ORD00777,26-07-2024,CUST1775,Tina Hall,Notebook,Office Supplies,South,Mumbai,4,400,137.45
ORD00778,16-05-2025,CUST1704,Cody Davidson,Keyboard,Electronics,East,Hyderabad,8,9600,2342.93
ORD00779,12-02-2024,CUST1622,Allen Mendez,Monitor,Electronics,West,Chennai,7,84000,11880.79
ORD00780,07-04-2025,CUST1467,Kevin Price,Notebook,Office Supplies,North,Ahmedabad,1,100,30.37
ORD00781,12-06-2025,CUST1783,Christine Goodwin,Notebook,Office Supplies,North,Ahmedabad,1,100,31.04
ORD00782,07-11-2024,CUST1792,Amy Garcia,Chair,Furniture,East,Hyderabad,8,56000,13143.54
ORD00783,25-02-2024,CUST1706,Chelsea Nguyen,Keyboard,Electronics,South,Hyderabad,7,8400,1472.78
ORD00784,25-04-2024,CUST1184,Dennis Huffman,Printer,Office Supplies,South,Kolkata,2,18000,2040.46
ORD00785,02-07-2024,CUST1464,Margaret Harper,Notebook,Office Supplies,South,Hyderabad,6,600,174.7
ORD00786,26-10-2025,CUST1928,Laurie Bailey,Mouse,Electronics,South,Mumbai,5,2500,491.94
ORD00787,11-10-2025,CUST1371,Lisa Cervantes,Mouse,Electronics,North,Kolkata,2,1000,247.22
ORD00788,14-02-2024,CUST1786,Elizabeth Mendez,Keyboard,Electronics,South,Chennai,7,8400,1730.75
ORD00789,02-07-2024,CUST1787,Cesar Wilson,Keyboard,Electronics,North,Kolkata,3,3600,879.33
ORD00790,01-04-2025,CUST1295,Clayton Steele,Chair,Furniture,South,Mumbai,5,35000,9958.35
ORD00791,16-09-2024,CUST1012,Jennifer Taylor,Keyboard,Electronics,West,Hyderabad,4,4800,674.03
ORD00792,20-05-2025,CUST1243,Cody Reid,Printer,Office Supplies,South,Hyderabad,1,9000,958.31
ORD00793,07-09-2025,CUST1614,Maria Cooke,Printer,Office Supplies,North,Ahmedabad,7,63000,6080.29
ORD00794,31-05-2024,CUST1056,Katherine Taylor,Chair,Furniture,East,Delhi,4,28000,5105.46
ORD00795,09-09-2025,CUST1305,Jerry Brown,Keyboard,Electronics,East,Mumbai,1,1200,264.05
ORD00796,01-07-2024,CUST1165,Adam Taylor,Laptop,Electronics,East,Bengaluru,2,100000,17103.13
ORD00797,05-04-2024,CUST1786,Tracey Wagner,Printer,Office Supplies,East,Chennai,6,54000,6797.99
ORD00798,13-03-2025,CUST1863,Michael Perry PhD,Desk,Furniture,North,Pune,7,105000,15021.2
ORD00799,08-10-2024,CUST1337,Bradley Johnson DDS,Printer,Office Supplies,West,Ahmedabad,3,27000,2087.68
ORD00800,06-10-2025,CUST1541,Donald Medina,Monitor,Electronics,North,Hyderabad,1,12000,1378.05
ORD00801,20-11-2024,CUST1265,Jim Newton,Chair,Furniture,East,Bengaluru,7,49000,13050.01
ORD00802,03-07-2024,CUST1904,Krista Wilson,Printer,Office Supplies,South,Pune,8,72000,7167.62
ORD00803,21-04-2025,CUST1640,Reginald Morrow,Monitor,Electronics,North,Ahmedabad,1,12000,1387.66
ORD00804,24-12-2024,CUST1573,Rodney Williams,Notebook,Office Supplies,South,Delhi,7,700,152.73
ORD00805,10-03-2024,CUST1315,Kimberly Fritz,Monitor,Electronics,East,Chennai,5,60000,7673.85
ORD00806,15-12-2024,CUST1405,Ronald Potter,Laptop,Electronics,North,Bengaluru,2,100000,20007.03
ORD00807,19-11-2025,CUST1490,Zachary Cole,Monitor,Electronics,West,Delhi,6,72000,12963.19
ORD00808,16-04-2025,CUST1913,Robert Gonzales,Keyboard,Electronics,East,Hyderabad,8,9600,1523.01
ORD00809,02-11-2024,CUST1578,Patricia Young PhD,Notebook,Office Supplies,East,Delhi,1,100,36.03
ORD00810,28-12-2024,CUST1067,Heather Page,Monitor,Electronics,South,Pune,6,72000,12740.99
ORD00811,03-10-2025,CUST1547,Carol Taylor,Laptop,Electronics,South,Kolkata,6,300000,69669.25
ORD00812,11-11-2024,CUST1722,Daniel Brown,Keyboard,Electronics,East,Delhi,2,2400,585
ORD00813,31-08-2024,CUST1380,Douglas Ryan,Chair,Furniture,West,Pune,7,49000,9212.96
ORD00814,18-01-2025,CUST1803,Michael Roberts,Monitor,Electronics,North,Ahmedabad,5,60000,7245.07
ORD00815,09-05-2025,CUST1926,Scott Duke,Mouse,Electronics,South,Ahmedabad,8,4000,883.17
ORD00816,20-06-2025,CUST1317,Anna Estes,Desk,Furniture,East,Bengaluru,8,120000,16408.29
ORD00817,07-02-2024,CUST1470,Tamara Riddle,Mouse,Electronics,West,Mumbai,3,1500,271.63
ORD00818,04-12-2025,CUST1868,Beth Cline,Laptop,Electronics,North,Chennai,5,250000,56673.11
ORD00819,05-11-2025,CUST1763,Michael Poole,Printer,Office Supplies,East,Delhi,1,9000,685.68
ORD00820,16-07-2024,CUST1293,Megan Burns,Chair,Furniture,East,Chennai,4,28000,6247.7
ORD00821,10-06-2024,CUST1280,Debra Perry,Printer,Office Supplies,North,Delhi,2,18000,1554.47
ORD00822,16-07-2025,CUST1326,Mark Beard,Mouse,Electronics,East,Bengaluru,4,2000,451.23
ORD00823,14-11-2024,CUST1627,Jose Ramirez,Chair,Furniture,East,Hyderabad,4,28000,5619.35
ORD00824,22-11-2025,CUST1051,Jackie Clements,Laptop,Electronics,North,Kolkata,3,150000,19369.68
ORD00825,02-07-2024,CUST1721,Aaron Schroeder,Laptop,Electronics,West,Chennai,2,100000,17205.83
ORD00826,31-12-2025,CUST1776,Monica Ellis,Chair,Furniture,North,Hyderabad,6,42000,12499.88
ORD00827,16-12-2025,CUST1479,Heather Brown,Keyboard,Electronics,North,Hyderabad,2,2400,570.1
ORD00828,17-08-2024,CUST1147,Claudia Jordan,Chair,Furniture,East,Chennai,8,56000,13752.59
ORD00829,12-11-2025,CUST1338,Derrick Clayton,Notebook,Office Supplies,East,Hyderabad,3,300,100.78
ORD00830,25-04-2024,CUST1359,Kenneth Knight,Printer,Office Supplies,West,Hyderabad,1,9000,665.3
ORD00831,10-09-2025,CUST1588,Mr. Michael Williams,Keyboard,Electronics,South,Mumbai,5,6000,1392.92
ORD00832,27-10-2025,CUST1072,Richard Stevens,Notebook,Office Supplies,East,Hyderabad,2,200,53.73
ORD00833,06-09-2024,CUST1561,Scott Alexander,Notebook,Office Supplies,South,Hyderabad,7,700,177.06
ORD00834,11-12-2025,CUST1605,Tyler Harris,Notebook,Office Supplies,West,Kolkata,2,200,54.27
ORD00835,16-11-2025,CUST1079,Bonnie Santos,Desk,Furniture,West,Mumbai,4,60000,5787.73
ORD00836,31-03-2025,CUST1180,Timothy Hill,Printer,Office Supplies,East,Kolkata,6,54000,5578.48
ORD00837,02-09-2025,CUST1789,Danielle Watson,Mouse,Electronics,West,Chennai,2,1000,244.49
ORD00838,22-05-2024,CUST1908,Carol Sanders,Printer,Office Supplies,North,Bengaluru,1,9000,678.89
ORD00839,03-02-2025,CUST1630,Michael Young,Keyboard,Electronics,West,Ahmedabad,8,9600,1956.01
ORD00840,26-11-2025,CUST1311,Michele Smith,Monitor,Electronics,West,Chennai,6,72000,9502.28
ORD00841,06-06-2025,CUST1413,Casey Perez,Mouse,Electronics,South,Pune,1,500,117.36
ORD00842,24-02-2024,CUST1000,Alexandra Dominguez,Laptop,Electronics,East,Mumbai,6,300000,66994.85
ORD00843,20-12-2025,CUST1604,Virginia Henderson,Chair,Furniture,West,Chennai,1,7000,1472
ORD00844,12-07-2025,CUST1216,Benjamin Reyes,Notebook,Office Supplies,South,Hyderabad,7,700,195.08
ORD00845,03-01-2025,CUST1860,Ashley Edwards,Keyboard,Electronics,West,Bengaluru,4,4800,991.92
ORD00846,14-03-2024,CUST1663,Breanna Ayala,Chair,Furniture,North,Bengaluru,3,21000,4097.97
ORD00847,19-05-2024,CUST1086,Brandi Haney,Printer,Office Supplies,South,Kolkata,7,63000,8095.41
ORD00848,10-04-2025,CUST1521,Joseph Smith,Printer,Office Supplies,West,Hyderabad,7,63000,6765.88
ORD00849,10-03-2025,CUST1619,Jessica Bowen,Notebook,Office Supplies,North,Hyderabad,6,600,150.38
ORD00850,13-07-2025,CUST1590,Brittany Jenkins,Monitor,Electronics,East,Delhi,5,60000,8518.52
ORD00851,25-04-2024,CUST1594,Shannon Miller,Laptop,Electronics,West,Mumbai,8,400000,80850.93
ORD00852,21-03-2024,CUST1535,Paul Lawrence,Keyboard,Electronics,North,Ahmedabad,5,6000,1174.75
ORD00853,06-07-2025,CUST1817,Victor Edwards,Printer,Office Supplies,East,Delhi,2,18000,1998.8
ORD00854,08-06-2025,CUST1927,Donald Miller,Desk,Furniture,West,Chennai,1,15000,1766.38
ORD00855,28-10-2024,CUST1296,Lindsay Lawson,Notebook,Office Supplies,South,Delhi,6,600,229.74
ORD00856,29-04-2025,CUST1592,Melissa Abbott,Chair,Furniture,South,Delhi,5,35000,6447.44
ORD00857,25-03-2024,CUST1129,Elizabeth Holmes,Chair,Furniture,North,Pune,1,7000,1526.16
ORD00858,08-10-2024,CUST1878,Nicole Phillips,Chair,Furniture,East,Delhi,3,21000,5614.76
ORD00859,03-06-2024,CUST1674,Steven Blevins,Mouse,Electronics,West,Chennai,3,1500,411.21
ORD00860,29-08-2024,CUST1496,Brian Porter MD,Keyboard,Electronics,South,Delhi,5,6000,1403.42
ORD00861,01-09-2025,CUST1956,Vanessa Hatfield,Desk,Furniture,South,Hyderabad,2,30000,4609.47
ORD00862,26-03-2025,CUST1743,Bonnie Valencia,Notebook,Office Supplies,South,Ahmedabad,7,700,176.98
ORD00863,28-04-2024,CUST1053,Holly Vega,Desk,Furniture,South,Hyderabad,1,15000,1953.64
ORD00864,29-06-2025,CUST1239,Tiffany Townsend,Notebook,Office Supplies,West,Kolkata,8,800,211.4
ORD00865,21-03-2025,CUST1012,Austin Baker,Printer,Office Supplies,East,Hyderabad,5,45000,3541.9
ORD00866,30-11-2025,CUST1978,Antonio Mccormick,Notebook,Office Supplies,North,Mumbai,6,600,229.87
ORD00867,29-10-2025,CUST1878,Lori Mason,Desk,Furniture,East,Chennai,7,105000,13435.27
ORD00868,18-09-2024,CUST1670,Michael Miller,Chair,Furniture,West,Hyderabad,5,35000,10337.16
ORD00869,24-11-2025,CUST1706,Lisa Ramirez,Monitor,Electronics,South,Chennai,4,48000,7286.19
ORD00870,13-01-2024,CUST1421,Jorge Harris,Laptop,Electronics,North,Mumbai,1,50000,10791.12
ORD00871,17-10-2024,CUST1257,Kimberly Myers,Printer,Office Supplies,South,Delhi,6,54000,4490.91
ORD00872,31-08-2025,CUST1672,Sandra Becker,Laptop,Electronics,South,Mumbai,2,100000,13214.32
ORD00873,13-05-2024,CUST1384,Michael Blair,Mouse,Electronics,South,Mumbai,2,1000,267.05
ORD00874,07-11-2025,CUST1958,Amy Miller,Keyboard,Electronics,North,Hyderabad,5,6000,1052.09
ORD00875,14-11-2025,CUST1788,Jesse Lynch,Chair,Furniture,East,Pune,7,49000,13662.83
ORD00876,04-03-2024,CUST1391,Patrick Yang,Keyboard,Electronics,West,Chennai,2,2400,415.86
ORD00877,28-09-2024,CUST1182,Michael Miles,Laptop,Electronics,West,Mumbai,5,250000,57301.35
ORD00878,01-07-2024,CUST1660,Troy Mills,Printer,Office Supplies,West,Mumbai,4,36000,3838.25
ORD00879,20-10-2025,CUST1108,Michelle Jackson,Keyboard,Electronics,West,Pune,7,8400,1396.13
ORD00880,08-08-2025,CUST1745,Richard Adams,Mouse,Electronics,East,Hyderabad,1,500,81.81
ORD00881,17-10-2025,CUST1000,Patricia Johnson,Laptop,Electronics,North,Kolkata,8,400000,56830.5
ORD00882,04-02-2025,CUST1588,Denise Brown,Chair,Furniture,North,Hyderabad,3,21000,5880.17
ORD00883,12-03-2024,CUST1553,Laura Jones,Printer,Office Supplies,South,Delhi,7,63000,5936.79
ORD00884,02-07-2025,CUST1957,Ian Porter,Notebook,Office Supplies,East,Chennai,8,800,185.45
ORD00885,24-10-2025,CUST1092,Holly Scott,Chair,Furniture,East,Chennai,7,49000,8980.68
ORD00886,23-10-2024,CUST1663,Kenneth Sharp,Mouse,Electronics,South,Bengaluru,8,4000,1017.52
ORD00887,02-11-2024,CUST1712,Jordan Williams,Laptop,Electronics,West,Mumbai,7,350000,69075.75
ORD00888,09-10-2025,CUST1448,Dana Ruiz,Desk,Furniture,South,Bengaluru,8,120000,10813.21
ORD00889,30-08-2025,CUST1244,Chris Velazquez,Laptop,Electronics,West,Kolkata,4,200000,25747.88
ORD00890,05-04-2025,CUST1989,Kristen Sloan,Mouse,Electronics,North,Delhi,5,2500,549.9
ORD00891,13-02-2024,CUST1415,Jennifer Morris,Desk,Furniture,North,Ahmedabad,1,15000,1624.74
ORD00892,26-08-2024,CUST1947,Nathan Nelson,Printer,Office Supplies,North,Delhi,3,27000,3090.5
ORD00893,27-04-2025,CUST1928,Jake Shaw,Keyboard,Electronics,North,Ahmedabad,8,9600,2097.21
ORD00894,21-02-2024,CUST1926,Cassie Brock,Keyboard,Electronics,East,Mumbai,1,1200,192.8
ORD00895,06-03-2024,CUST1837,Dr. Andrea Marshall,Printer,Office Supplies,North,Mumbai,3,27000,3243.27
ORD00896,26-07-2024,CUST1436,Ryan Murphy,Printer,Office Supplies,East,Kolkata,4,36000,2656.32
ORD00897,12-08-2025,CUST1558,Aimee Gonzalez,Desk,Furniture,South,Chennai,2,30000,4627.84
ORD00898,09-12-2024,CUST1064,Elizabeth Dean,Monitor,Electronics,North,Pune,1,12000,1900.53
ORD00899,13-01-2025,CUST1566,Kevin Snyder,Keyboard,Electronics,South,Hyderabad,7,8400,1345.4
ORD00900,09-10-2025,CUST1627,Christie Mccullough,Monitor,Electronics,West,Bengaluru,1,12000,1404.04
ORD00901,08-01-2024,CUST1183,Danielle Smith,Laptop,Electronics,North,Pune,8,400000,53887.22
ORD00902,30-07-2024,CUST1146,David Reed,Notebook,Office Supplies,East,Hyderabad,8,800,267.7
ORD00903,17-09-2025,CUST1708,Sherry Tapia,Notebook,Office Supplies,North,Bengaluru,4,400,151.54
ORD00904,04-11-2024,CUST1356,Matthew Sweeney,Printer,Office Supplies,West,Delhi,2,18000,1937.37
ORD00905,26-06-2025,CUST1097,Ashley Moreno,Monitor,Electronics,East,Ahmedabad,4,48000,5547.63
ORD00906,17-07-2024,CUST1115,Johnathan Brown,Printer,Office Supplies,South,Hyderabad,4,36000,3117.08
ORD00907,14-02-2024,CUST1055,Michelle Davis DVM,Printer,Office Supplies,East,Pune,3,27000,2148.81
ORD00908,23-09-2025,CUST1824,Kelly Haynes,Monitor,Electronics,West,Delhi,7,84000,10720.45
ORD00909,29-06-2024,CUST1161,William Miller,Mouse,Electronics,North,Hyderabad,1,500,138.04
ORD00910,31-03-2025,CUST1606,Casey Wilkins,Mouse,Electronics,East,Kolkata,2,1000,272.15
ORD00911,22-04-2024,CUST1333,Keith Graham,Monitor,Electronics,South,Mumbai,6,72000,9050.81
ORD00912,19-01-2025,CUST1912,Cynthia Green,Monitor,Electronics,South,Mumbai,7,84000,15396.34
ORD00913,22-03-2025,CUST1148,Robert Haynes,Printer,Office Supplies,South,Hyderabad,8,72000,5274.75
ORD00914,13-04-2025,CUST1737,Emily Nelson,Keyboard,Electronics,South,Chennai,7,8400,1552.47
ORD00915,02-02-2024,CUST1708,Dale Chan,Chair,Furniture,North,Pune,4,28000,6310.74
ORD00916,14-04-2025,CUST1428,Brittney Martin,Keyboard,Electronics,South,Chennai,2,2400,581.28
ORD00917,15-10-2025,CUST1975,Jason Herrera,Monitor,Electronics,South,Ahmedabad,5,60000,9559.63
ORD00918,15-05-2025,CUST1882,Christine Parker,Mouse,Electronics,South,Hyderabad,7,3500,934.92
ORD00919,14-03-2025,CUST1753,Bryan Moore,Printer,Office Supplies,South,Ahmedabad,5,45000,3189.16
ORD00920,28-08-2025,CUST1968,Samantha Terry,Desk,Furniture,South,Delhi,7,105000,13200.77
ORD00921,26-04-2025,CUST1751,Russell Murphy,Notebook,Office Supplies,North,Kolkata,1,100,21.72
ORD00922,14-12-2025,CUST1841,David Kelly,Notebook,Office Supplies,North,Hyderabad,8,800,284.6
ORD00923,13-01-2024,CUST1709,Megan Green,Printer,Office Supplies,West,Ahmedabad,4,36000,2699.48
ORD00924,25-10-2025,CUST1092,Amanda Sullivan MD,Keyboard,Electronics,North,Hyderabad,6,7200,1263.56
ORD00925,07-08-2025,CUST1765,Danielle Murray,Chair,Furniture,North,Hyderabad,3,21000,5890.41
ORD00926,19-02-2025,CUST1189,Brenda Smith,Printer,Office Supplies,East,Hyderabad,3,27000,3306.2
ORD00927,08-12-2025,CUST1340,Vickie Anderson,Laptop,Electronics,North,Pune,2,100000,16756.7
ORD00928,19-09-2025,CUST1555,Jacqueline Mccoy,Notebook,Office Supplies,South,Mumbai,5,500,167.82
ORD00929,21-11-2025,CUST1372,Lauren Green,Desk,Furniture,North,Mumbai,1,15000,1815.92
ORD00930,11-02-2024,CUST1374,Alison Brown,Notebook,Office Supplies,East,Bengaluru,6,600,176.26
ORD00931,08-12-2024,CUST1244,Jill Anderson,Mouse,Electronics,North,Hyderabad,4,2000,344.54
ORD00932,30-09-2024,CUST1515,Sandra Rivera,Monitor,Electronics,West,Pune,4,48000,6424.4
ORD00933,08-04-2025,CUST1497,Joel Jackson,Laptop,Electronics,North,Hyderabad,2,100000,16626.39
ORD00934,20-11-2025,CUST1968,Samantha Foster,Chair,Furniture,North,Ahmedabad,8,56000,15015.99
ORD00935,02-07-2024,CUST1295,Michael Thompson,Printer,Office Supplies,North,Mumbai,2,18000,1346.58
ORD00936,31-05-2024,CUST1508,Cody Ramirez,Keyboard,Electronics,South,Ahmedabad,5,6000,920.66
ORD00937,29-11-2025,CUST1554,Amanda Harvey,Laptop,Electronics,South,Hyderabad,5,250000,42746.49
ORD00938,22-10-2025,CUST1021,Edward Jenkins,Desk,Furniture,East,Ahmedabad,7,105000,12175.58
ORD00939,25-08-2024,CUST1854,Amy Ramirez,Mouse,Electronics,East,Kolkata,1,500,134.54
ORD00940,12-11-2025,CUST1713,Curtis Wilkerson,Desk,Furniture,West,Hyderabad,6,90000,10710.24
ORD00941,09-11-2024,CUST1175,Lydia Pham,Chair,Furniture,East,Ahmedabad,3,21000,6504.59
ORD00942,18-02-2024,CUST1151,Virginia Casey,Printer,Office Supplies,East,Pune,6,54000,6925.15
ORD00943,13-06-2024,CUST1728,Joshua Washington,Printer,Office Supplies,East,Bengaluru,3,27000,2892.18
ORD00944,29-04-2024,CUST1042,Kathryn Price,Keyboard,Electronics,East,Bengaluru,3,3600,573.66
ORD00945,29-07-2024,CUST1575,Francis Robinson,Printer,Office Supplies,North,Chennai,5,45000,4148.11
ORD00946,06-07-2025,CUST1998,Paula Brown,Desk,Furniture,South,Pune,3,45000,4988.24
ORD00947,26-05-2025,CUST1786,Kendra Wang DVM,Mouse,Electronics,South,Hyderabad,1,500,103.7
ORD00948,13-07-2025,CUST1999,Ariel Sandoval,Desk,Furniture,East,Pune,3,45000,3793.91
ORD00949,10-08-2025,CUST1682,Robert Stark,Printer,Office Supplies,South,Hyderabad,5,45000,5767.94
ORD00950,11-02-2024,CUST1142,Zachary Robinson,Desk,Furniture,North,Pune,2,30000,4100.34
ORD00951,13-08-2024,CUST1456,Rebecca Kelly,Laptop,Electronics,East,Mumbai,7,350000,67442.33
ORD00952,18-07-2024,CUST1597,Sarah Thompson,Desk,Furniture,South,Pune,1,15000,1916.8
ORD00953,01-04-2025,CUST1693,Renee Wolfe,Monitor,Electronics,North,Kolkata,1,12000,1350.28
ORD00954,11-09-2025,CUST1523,Alyssa Haynes,Monitor,Electronics,North,Chennai,8,96000,12825.43
ORD00955,13-03-2025,CUST1378,Kristy Hart,Notebook,Office Supplies,West,Chennai,3,300,101.66
ORD00956,11-11-2024,CUST1456,William Keith,Laptop,Electronics,North,Ahmedabad,5,250000,40812.85
ORD00957,22-10-2024,CUST1167,Eric Henry Jr.,Printer,Office Supplies,West,Kolkata,7,63000,7447.93
ORD00958,06-11-2024,CUST1486,Daniel Fox,Keyboard,Electronics,East,Mumbai,2,2400,377.37
ORD00959,16-10-2025,CUST1936,Thomas Harris,Notebook,Office Supplies,East,Kolkata,2,200,42.24
ORD00960,20-05-2024,CUST1204,Mitchell Sellers,Keyboard,Electronics,South,Kolkata,8,9600,2162.2
ORD00961,05-11-2024,CUST1854,Erica Johnson,Chair,Furniture,East,Hyderabad,8,56000,10154.76
ORD00962,03-01-2024,CUST1157,Sylvia Schroeder,Printer,Office Supplies,East,Pune,4,36000,2577.97
ORD00963,21-10-2024,CUST1427,Shannon Yu,Printer,Office Supplies,South,Hyderabad,2,18000,1966.12
ORD00964,10-10-2024,CUST1504,Tom Foster,Monitor,Electronics,North,Chennai,1,12000,1388.9
ORD00965,05-10-2025,CUST1702,Eric Taylor,Printer,Office Supplies,West,Mumbai,7,63000,7692.35
ORD00966,15-06-2024,CUST1595,Travis Conner,Desk,Furniture,North,Bengaluru,1,15000,2172.9
ORD00967,18-05-2024,CUST1365,Marie Thompson,Desk,Furniture,South,Delhi,8,120000,17668.66
ORD00968,30-12-2024,CUST1049,Melissa Mcfarland,Chair,Furniture,East,Pune,6,42000,9992.94
ORD00969,06-07-2024,CUST1783,Courtney Chapman,Mouse,Electronics,North,Bengaluru,4,2000,510.34
ORD00970,02-12-2025,CUST1819,Eric Barker,Desk,Furniture,East,Pune,6,90000,12917.81
ORD00971,26-12-2024,CUST1843,Nicholas Rush,Desk,Furniture,South,Delhi,2,30000,3674.35
ORD00972,11-05-2025,CUST1421,Jenna Gamble,Keyboard,Electronics,East,Bengaluru,5,6000,1108.57
ORD00973,14-08-2024,CUST1851,Amanda Guzman,Mouse,Electronics,South,Mumbai,4,2000,348.8
ORD00974,29-04-2024,CUST1838,Tracy Walker,Notebook,Office Supplies,South,Delhi,8,800,299.91
ORD00975,06-01-2025,CUST1142,Taylor Taylor,Printer,Office Supplies,West,Chennai,6,54000,4789.5
ORD00976,01-05-2024,CUST1227,Cynthia Haas,Keyboard,Electronics,South,Bengaluru,5,6000,860.71
ORD00977,13-05-2024,CUST1080,Stephen Davis,Monitor,Electronics,West,Mumbai,5,60000,6976.86
ORD00978,17-03-2025,CUST1043,Margaret Tanner,Mouse,Electronics,South,Mumbai,1,500,128.13
ORD00979,16-09-2024,CUST1044,Derek Wright,Laptop,Electronics,North,Pune,1,50000,8833.04
ORD00980,08-09-2025,CUST1210,David Rodriguez,Laptop,Electronics,South,Bengaluru,2,100000,21049.6
ORD00981,11-10-2024,CUST1971,James Oconnor,Desk,Furniture,East,Chennai,1,15000,1358.04
ORD00982,10-03-2024,CUST1101,Stacey Snyder,Keyboard,Electronics,North,Ahmedabad,4,4800,962.83
ORD00983,04-07-2025,CUST1004,Joshua Garcia,Monitor,Electronics,North,Ahmedabad,5,60000,7227.58
ORD00984,08-07-2024,CUST1450,Sean Curtis,Printer,Office Supplies,North,Bengaluru,6,54000,6041.95
ORD00985,10-06-2025,CUST1233,Carla Jones,Desk,Furniture,West,Mumbai,7,105000,12026.13
ORD00986,16-06-2025,CUST1139,Elizabeth Flores,Desk,Furniture,West,Chennai,2,30000,3526.35
ORD00987,20-05-2025,CUST1118,Angela Jackson,Chair,Furniture,West,Pune,1,7000,1311.36
ORD00988,30-03-2025,CUST1231,Nicholas Payne,Printer,Office Supplies,West,Pune,5,45000,5005.03
ORD00989,02-05-2025,CUST1961,Anna Wheeler,Notebook,Office Supplies,East,Bengaluru,4,400,145.69
ORD00990,09-02-2025,CUST1448,Karen Johnson,Laptop,Electronics,North,Mumbai,8,400000,79434.52
ORD00991,27-08-2025,CUST1104,Carmen Preston,Keyboard,Electronics,South,Mumbai,7,8400,1579.83
ORD00992,01-09-2025,CUST1864,Brian Harris,Desk,Furniture,West,Mumbai,4,60000,6502.89
ORD00993,12-10-2024,CUST1783,Michael Bowen,Monitor,Electronics,East,Kolkata,7,84000,14302.52
ORD00994,18-02-2025,CUST1496,Deborah Campbell,Desk,Furniture,East,Bengaluru,8,120000,15840.09
ORD00995,16-05-2025,CUST1509,Anthony Armstrong,Printer,Office Supplies,South,Bengaluru,2,18000,1391.97
ORD00996,10-03-2024,CUST1510,Brittany Ward,Laptop,Electronics,North,Bengaluru,2,100000,20568.22
ORD00997,28-09-2025,CUST1638,Edward Stanley,Notebook,Office Supplies,North,Mumbai,6,600,142.5
ORD00998,08-11-2025,CUST1509,Christina Johnson,Printer,Office Supplies,West,Pune,8,72000,5912.35
ORD00999,02-02-2024,CUST1440,Edgar Miller,Desk,Furniture,North,Kolkata,1,15000,2288.79
ORD01000,29-03-2025,CUST1470,Elizabeth Sanders,Printer,Office Supplies,North,Delhi,6,54000,6543.31
ORD01001,17-06-2024,CUST1503,Matthew Davis MD,Keyboard,Electronics,West,Bengaluru,5,6000,1476.98
ORD01002,22-04-2024,CUST1582,Stephen Wood,Chair,Furniture,West,Hyderabad,7,49000,12157.79
ORD01003,04-02-2025,CUST1269,Dennis Marshall,Printer,Office Supplies,West,Kolkata,3,27000,2710.83
ORD01004,29-01-2024,CUST1604,Derrick Brown,Desk,Furniture,North,Bengaluru,5,75000,8030.61
ORD01005,20-08-2025,CUST1027,Mary Miller,Desk,Furniture,East,Kolkata,6,90000,12805.91
ORD01006,31-12-2024,CUST1421,Joshua Arellano,Mouse,Electronics,East,Delhi,7,3500,698.46
ORD01007,15-11-2024,CUST1606,Kristen Randall,Monitor,Electronics,North,Mumbai,4,48000,6053.57
ORD01008,21-01-2024,CUST1551,Jennifer Nichols,Chair,Furniture,East,Delhi,2,14000,3158.95
ORD01009,07-03-2025,CUST1273,Karen Keith,Printer,Office Supplies,North,Hyderabad,7,63000,6557.23
ORD01010,03-02-2025,CUST1330,Blake Orr,Laptop,Electronics,North,Hyderabad,6,300000,50038.7
ORD01011,29-05-2025,CUST1830,Kathryn Lester,Mouse,Electronics,East,Bengaluru,4,2000,396.7
ORD01012,25-07-2024,CUST1508,Megan Oliver,Chair,Furniture,North,Ahmedabad,6,42000,13457.39
ORD01013,10-08-2025,CUST1411,Peter Thompson,Chair,Furniture,South,Mumbai,5,35000,6374.54
ORD01014,03-08-2025,CUST1820,Dr. Rhonda Martinez,Mouse,Electronics,West,Kolkata,6,3000,570.25
ORD01015,29-10-2025,CUST1843,William Graham,Monitor,Electronics,East,Pune,6,72000,12715.82
ORD01016,15-02-2025,CUST1257,Lori Flowers MD,Notebook,Office Supplies,West,Bengaluru,6,600,147.61
ORD01017,06-08-2024,CUST1676,Suzanne Jones,Laptop,Electronics,West,Pune,3,150000,28244.86
ORD01018,08-01-2025,CUST1473,James Nguyen,Notebook,Office Supplies,South,Ahmedabad,1,100,30.4
ORD01019,24-02-2025,CUST1326,Jimmy Marks,Keyboard,Electronics,North,Ahmedabad,5,6000,1447.77
ORD01020,23-10-2025,CUST1164,Lisa Mills,Notebook,Office Supplies,East,Ahmedabad,5,500,179.13
ORD01021,15-07-2024,CUST1028,Jason Hernandez,Notebook,Office Supplies,South,Pune,4,400,92.18
ORD01022,22-03-2025,CUST1432,Olivia Ayers,Printer,Office Supplies,North,Ahmedabad,8,72000,7458.44
ORD01023,21-09-2024,CUST1808,Kristine Garcia,Keyboard,Electronics,East,Bengaluru,5,6000,938.23
ORD01024,26-02-2024,CUST1880,Joseph Cooper,Laptop,Electronics,North,Chennai,8,400000,84192.5
ORD01025,20-02-2025,CUST1918,James Washington,Chair,Furniture,East,Mumbai,2,14000,4341.21
ORD01026,07-08-2025,CUST1752,Amanda Hill,Notebook,Office Supplies,North,Pune,3,300,75.75
ORD01027,05-05-2024,CUST1791,Lee Steele,Printer,Office Supplies,East,Chennai,2,18000,1517.12
ORD01028,11-08-2024,CUST1147,Steve Rivera,Notebook,Office Supplies,North,Bengaluru,4,400,151.36
ORD01029,17-09-2024,CUST1883,Patrick Mccall,Monitor,Electronics,North,Hyderabad,5,60000,8673.17
ORD01030,09-03-2025,CUST1486,Alicia Roth,Desk,Furniture,South,Pune,2,30000,3203.62
ORD01031,11-01-2025,CUST1841,Douglas Vasquez,Keyboard,Electronics,East,Delhi,6,7200,1418.59
ORD01032,18-11-2025,CUST1245,Annette Melton,Laptop,Electronics,East,Kolkata,1,50000,10029.69
ORD01033,02-12-2025,CUST1124,William Ramos,Chair,Furniture,South,Hyderabad,6,42000,13039.89
ORD01034,06-02-2025,CUST1949,Debra Butler,Notebook,Office Supplies,East,Pune,1,100,37.38
ORD01035,13-06-2024,CUST1937,Chelsea Lewis,Mouse,Electronics,West,Chennai,4,2000,386.52
ORD01036,23-03-2024,CUST1842,Natalie Malone,Notebook,Office Supplies,West,Hyderabad,1,100,25.93
ORD01037,12-04-2024,CUST1844,Samantha Robertson,Notebook,Office Supplies,South,Pune,6,600,203.48
ORD01038,14-07-2025,CUST1755,Eric Hunter,Mouse,Electronics,East,Hyderabad,6,3000,628.66
ORD01039,07-07-2024,CUST1645,Samuel Suarez,Laptop,Electronics,West,Bengaluru,1,50000,9763.41
ORD01040,08-11-2024,CUST1321,Corey Whitaker,Laptop,Electronics,North,Mumbai,7,350000,51662.85
ORD01041,26-10-2025,CUST1781,Danielle Bryant,Keyboard,Electronics,South,Kolkata,4,4800,969.43
ORD01042,16-05-2024,CUST1266,Michele Hill,Desk,Furniture,South,Chennai,8,120000,14213.08
ORD01043,11-01-2025,CUST1186,Kathy Reid,Chair,Furniture,West,Kolkata,4,28000,5254.48
ORD01044,25-07-2025,CUST1662,Andre Watson,Monitor,Electronics,South,Mumbai,1,12000,2283.96
ORD01045,21-06-2024,CUST1050,Cassandra Harrell,Printer,Office Supplies,West,Kolkata,4,36000,3085.45
ORD01046,11-01-2025,CUST1174,Hannah Martin,Chair,Furniture,North,Delhi,3,21000,3955.54
ORD01047,21-05-2025,CUST1121,Nicole Barker,Notebook,Office Supplies,South,Ahmedabad,8,800,287.13
ORD01048,21-05-2025,CUST1391,James Martin,Monitor,Electronics,South,Kolkata,5,60000,7854.99
ORD01049,16-10-2024,CUST1744,Traci Vincent,Monitor,Electronics,South,Kolkata,4,48000,9339.3
ORD01050,30-01-2024,CUST1297,Megan Adams,Keyboard,Electronics,East,Ahmedabad,7,8400,1974.8
ORD01051,01-12-2025,CUST1662,Alejandro Deleon,Printer,Office Supplies,West,Mumbai,4,36000,3318.42
ORD01052,27-11-2024,CUST1997,Alexa Buck,Laptop,Electronics,West,Ahmedabad,8,400000,56154.45
ORD01053,19-09-2024,CUST1074,Lindsay Smith,Notebook,Office Supplies,North,Delhi,7,700,239.75
ORD01054,27-04-2025,CUST1930,Robert Torres,Laptop,Electronics,East,Delhi,6,300000,67966.49
ORD01055,25-01-2025,CUST1309,Maria Coleman,Laptop,Electronics,West,Chennai,5,250000,45122.63
ORD01056,23-09-2024,CUST1173,Gregory King,Keyboard,Electronics,West,Chennai,1,1200,251.59
ORD01057,28-12-2025,CUST1543,Michael Holloway,Printer,Office Supplies,West,Bengaluru,3,27000,2035.23
ORD01058,10-05-2024,CUST1511,Brian Hunt,Chair,Furniture,East,Chennai,2,14000,3107.87
ORD01059,26-09-2024,CUST1627,Sarah Brooks,Notebook,Office Supplies,East,Chennai,5,500,186.25
ORD01060,18-05-2025,CUST1782,Lisa Evans,Notebook,Office Supplies,South,Hyderabad,3,300,80.04
ORD01061,23-08-2024,CUST1187,Arthur Mcneil,Laptop,Electronics,North,Hyderabad,4,200000,28410.21
ORD01062,22-03-2025,CUST1118,Shannon Green,Chair,Furniture,West,Delhi,3,21000,5898.78
ORD01063,28-07-2025,CUST1496,Stephanie Evans,Printer,Office Supplies,West,Hyderabad,6,54000,6983.77
ORD01064,05-04-2024,CUST1208,Ralph Yoder,Mouse,Electronics,East,Bengaluru,3,1500,255.48
ORD01065,10-11-2025,CUST1599,Rebekah Greene,Keyboard,Electronics,South,Delhi,5,6000,1245.54
ORD01066,09-09-2024,CUST1786,Melanie Griffith,Keyboard,Electronics,West,Mumbai,7,8400,2103.78
ORD01067,27-11-2025,CUST1124,Yolanda Green,Desk,Furniture,West,Chennai,1,15000,1567.02
ORD01068,24-03-2024,CUST1471,James Johnson,Mouse,Electronics,West,Hyderabad,6,3000,522.9
ORD01069,14-02-2024,CUST1671,Laura Lee,Chair,Furniture,West,Chennai,1,7000,1570.9
ORD01070,21-10-2025,CUST1289,Courtney Nichols,Keyboard,Electronics,East,Delhi,4,4800,1169.25
ORD01071,18-09-2024,CUST1182,Susan Powers,Mouse,Electronics,South,Kolkata,7,3500,581.76
ORD01072,15-06-2024,CUST1397,Sarah Pittman,Mouse,Electronics,West,Pune,1,500,133.25
ORD01073,18-03-2025,CUST1753,Catherine Davis,Keyboard,Electronics,East,Bengaluru,2,2400,421.98
ORD01074,08-06-2025,CUST1204,David Stokes,Desk,Furniture,West,Hyderabad,2,30000,4317.23
ORD01075,06-09-2025,CUST1433,Catherine Frazier,Notebook,Office Supplies,North,Kolkata,8,800,206.66
ORD01076,12-03-2025,CUST1095,Brandon Kelly,Desk,Furniture,North,Chennai,3,45000,5186.5
ORD01077,31-12-2025,CUST1158,Elizabeth French,Printer,Office Supplies,West,Mumbai,4,36000,3918.84
ORD01078,04-05-2025,CUST1307,David Carter,Chair,Furniture,South,Bengaluru,8,56000,13473.79
ORD01079,29-10-2024,CUST1582,Julie Delacruz,Chair,Furniture,North,Mumbai,4,28000,7096.99
ORD01080,26-02-2025,CUST1096,Terry Jones,Laptop,Electronics,West,Pune,2,100000,18115.04
ORD01081,30-05-2025,CUST1016,Kathryn Dillon,Desk,Furniture,North,Hyderabad,5,75000,9462.07
ORD01082,16-02-2024,CUST1085,Edwin Brown,Keyboard,Electronics,West,Pune,3,3600,868.14
ORD01083,05-04-2025,CUST1638,Brenda Gonzalez,Desk,Furniture,East,Chennai,8,120000,16623.54
ORD01084,10-09-2025,CUST1265,Keith Knox,Keyboard,Electronics,North,Kolkata,4,4800,778.61
ORD01085,14-01-2024,CUST1175,Eugene Baldwin,Laptop,Electronics,West,Hyderabad,1,50000,8432.64
ORD01086,23-09-2025,CUST1369,Katherine Welch,Notebook,Office Supplies,West,Pune,8,800,211.6
ORD01087,14-07-2024,CUST1114,Mark Smith,Mouse,Electronics,North,Ahmedabad,3,1500,257.75
ORD01088,28-05-2024,CUST1665,Philip Jackson,Laptop,Electronics,South,Kolkata,4,200000,35592.13
ORD01089,19-04-2025,CUST1151,Katherine Gallagher,Monitor,Electronics,West,Kolkata,2,24000,3169.98
ORD01090,05-06-2024,CUST1756,Lucas Schultz,Laptop,Electronics,West,Hyderabad,2,100000,14393.94
ORD01091,22-08-2025,CUST1248,Vincent Reyes,Printer,Office Supplies,South,Pune,1,9000,1094.29
ORD01092,15-04-2024,CUST1645,Curtis Watson,Notebook,Office Supplies,West,Kolkata,1,100,27.01
ORD01093,13-02-2025,CUST1497,Frank Whitaker,Printer,Office Supplies,West,Ahmedabad,5,45000,3249.95
ORD01094,19-11-2024,CUST1566,Michael Sims,Laptop,Electronics,North,Pune,1,50000,8578.82
ORD01095,29-09-2025,CUST1961,Michael Cooper,Notebook,Office Supplies,East,Hyderabad,8,800,184.84
ORD01096,15-07-2024,CUST1480,James Chapman,Notebook,Office Supplies,East,Hyderabad,1,100,23.9
ORD01097,02-12-2025,CUST1347,Rodney Evans,Monitor,Electronics,West,Bengaluru,4,48000,7578.69
ORD01098,20-11-2025,CUST1668,Nicholas Carlson,Chair,Furniture,East,Hyderabad,7,49000,15629.55
ORD01099,29-03-2024,CUST1683,Stephen Cowan,Keyboard,Electronics,West,Bengaluru,4,4800,834.7
ORD01100,18-05-2025,CUST1103,Steven Howard,Keyboard,Electronics,West,Hyderabad,4,4800,762.04
ORD01101,18-02-2024,CUST1018,Travis Hull,Chair,Furniture,East,Pune,4,28000,5779.62
ORD01102,30-05-2025,CUST1032,Darryl Acosta,Desk,Furniture,North,Chennai,3,45000,4346.08
ORD01103,03-05-2024,CUST1575,Nicholas Lawrence,Notebook,Office Supplies,South,Hyderabad,2,200,64.23
ORD01104,17-02-2024,CUST1788,Jacob Santos,Chair,Furniture,East,Bengaluru,6,42000,12294.78
ORD01105,24-03-2025,CUST1818,Shawn Scott,Mouse,Electronics,West,Mumbai,1,500,138.16
ORD01106,12-02-2024,CUST1519,Amber Vang,Mouse,Electronics,North,Bengaluru,2,1000,262.72
ORD01107,09-06-2024,CUST1745,Martha Smith,Mouse,Electronics,East,Hyderabad,4,2000,548.5
ORD01108,07-01-2025,CUST1342,Jennifer James,Printer,Office Supplies,South,Mumbai,2,18000,1426.64
ORD01109,07-01-2024,CUST1251,Kara Hernandez,Monitor,Electronics,West,Chennai,8,96000,18457.66
ORD01110,16-01-2025,CUST1732,Lorraine Turner,Chair,Furniture,West,Chennai,3,21000,3943.49
ORD01111,26-06-2025,CUST1431,Mary Nelson,Monitor,Electronics,South,Bengaluru,3,36000,6220.39
ORD01112,14-04-2025,CUST1974,Breanna Rivas,Notebook,Office Supplies,East,Delhi,7,700,262.67
ORD01113,13-06-2025,CUST1966,Nathan Wilson,Printer,Office Supplies,North,Mumbai,3,27000,3137.65
ORD01114,17-06-2024,CUST1444,Brian Gonzalez,Desk,Furniture,North,Kolkata,6,90000,10162.7
ORD01115,29-02-2024,CUST1646,Dennis Mills,Laptop,Electronics,East,Kolkata,3,150000,33520.68
ORD01116,17-11-2024,CUST1931,Michael Phillips,Notebook,Office Supplies,East,Delhi,5,500,169.94
ORD01117,01-04-2025,CUST1659,Jon Clark,Chair,Furniture,South,Hyderabad,3,21000,5880.93
ORD01118,04-11-2024,CUST1086,Erin Smith,Desk,Furniture,North,Chennai,7,105000,14682.03
ORD01119,07-07-2025,CUST1290,Susan Conley,Notebook,Office Supplies,South,Mumbai,3,300,91.11
ORD01120,12-06-2024,CUST1023,Brittany Davis,Chair,Furniture,North,Pune,6,42000,12119.39
ORD01121,01-06-2025,CUST1113,Misty Garcia,Monitor,Electronics,North,Chennai,5,60000,10223.15
ORD01122,28-10-2025,CUST1963,David Hinton,Chair,Furniture,North,Hyderabad,6,42000,8130.02
ORD01123,29-08-2024,CUST1824,John Garcia,Chair,Furniture,South,Chennai,1,7000,1700.8
ORD01124,09-08-2025,CUST1688,Andrew Roberts,Chair,Furniture,South,Kolkata,5,35000,9626.34
ORD01125,19-08-2025,CUST1197,Emily Rodgers,Monitor,Electronics,East,Hyderabad,2,24000,3228.15
ORD01126,25-02-2025,CUST1083,Peter Williams,Mouse,Electronics,North,Delhi,3,1500,371.9
ORD01127,01-04-2025,CUST1079,Mary Jackson,Notebook,Office Supplies,East,Kolkata,3,300,88.72
ORD01128,13-10-2025,CUST1433,Jeffrey Howell,Notebook,Office Supplies,West,Hyderabad,5,500,157.59
ORD01129,10-05-2024,CUST1496,Anna Briggs,Notebook,Office Supplies,West,Bengaluru,3,300,70.79
ORD01130,03-02-2024,CUST1764,James Rivers,Mouse,Electronics,South,Chennai,4,2000,428.23
ORD01131,13-01-2025,CUST1585,James Jefferson,Mouse,Electronics,East,Delhi,7,3500,589.98
ORD01132,18-01-2025,CUST1310,Mariah Robles,Keyboard,Electronics,East,Hyderabad,2,2400,442.98
ORD01133,26-08-2025,CUST1431,Michael Brown,Laptop,Electronics,North,Pune,3,150000,21202.66
ORD01134,15-05-2025,CUST1002,Caitlin Perry,Chair,Furniture,North,Chennai,4,28000,5668.92
ORD01135,09-08-2025,CUST1317,Rebekah Gregory,Mouse,Electronics,West,Chennai,1,500,104.56
ORD01136,12-09-2025,CUST1135,James Howard,Notebook,Office Supplies,South,Hyderabad,8,800,288.16
ORD01137,29-11-2024,CUST1091,Michael Roberson,Printer,Office Supplies,West,Kolkata,8,72000,5683.6
ORD01138,16-02-2024,CUST1981,Bianca Knapp,Monitor,Electronics,West,Pune,7,84000,11382.82
ORD01139,08-08-2025,CUST1645,Jason Williams,Mouse,Electronics,East,Mumbai,3,1500,371.03
ORD01140,08-07-2025,CUST1590,Ernest Bush,Mouse,Electronics,North,Ahmedabad,4,2000,560.16
ORD01141,28-06-2025,CUST1184,Patricia Ray,Printer,Office Supplies,North,Pune,1,9000,694.95
ORD01142,16-08-2025,CUST1454,Vanessa Santiago,Monitor,Electronics,North,Chennai,4,48000,8624.26
ORD01143,24-01-2024,CUST1348,Joseph Haynes,Notebook,Office Supplies,West,Bengaluru,1,100,29.85
ORD01144,20-11-2024,CUST1391,Matthew Wright,Notebook,Office Supplies,East,Mumbai,1,100,36.47
ORD01145,19-10-2024,CUST1147,Michael Cruz,Mouse,Electronics,South,Pune,2,1000,225.51
ORD01146,21-02-2025,CUST1694,Kristin Huerta,Mouse,Electronics,South,Delhi,3,1500,291.75
ORD01147,29-02-2024,CUST1305,Mason Moore,Desk,Furniture,West,Mumbai,3,45000,3868.03
ORD01148,27-11-2024,CUST1264,Sarah Booth,Desk,Furniture,West,Mumbai,3,45000,5117.55
ORD01149,03-09-2025,CUST1600,John Allen,Laptop,Electronics,South,Hyderabad,4,200000,30375.86
ORD01150,21-11-2024,CUST1475,Amber Walker,Notebook,Office Supplies,West,Mumbai,2,200,51.69
ORD01151,27-08-2024,CUST1935,Jennifer Young,Printer,Office Supplies,North,Pune,1,9000,850.05
ORD01152,29-10-2025,CUST1804,Robert West,Mouse,Electronics,South,Pune,4,2000,509.43
ORD01153,13-10-2025,CUST1512,Jillian Wilson,Notebook,Office Supplies,South,Bengaluru,8,800,180.08
ORD01154,04-07-2025,CUST1975,Matthew Garcia MD,Desk,Furniture,West,Hyderabad,3,45000,6313.76
ORD01155,27-09-2025,CUST1296,April Davis,Laptop,Electronics,South,Delhi,1,50000,10688.28
ORD01156,13-09-2024,CUST1859,Lisa Torres,Laptop,Electronics,West,Chennai,8,400000,62206.69
ORD01157,30-06-2025,CUST1576,Christine Powers,Monitor,Electronics,North,Pune,5,60000,6545.62
ORD01158,23-05-2024,CUST1742,Heidi Brown,Mouse,Electronics,East,Kolkata,7,3500,861.67
ORD01159,16-12-2024,CUST1650,Jesse Castro,Monitor,Electronics,East,Hyderabad,6,72000,13287.88
ORD01160,25-11-2024,CUST1349,Kara Sandoval,Chair,Furniture,South,Hyderabad,4,28000,7681.56
ORD01161,16-05-2024,CUST1661,Ashley Malone,Desk,Furniture,North,Hyderabad,1,15000,2247.14
ORD01162,27-02-2025,CUST1569,Glenn Gallegos,Laptop,Electronics,West,Kolkata,1,50000,9932.61
ORD01163,18-11-2025,CUST1455,Dorothy Boyd,Mouse,Electronics,North,Chennai,2,1000,225.1
ORD01164,14-12-2025,CUST1008,Amber Martin,Notebook,Office Supplies,North,Hyderabad,6,600,167.77
ORD01165,14-08-2024,CUST1760,Mitchell Griffith,Desk,Furniture,North,Pune,4,60000,6960.58
ORD01166,20-09-2025,CUST1640,Levi Lopez,Desk,Furniture,East,Ahmedabad,4,60000,5428.66
ORD01167,07-02-2024,CUST1287,Jenna Bryant,Monitor,Electronics,West,Ahmedabad,8,96000,18437.44
ORD01168,15-10-2025,CUST1405,Michelle Rodriguez,Laptop,Electronics,North,Pune,4,200000,46460.09
ORD01169,06-11-2025,CUST1756,Timothy Monroe,Printer,Office Supplies,South,Mumbai,3,27000,2783.89
ORD01170,06-08-2025,CUST1876,Patricia Hayes,Keyboard,Electronics,South,Pune,2,2400,372.7
ORD01171,10-12-2025,CUST1694,Tina Taylor,Monitor,Electronics,East,Hyderabad,1,12000,2331.31
ORD01172,27-10-2025,CUST1053,Mr. Anthony Mcconnell PhD,Laptop,Electronics,East,Kolkata,7,350000,68328.53
ORD01173,14-06-2025,CUST1477,Mr. Thomas Thompson,Notebook,Office Supplies,West,Chennai,5,500,115.95
ORD01174,06-03-2025,CUST1545,Monica Anderson,Laptop,Electronics,West,Chennai,4,200000,26214.44
ORD01175,24-03-2024,CUST1901,Kyle Andrade,Laptop,Electronics,North,Ahmedabad,7,350000,51456.19
ORD01176,20-07-2024,CUST1168,Janice Petty,Notebook,Office Supplies,East,Pune,2,200,75.01
ORD01177,18-03-2025,CUST1827,Pamela Hill,Mouse,Electronics,North,Chennai,2,1000,157.68
ORD01178,01-09-2024,CUST1981,Tracy Chavez,Chair,Furniture,East,Delhi,4,28000,5352.93
ORD01179,06-09-2025,CUST1634,Jason Graves,Desk,Furniture,West,Mumbai,4,60000,9116.13
ORD01180,03-03-2024,CUST1938,Elizabeth Miles,Printer,Office Supplies,North,Kolkata,2,18000,1352.38
ORD01181,04-03-2024,CUST1941,Michelle Walls,Desk,Furniture,West,Delhi,2,30000,4210.52
ORD01182,24-11-2025,CUST1057,Christina Weber,Chair,Furniture,North,Pune,7,49000,9058.56
ORD01183,24-02-2025,CUST1238,Gregory Chambers,Notebook,Office Supplies,North,Hyderabad,7,700,159.07
ORD01184,27-09-2025,CUST1634,Miss Tina Gordon,Notebook,Office Supplies,North,Chennai,8,800,282.5
ORD01185,24-08-2025,CUST1197,Erica Wilson,Laptop,Electronics,North,Mumbai,8,400000,72743.6
ORD01186,17-07-2024,CUST1926,John Duncan,Laptop,Electronics,South,Pune,2,100000,19003.17
ORD01187,27-09-2025,CUST1455,Jennifer Adkins,Desk,Furniture,South,Ahmedabad,7,105000,12459.38
ORD01188,15-11-2024,CUST1598,Donna Boone,Keyboard,Electronics,West,Chennai,1,1200,176.71
ORD01189,12-11-2024,CUST1617,Kelly Johnson,Chair,Furniture,East,Pune,3,21000,4139.34
ORD01190,04-11-2025,CUST1694,Michael Gonzalez,Desk,Furniture,South,Delhi,1,15000,1819.1
ORD01191,19-07-2024,CUST1999,Candace Mitchell,Monitor,Electronics,South,Ahmedabad,1,12000,1715.83
ORD01192,02-05-2025,CUST1711,Ryan Vaughn,Mouse,Electronics,West,Chennai,6,3000,536.98
ORD01193,15-06-2024,CUST1107,Paul Johnson,Desk,Furniture,West,Delhi,5,75000,8560.95
ORD01194,16-10-2025,CUST1228,Ashley Parrish,Printer,Office Supplies,South,Hyderabad,4,36000,4507.1
ORD01195,05-12-2024,CUST1826,Sharon Newton,Monitor,Electronics,West,Ahmedabad,4,48000,7116.82
ORD01196,07-01-2024,CUST1371,Cynthia Mueller,Notebook,Office Supplies,North,Mumbai,3,300,107.61
ORD01197,25-05-2024,CUST1297,Donna Beck,Desk,Furniture,West,Ahmedabad,1,15000,1859.07
ORD01198,22-07-2024,CUST1202,Jasmine Frye,Desk,Furniture,East,Bengaluru,1,15000,2313.33
ORD01199,13-12-2024,CUST1867,Emily Arnold,Monitor,Electronics,South,Bengaluru,5,60000,10181.72
ORD01200,25-09-2024,CUST1932,David Oliver,Monitor,Electronics,North,Delhi,1,12000,1450.16
ORD01201,23-04-2024,CUST1346,Sheila Greer,Keyboard,Electronics,South,Pune,7,8400,1836.11
ORD01202,16-01-2025,CUST1676,Michele Holland,Printer,Office Supplies,South,Kolkata,4,36000,3318.42
ORD01203,13-05-2024,CUST1813,Kimberly Morrison,Mouse,Electronics,South,Ahmedabad,2,1000,173.07
ORD01204,15-03-2025,CUST1651,Tracey Phillips,Notebook,Office Supplies,South,Delhi,6,600,160.34
ORD01205,01-12-2024,CUST1253,Michael Lopez,Monitor,Electronics,North,Pune,5,60000,10563.77
ORD01206,24-03-2024,CUST1803,Jose Bennett,Keyboard,Electronics,West,Mumbai,8,9600,1585.04
ORD01207,22-10-2025,CUST1769,Justin Anderson,Keyboard,Electronics,East,Hyderabad,7,8400,1933.32
ORD01208,17-01-2025,CUST1538,Dawn Rivera,Printer,Office Supplies,West,Hyderabad,3,27000,2411.35
ORD01209,15-10-2025,CUST1943,Brittney Hernandez,Printer,Office Supplies,North,Ahmedabad,5,45000,4719.2
ORD01210,28-08-2024,CUST1405,Anthony Randolph,Monitor,Electronics,South,Pune,4,48000,6992.99
ORD01211,18-01-2025,CUST1260,Mary Henry,Notebook,Office Supplies,North,Bengaluru,7,700,218.99
ORD01212,26-12-2024,CUST1235,Heather Bowers,Mouse,Electronics,North,Hyderabad,5,2500,531.69
ORD01213,18-03-2025,CUST1418,Daniel White,Desk,Furniture,East,Hyderabad,7,105000,12230.7
ORD01214,02-07-2024,CUST1452,Jonathan Perry,Desk,Furniture,South,Pune,5,75000,8364.8
ORD01215,28-10-2024,CUST1862,Anna Walker,Mouse,Electronics,North,Pune,6,3000,818.98
ORD01216,03-01-2025,CUST1039,Gary Ward,Monitor,Electronics,South,Chennai,2,24000,2776.15
ORD01217,30-11-2025,CUST1865,Paul Moreno,Monitor,Electronics,East,Ahmedabad,6,72000,9180.15
ORD01218,02-11-2024,CUST1288,Samantha Zavala MD,Keyboard,Electronics,East,Kolkata,5,6000,846.14
ORD01219,08-06-2025,CUST1779,Jill Conway,Notebook,Office Supplies,South,Kolkata,1,100,29.5
ORD01220,02-08-2024,CUST1485,Lisa Haley,Monitor,Electronics,South,Hyderabad,4,48000,8164.81
ORD01221,16-11-2024,CUST1866,Erica Moon,Printer,Office Supplies,South,Kolkata,6,54000,6345.8
ORD01222,25-07-2025,CUST1030,Janice Fernandez,Notebook,Office Supplies,East,Bengaluru,4,400,115.59
ORD01223,10-01-2024,CUST1511,Thomas Short,Keyboard,Electronics,East,Chennai,5,6000,1519.21
ORD01224,17-02-2025,CUST1781,Robert Griffin,Monitor,Electronics,East,Chennai,7,84000,12038.44
ORD01225,06-06-2024,CUST1975,Steven Lee,Laptop,Electronics,East,Kolkata,1,50000,11279.58
ORD01226,06-03-2024,CUST1547,Tiffany Jackson,Notebook,Office Supplies,West,Ahmedabad,4,400,152.31
ORD01227,07-04-2025,CUST1654,Kimberly Smith,Printer,Office Supplies,East,Mumbai,2,18000,1615.15
ORD01228,30-06-2024,CUST1032,Michael Ayala,Keyboard,Electronics,West,Delhi,2,2400,530.37
ORD01229,30-01-2025,CUST1290,Jessica Garcia,Keyboard,Electronics,South,Ahmedabad,4,4800,712.03
ORD01230,12-01-2025,CUST1530,Michele Cherry,Chair,Furniture,North,Bengaluru,2,14000,3404.79
ORD01231,23-04-2024,CUST1132,Maria Case,Desk,Furniture,West,Hyderabad,7,105000,11776.76
ORD01232,30-07-2024,CUST1133,Brittany Stevens,Mouse,Electronics,South,Pune,7,3500,980.25
ORD01233,11-08-2025,CUST1961,Brandon Brown,Notebook,Office Supplies,East,Ahmedabad,8,800,190.86
ORD01234,26-05-2024,CUST1456,Kristin Andrews,Printer,Office Supplies,North,Kolkata,5,45000,3694.6
ORD01235,17-05-2025,CUST1471,David Hughes,Monitor,Electronics,West,Delhi,6,72000,13458.76
ORD01236,12-04-2025,CUST1355,Jessica Smith,Mouse,Electronics,East,Kolkata,5,2500,598.28
ORD01237,24-09-2025,CUST1750,Kimberly May,Keyboard,Electronics,West,Hyderabad,7,8400,1427.13
ORD01238,07-04-2024,CUST1402,Nicole Richards,Notebook,Office Supplies,North,Ahmedabad,3,300,100.72
ORD01239,04-07-2025,CUST1298,Angel Reilly,Keyboard,Electronics,North,Ahmedabad,5,6000,1475.44
ORD01240,20-07-2025,CUST1124,Richard Turner,Printer,Office Supplies,East,Mumbai,7,63000,8161.23
ORD01241,17-06-2024,CUST1258,Preston Kim,Mouse,Electronics,South,Delhi,6,3000,624.4
ORD01242,12-12-2025,CUST1691,Matthew Wells,Printer,Office Supplies,West,Kolkata,1,9000,669.53
ORD01243,10-02-2025,CUST1038,Brandy Myers,Desk,Furniture,North,Pune,7,105000,15289.64
ORD01244,20-04-2025,CUST1496,Kimberly Choi,Mouse,Electronics,West,Mumbai,3,1500,295.77
ORD01245,24-03-2025,CUST1143,Michael Sloan,Mouse,Electronics,West,Pune,4,2000,496.39
ORD01246,13-09-2025,CUST1102,Monica Brooks,Keyboard,Electronics,South,Pune,3,3600,866.23
ORD01247,18-11-2025,CUST1781,Kristen Peters,Mouse,Electronics,North,Pune,7,3500,616.83
ORD01248,09-08-2024,CUST1731,Aaron Carlson,Keyboard,Electronics,North,Ahmedabad,8,9600,1756.52
ORD01249,19-06-2025,CUST1656,Theresa Torres,Printer,Office Supplies,North,Kolkata,1,9000,1081.71
ORD01250,05-01-2024,CUST1049,Stephanie Cooper,Chair,Furniture,West,Ahmedabad,8,56000,10240.29
ORD01251,23-07-2024,CUST1093,Matthew Hunt,Monitor,Electronics,North,Kolkata,6,72000,13448.74
ORD01252,15-07-2024,CUST1696,Daniel Davenport,Laptop,Electronics,North,Ahmedabad,1,50000,8120.43
ORD01253,15-02-2024,CUST1425,Christopher Marsh,Mouse,Electronics,North,Chennai,3,1500,374.35
ORD01254,08-07-2025,CUST1404,Sarah Randolph,Desk,Furniture,West,Mumbai,4,60000,7738.59
ORD01255,27-11-2024,CUST1177,Julia Dunn MD,Monitor,Electronics,North,Kolkata,4,48000,5497.42
ORD01256,14-04-2025,CUST1225,Brett Swanson,Desk,Furniture,North,Pune,1,15000,1680.32
ORD01257,11-08-2024,CUST1420,Mr. Carl Rios,Desk,Furniture,East,Hyderabad,1,15000,1332.72
ORD01258,07-04-2024,CUST1614,Manuel Mccullough,Mouse,Electronics,East,Kolkata,3,1500,280.88
ORD01259,05-12-2025,CUST1325,Jerry Jensen,Keyboard,Electronics,West,Mumbai,6,7200,1159.49
ORD01260,22-08-2025,CUST1459,Kevin Cunningham,Desk,Furniture,West,Ahmedabad,1,15000,1917.22
ORD01261,07-05-2024,CUST1316,Eugene Patterson,Laptop,Electronics,South,Kolkata,4,200000,25658.21
ORD01262,18-01-2025,CUST1510,David Walker,Monitor,Electronics,East,Ahmedabad,2,24000,2649.43
ORD01263,08-02-2024,CUST1243,Jessica Larsen,Keyboard,Electronics,West,Chennai,7,8400,1382.02
ORD01264,10-02-2024,CUST1533,Nicholas Humphrey,Keyboard,Electronics,West,Pune,5,6000,1068.63
ORD01265,05-12-2024,CUST1350,Ian Torres,Laptop,Electronics,South,Ahmedabad,4,200000,43493.79
ORD01266,13-12-2025,CUST1736,Casey Obrien,Laptop,Electronics,South,Kolkata,4,200000,42511.36
ORD01267,07-01-2024,CUST1066,Shannon Taylor,Desk,Furniture,West,Mumbai,3,45000,5213.25
ORD01268,24-05-2024,CUST1960,Deborah Mercado,Monitor,Electronics,South,Bengaluru,1,12000,1945.12
ORD01269,28-07-2024,CUST1241,Bernard Smith,Mouse,Electronics,North,Kolkata,3,1500,348.34
ORD01270,21-07-2024,CUST1250,Amanda Perkins,Printer,Office Supplies,West,Bengaluru,5,45000,3593.23
ORD01271,04-04-2025,CUST1990,Kevin Escobar,Monitor,Electronics,South,Pune,5,60000,7840.91
ORD01272,03-01-2025,CUST1407,Kimberly Lutz,Printer,Office Supplies,West,Bengaluru,2,18000,2287.09
ORD01273,16-09-2025,CUST1752,Reginald Diaz,Printer,Office Supplies,West,Bengaluru,8,72000,6866.05
ORD01274,13-03-2025,CUST1874,Raymond Quinn,Printer,Office Supplies,North,Pune,1,9000,1041.44
ORD01275,19-04-2025,CUST1313,John Dixon,Keyboard,Electronics,West,Pune,3,3600,615.15
ORD01276,19-05-2024,CUST1732,Jonathan Bates,Notebook,Office Supplies,West,Ahmedabad,8,800,178.36
ORD01277,27-05-2025,CUST1747,Renee Mendez,Keyboard,Electronics,East,Hyderabad,4,4800,674.41
ORD01278,17-01-2025,CUST1393,Jose Griffin,Notebook,Office Supplies,West,Pune,7,700,265.48
ORD01279,07-05-2024,CUST1394,Travis Hopkins,Mouse,Electronics,South,Ahmedabad,7,3500,947.87
ORD01280,22-12-2024,CUST1521,Nancy Webb,Notebook,Office Supplies,West,Chennai,5,500,174.41
ORD01281,09-09-2024,CUST1248,Daniel Freeman,Laptop,Electronics,West,Delhi,7,350000,79122.41
ORD01282,22-10-2025,CUST1151,Jacob Williams,Desk,Furniture,East,Hyderabad,1,15000,2013.27
ORD01283,15-08-2025,CUST1974,Terry Ward,Keyboard,Electronics,South,Delhi,5,6000,1018.14
ORD01284,28-01-2025,CUST1407,Jesse Williams,Mouse,Electronics,North,Ahmedabad,2,1000,239.06
ORD01285,15-09-2024,CUST1708,Mrs. Michele Boyd,Notebook,Office Supplies,East,Kolkata,3,300,107.81
ORD01286,01-04-2024,CUST1111,Sandy Baker,Chair,Furniture,East,Bengaluru,7,49000,14105.6
ORD01287,11-02-2025,CUST1715,Carrie Valdez,Chair,Furniture,East,Delhi,4,28000,8806.07
ORD01288,12-03-2024,CUST1792,Matthew Houston,Keyboard,Electronics,West,Kolkata,8,9600,1345.82
ORD01289,18-01-2025,CUST1190,Jamie Solomon,Chair,Furniture,South,Ahmedabad,7,49000,9829.16
ORD01290,22-04-2024,CUST1461,Heather Parrish,Printer,Office Supplies,South,Bengaluru,3,27000,2704.23
ORD01291,15-07-2024,CUST1265,Mr. Larry Shaw,Monitor,Electronics,West,Hyderabad,1,12000,2069.91
ORD01292,28-03-2024,CUST1386,Christopher Jones,Mouse,Electronics,North,Pune,3,1500,246.8
ORD01293,28-08-2024,CUST1489,Christine Lopez,Mouse,Electronics,West,Mumbai,6,3000,473.75
ORD01294,08-01-2024,CUST1681,Mitchell Wilson,Laptop,Electronics,North,Mumbai,1,50000,7736.84
ORD01295,16-06-2025,CUST1985,Robert Cortez,Monitor,Electronics,East,Hyderabad,1,12000,1665.72
ORD01296,10-12-2024,CUST1379,Mr. Daniel Martin,Printer,Office Supplies,East,Chennai,6,54000,5738.16
ORD01297,22-01-2025,CUST1625,Alison Williams,Monitor,Electronics,North,Chennai,6,72000,11869.71
ORD01298,16-12-2025,CUST1411,Candace Soto,Desk,Furniture,South,Delhi,2,30000,2526.66
ORD01299,11-09-2024,CUST1377,Kenneth Brown,Mouse,Electronics,West,Hyderabad,5,2500,698.85
ORD01300,15-10-2025,CUST1980,Christopher Mullen,Notebook,Office Supplies,East,Delhi,4,400,84.23
ORD01301,29-11-2024,CUST1694,Kristy Smith,Desk,Furniture,West,Ahmedabad,1,15000,2307.17
ORD01302,24-03-2024,CUST1356,Mary Campbell,Printer,Office Supplies,West,Hyderabad,7,63000,7204.19
ORD01303,18-07-2024,CUST1729,Jerry Haney,Mouse,Electronics,South,Delhi,7,3500,674.76
ORD01304,04-11-2024,CUST1852,Carolyn Greer,Keyboard,Electronics,West,Bengaluru,8,9600,2261.94
ORD01305,07-07-2025,CUST1246,Rebecca Hoover,Printer,Office Supplies,South,Ahmedabad,2,18000,1780.74
ORD01306,30-01-2024,CUST1164,Matthew Baker,Keyboard,Electronics,East,Kolkata,2,2400,366.38
ORD01307,12-11-2025,CUST1487,Grace Chavez,Chair,Furniture,North,Bengaluru,4,28000,7920.53
ORD01308,06-12-2024,CUST1892,Crystal Cruz,Printer,Office Supplies,South,Mumbai,2,18000,2119.18
ORD01309,25-01-2025,CUST1669,Dale Heath,Desk,Furniture,West,Ahmedabad,7,105000,15700.86
ORD01310,30-03-2024,CUST1114,Jennifer Hernandez,Monitor,Electronics,North,Chennai,5,60000,6924.73
ORD01311,10-05-2024,CUST1873,John Mendez,Monitor,Electronics,East,Kolkata,2,24000,3757.33
ORD01312,02-07-2025,CUST1194,Richard Gordon,Laptop,Electronics,West,Kolkata,5,250000,33170.89
ORD01313,09-05-2024,CUST1532,John Anderson,Desk,Furniture,South,Mumbai,6,90000,12727.92
ORD01314,16-04-2025,CUST1323,Samantha Prince,Notebook,Office Supplies,South,Pune,1,100,30.69
ORD01315,30-05-2024,CUST1615,Marie Boyd,Monitor,Electronics,East,Bengaluru,8,96000,15955.04
ORD01316,06-12-2025,CUST1126,Andrew Moreno,Laptop,Electronics,East,Hyderabad,6,300000,47808.08
ORD01317,20-01-2025,CUST1060,Robert Clarke,Monitor,Electronics,East,Bengaluru,8,96000,12598.52
ORD01318,23-02-2024,CUST1945,Kevin Figueroa,Monitor,Electronics,South,Hyderabad,4,48000,8065.76
ORD01319,06-11-2025,CUST1934,Melissa Davis,Notebook,Office Supplies,South,Delhi,5,500,193.6
ORD01320,29-04-2025,CUST1356,John Hall,Notebook,Office Supplies,West,Kolkata,6,600,171.62
ORD01321,18-07-2024,CUST1717,Diane Mcdowell,Mouse,Electronics,West,Mumbai,5,2500,478.18
ORD01322,17-08-2025,CUST1886,Colin Fletcher,Keyboard,Electronics,North,Pune,6,7200,1657.96
ORD01323,28-03-2025,CUST1712,Laura Wilson,Printer,Office Supplies,West,Pune,3,27000,2825
ORD01324,19-07-2024,CUST1752,Matthew Watts,Keyboard,Electronics,North,Chennai,4,4800,797.65
ORD01325,13-03-2025,CUST1695,Jack Moore,Mouse,Electronics,South,Delhi,3,1500,305.56
ORD01326,02-07-2024,CUST1967,Dawn Wyatt,Mouse,Electronics,North,Mumbai,6,3000,847.77
ORD01327,04-10-2025,CUST1739,Jacob Hill,Desk,Furniture,West,Ahmedabad,7,105000,16151.14
ORD01328,15-05-2025,CUST1309,Nicole Gutierrez,Laptop,Electronics,South,Kolkata,2,100000,15201.24
ORD01329,27-10-2025,CUST1391,Karen Wood,Mouse,Electronics,East,Hyderabad,8,4000,1072.66
ORD01330,25-03-2024,CUST1124,Dawn Parker,Desk,Furniture,West,Ahmedabad,1,15000,1389.6
ORD01331,06-04-2024,CUST1813,Michael Fitzgerald,Laptop,Electronics,South,Kolkata,8,400000,62224.91
ORD01332,08-05-2024,CUST1101,Mary Adkins,Printer,Office Supplies,East,Mumbai,7,63000,5537.81
ORD01333,21-01-2024,CUST1403,Michael Martin,Keyboard,Electronics,West,Mumbai,7,8400,1995.37
ORD01334,30-04-2024,CUST1185,James Morgan,Mouse,Electronics,South,Delhi,4,2000,562.94
ORD01335,11-05-2024,CUST1588,Melissa Mann,Printer,Office Supplies,South,Bengaluru,6,54000,4178.67
ORD01336,05-02-2024,CUST1086,Vincent Smith,Mouse,Electronics,North,Pune,5,2500,665.98
ORD01337,04-11-2025,CUST1000,Charles Frost,Desk,Furniture,South,Pune,3,45000,5150.69
ORD01338,31-03-2025,CUST1143,Austin Walker,Laptop,Electronics,West,Chennai,5,250000,49297.25
ORD01339,09-11-2025,CUST1839,Andrew Cruz,Desk,Furniture,North,Ahmedabad,4,60000,8011.86
ORD01340,08-08-2024,CUST1980,Miss Kelly Dawson,Laptop,Electronics,South,Ahmedabad,4,200000,28260.01
ORD01341,29-09-2025,CUST1432,Theresa Wilkins,Desk,Furniture,North,Pune,5,75000,6993.86
ORD01342,16-06-2024,CUST1409,Jessica Harris,Chair,Furniture,West,Mumbai,7,49000,13350.8
ORD01343,26-05-2024,CUST1548,Regina Mitchell,Chair,Furniture,South,Mumbai,7,49000,15485.47
ORD01344,31-07-2025,CUST1673,Kyle Black,Chair,Furniture,South,Kolkata,4,28000,7900.67
ORD01345,20-03-2025,CUST1388,Christopher Johnson,Keyboard,Electronics,North,Ahmedabad,6,7200,1865.48
ORD01346,22-04-2024,CUST1700,Aaron Moore,Mouse,Electronics,West,Mumbai,5,2500,426.13
ORD01347,07-12-2024,CUST1796,Penny Gomez MD,Desk,Furniture,East,Bengaluru,2,30000,3303.69
ORD01348,21-01-2025,CUST1992,Kelly Mclaughlin,Monitor,Electronics,South,Kolkata,5,60000,6353.26
ORD01349,09-11-2024,CUST1602,Brandon Mitchell,Mouse,Electronics,West,Mumbai,2,1000,177.2
ORD01350,14-09-2025,CUST1101,Suzanne Bailey,Desk,Furniture,North,Bengaluru,5,75000,9278.33
ORD01351,25-11-2025,CUST1991,Destiny Obrien,Desk,Furniture,West,Hyderabad,7,105000,10185.88
ORD01352,09-06-2025,CUST1730,Timothy Andrews,Keyboard,Electronics,South,Bengaluru,5,6000,846.84
ORD01353,30-09-2024,CUST1054,Jason Rodriguez,Keyboard,Electronics,East,Ahmedabad,7,8400,1748.1
ORD01354,28-12-2024,CUST1817,Edward Arroyo,Notebook,Office Supplies,West,Pune,8,800,194.37
ORD01355,22-08-2024,CUST1312,Tina Walter,Chair,Furniture,North,Pune,7,49000,12401.37
ORD01356,11-10-2025,CUST1081,Laura Benson,Notebook,Office Supplies,North,Ahmedabad,6,600,217.29
ORD01357,27-03-2024,CUST1761,Kristine Carrillo,Mouse,Electronics,East,Hyderabad,3,1500,344.91
ORD01358,19-05-2024,CUST1491,Tonya Ellis,Laptop,Electronics,West,Mumbai,7,350000,69691.85
ORD01359,08-01-2024,CUST1731,Kevin Johnson,Notebook,Office Supplies,West,Chennai,1,100,32.09
ORD01360,21-06-2024,CUST1690,Austin Schultz,Monitor,Electronics,South,Bengaluru,1,12000,1915.96
ORD01361,10-06-2025,CUST1361,Megan Hall MD,Mouse,Electronics,North,Kolkata,6,3000,794.41
ORD01362,25-04-2024,CUST1346,Kelli Smith,Printer,Office Supplies,South,Mumbai,7,63000,5054.43
ORD01363,28-09-2024,CUST1218,Danielle Davis,Chair,Furniture,North,Kolkata,5,35000,8661.4
ORD01364,20-10-2025,CUST1527,Samantha Jones,Monitor,Electronics,North,Hyderabad,5,60000,11317.19
ORD01365,22-09-2025,CUST1471,Karen Gomez,Printer,Office Supplies,East,Pune,1,9000,822.1
ORD01366,09-07-2024,CUST1411,Debra Valentine,Desk,Furniture,East,Delhi,2,30000,2531.13
ORD01367,27-03-2024,CUST1541,Susan Porter,Mouse,Electronics,South,Kolkata,7,3500,766.33
ORD01368,03-11-2025,CUST1256,Nicolas Salas,Mouse,Electronics,South,Hyderabad,8,4000,619.65
ORD01369,14-03-2025,CUST1913,Dale Wright,Notebook,Office Supplies,South,Pune,6,600,158.32
ORD01370,25-03-2025,CUST1165,Brittney Rodriguez,Mouse,Electronics,South,Chennai,8,4000,962.52
ORD01371,27-12-2025,CUST1203,Megan Alvarado,Notebook,Office Supplies,North,Ahmedabad,1,100,27.47
ORD01372,07-03-2025,CUST1761,Pamela Weaver,Chair,Furniture,East,Delhi,1,7000,1365.36
ORD01373,12-11-2025,CUST1272,John Oliver,Keyboard,Electronics,North,Kolkata,4,4800,1218.26
ORD01374,10-05-2024,CUST1332,William Prince PhD,Printer,Office Supplies,West,Kolkata,8,72000,8495.22
ORD01375,22-01-2024,CUST1129,William Moon IV,Keyboard,Electronics,South,Chennai,2,2400,611.81
ORD01376,16-12-2024,CUST1439,Kenneth Brown,Laptop,Electronics,North,Kolkata,4,200000,26324.06
ORD01377,25-03-2024,CUST1779,Karen Fernandez,Printer,Office Supplies,West,Ahmedabad,5,45000,3912
ORD01378,27-04-2024,CUST1884,Jennifer Parks,Keyboard,Electronics,East,Ahmedabad,3,3600,611.77
ORD01379,15-04-2024,CUST1717,William Wolfe,Notebook,Office Supplies,South,Ahmedabad,4,400,118.12
ORD01380,14-02-2025,CUST1039,Michael Smith,Keyboard,Electronics,East,Ahmedabad,4,4800,741.39
ORD01381,23-07-2024,CUST1093,Kevin Nguyen,Keyboard,Electronics,North,Kolkata,7,8400,1193.8
ORD01382,24-08-2024,CUST1227,Debbie Dunn,Notebook,Office Supplies,East,Kolkata,5,500,168.01
ORD01383,21-10-2025,CUST1052,John Austin,Printer,Office Supplies,East,Mumbai,1,9000,905.33
ORD01384,25-12-2024,CUST1728,Jonathan Clark,Chair,Furniture,West,Ahmedabad,6,42000,9117.5
ORD01385,01-01-2024,CUST1053,Jacqueline Dickerson,Desk,Furniture,East,Ahmedabad,1,15000,1456.29
ORD01386,13-09-2025,CUST1103,Christopher Anderson,Chair,Furniture,West,Bengaluru,8,56000,12153.34
ORD01387,07-11-2024,CUST1114,Crystal Garcia,Chair,Furniture,North,Delhi,8,56000,12854.08
ORD01388,05-01-2025,CUST1760,David Reynolds,Keyboard,Electronics,East,Ahmedabad,6,7200,1319.53
ORD01389,30-03-2024,CUST1908,Charles Haley,Chair,Furniture,North,Bengaluru,4,28000,7354.17
ORD01390,01-11-2025,CUST1837,Robert Thompson,Mouse,Electronics,South,Ahmedabad,1,500,115.71
ORD01391,13-07-2025,CUST1633,Dr. Samuel Holmes DDS,Printer,Office Supplies,East,Pune,2,18000,1340.87
ORD01392,06-06-2024,CUST1044,Elizabeth Hart,Printer,Office Supplies,South,Ahmedabad,4,36000,3672.48
ORD01393,27-07-2025,CUST1998,Jennifer Vaughn,Notebook,Office Supplies,East,Chennai,5,500,185.24
ORD01394,10-03-2024,CUST1494,Robert Woods,Printer,Office Supplies,West,Delhi,2,18000,2243.72
ORD01395,12-05-2024,CUST1296,Joanna Cook,Keyboard,Electronics,North,Delhi,5,6000,1341.63
ORD01396,29-06-2025,CUST1891,Justin Frederick,Monitor,Electronics,North,Bengaluru,7,84000,12562.4
ORD01397,03-02-2025,CUST1410,Alejandro Martinez,Printer,Office Supplies,East,Ahmedabad,7,63000,6536.24
ORD01398,11-08-2024,CUST1606,Tracey Gonzalez,Keyboard,Electronics,North,Hyderabad,1,1200,191.04
ORD01399,30-10-2024,CUST1725,Mariah Thompson,Chair,Furniture,East,Mumbai,5,35000,10600.49
ORD01400,31-08-2024,CUST1298,Heather Nunez,Keyboard,Electronics,North,Bengaluru,4,4800,698.27
ORD01401,22-02-2024,CUST1657,Dr. Steve James,Chair,Furniture,South,Ahmedabad,3,21000,4526.87
ORD01402,09-10-2025,CUST1619,Mark Thomas,Mouse,Electronics,East,Chennai,1,500,119.81
ORD01403,22-02-2025,CUST1919,Robert Rogers,Mouse,Electronics,East,Chennai,5,2500,623.29
ORD01404,12-08-2024,CUST1748,Laura Sweeney,Laptop,Electronics,East,Bengaluru,1,50000,10749.23
ORD01405,20-08-2025,CUST1108,Christopher Perez,Chair,Furniture,West,Pune,1,7000,1789.26
ORD01406,02-10-2024,CUST1208,Eddie Adams,Monitor,Electronics,West,Bengaluru,8,96000,11986.32
ORD01407,20-03-2025,CUST1377,Denise Wallace,Printer,Office Supplies,South,Hyderabad,4,36000,4096.39
ORD01408,08-07-2024,CUST1835,Heidi Matthews,Mouse,Electronics,South,Ahmedabad,8,4000,711.84
ORD01409,22-01-2024,CUST1317,Jennifer White,Printer,Office Supplies,South,Bengaluru,3,27000,2939.05
ORD01410,14-03-2024,CUST1436,Nicholas Stanley,Notebook,Office Supplies,South,Hyderabad,4,400,89
ORD01411,20-05-2024,CUST1744,Mercedes Miller,Notebook,Office Supplies,North,Mumbai,2,200,68.08
ORD01412,14-01-2024,CUST1781,Brian Brown,Notebook,Office Supplies,North,Bengaluru,7,700,149.61
ORD01413,04-10-2025,CUST1614,Kimberly Johnson,Monitor,Electronics,North,Delhi,2,24000,3098.14
ORD01414,28-03-2024,CUST1207,Phillip Miller,Mouse,Electronics,South,Hyderabad,6,3000,799.68
ORD01415,05-05-2025,CUST1158,Christopher Pena,Printer,Office Supplies,South,Delhi,3,27000,2387.96
ORD01416,15-02-2024,CUST1105,Ellen Wright,Chair,Furniture,East,Mumbai,2,14000,2494.54
ORD01417,17-08-2024,CUST1024,Mark Anderson,Notebook,Office Supplies,South,Kolkata,3,300,63.07
ORD01418,20-10-2024,CUST1231,Alyssa Alvarado,Notebook,Office Supplies,West,Mumbai,3,300,82.08
ORD01419,17-08-2024,CUST1104,Erika Alvarez,Printer,Office Supplies,East,Chennai,3,27000,3495.04
ORD01420,27-03-2024,CUST1917,Kimberly Nelson,Mouse,Electronics,North,Bengaluru,6,3000,508.87
ORD01421,06-09-2025,CUST1185,Wayne Wolfe,Keyboard,Electronics,West,Bengaluru,7,8400,1710.72
ORD01422,16-04-2024,CUST1277,Kyle Welch,Chair,Furniture,West,Chennai,5,35000,7954.02
ORD01423,01-06-2024,CUST1796,Kristy Mills,Chair,Furniture,South,Chennai,2,14000,4106.6
ORD01424,04-05-2025,CUST1834,Emily Reed,Keyboard,Electronics,North,Mumbai,7,8400,1626.27
ORD01425,26-11-2024,CUST1130,Regina Ramos,Notebook,Office Supplies,South,Kolkata,5,500,118.02
ORD01426,07-05-2025,CUST1710,David Torres,Desk,Furniture,West,Chennai,6,90000,10762.46
ORD01427,16-07-2025,CUST1509,Robert Charles,Keyboard,Electronics,West,Ahmedabad,4,4800,892.71
ORD01428,07-03-2025,CUST1539,John Smith,Notebook,Office Supplies,South,Mumbai,2,200,62.91
ORD01429,18-01-2024,CUST1371,Theresa Woods,Monitor,Electronics,West,Bengaluru,6,72000,7578.57
ORD01430,04-01-2025,CUST1869,Jeffrey Carter,Mouse,Electronics,South,Pune,1,500,137.15
ORD01431,18-07-2025,CUST1995,Adam Brooks,Printer,Office Supplies,West,Ahmedabad,3,27000,3243.11
ORD01432,21-05-2024,CUST1120,Justin Foster,Monitor,Electronics,South,Kolkata,4,48000,5281.34
ORD01433,19-12-2025,CUST1108,Omar Price,Laptop,Electronics,North,Hyderabad,7,350000,58149.66
ORD01434,24-05-2024,CUST1080,Dennis Henderson,Keyboard,Electronics,South,Mumbai,1,1200,189.15
ORD01435,05-07-2024,CUST1481,Phillip Kent,Laptop,Electronics,South,Pune,7,350000,49759.31
ORD01436,30-03-2025,CUST1800,Melinda Mitchell,Printer,Office Supplies,North,Pune,7,63000,7141.27
ORD01437,19-10-2025,CUST1032,Rhonda Gutierrez,Mouse,Electronics,South,Bengaluru,3,1500,242.88
ORD01438,27-11-2025,CUST1970,Catherine Roberts,Laptop,Electronics,West,Pune,7,350000,75575.31
ORD01439,09-06-2024,CUST1278,Lisa Nelson,Chair,Furniture,North,Kolkata,4,28000,6679.42
ORD01440,27-02-2024,CUST1224,Chelsea Smith,Keyboard,Electronics,West,Bengaluru,4,4800,902.63
ORD01441,30-10-2025,CUST1657,Joseph Lopez,Mouse,Electronics,West,Kolkata,8,4000,868.08
ORD01442,24-10-2025,CUST1434,Derrick Espinoza,Keyboard,Electronics,South,Pune,1,1200,283.68
ORD01443,09-09-2025,CUST1797,Crystal Hernandez,Mouse,Electronics,East,Delhi,2,1000,164.27
ORD01444,19-04-2024,CUST1066,Glenn Collins DDS,Monitor,Electronics,South,Delhi,5,60000,7178.91
ORD01445,15-10-2025,CUST1951,Mrs. Raven Rivera DVM,Chair,Furniture,North,Ahmedabad,4,28000,7217.1
ORD01446,01-08-2025,CUST1045,Amy Rowe,Chair,Furniture,West,Delhi,2,14000,4500.99
ORD01447,12-11-2024,CUST1008,John Lee,Laptop,Electronics,East,Pune,6,300000,40820.03
ORD01448,04-02-2025,CUST1743,Ruth Clayton,Notebook,Office Supplies,East,Bengaluru,4,400,106.64
ORD01449,30-05-2025,CUST1103,Randy Wright,Mouse,Electronics,South,Delhi,6,3000,623.29
ORD01450,08-02-2024,CUST1297,Jessica Rojas,Notebook,Office Supplies,South,Bengaluru,8,800,252.44
ORD01451,05-04-2024,CUST1975,Joel Wise,Printer,Office Supplies,South,Ahmedabad,2,18000,2216.02
ORD01452,28-05-2025,CUST1528,Vickie Kennedy,Keyboard,Electronics,East,Hyderabad,3,3600,933.16
ORD01453,30-09-2025,CUST1876,Emily Morris,Keyboard,Electronics,West,Delhi,6,7200,1259.29
ORD01454,17-09-2025,CUST1621,Amanda Pineda,Notebook,Office Supplies,North,Bengaluru,4,400,99.04
ORD01455,26-05-2024,CUST1784,Dawn Little,Printer,Office Supplies,East,Mumbai,2,18000,2129.1
ORD01456,22-06-2024,CUST1956,Stephen Boyer,Printer,Office Supplies,East,Bengaluru,2,18000,1751.19
ORD01457,27-12-2024,CUST1091,Brian Chen,Mouse,Electronics,North,Bengaluru,5,2500,575.25
ORD01458,19-09-2024,CUST1781,Christopher Hill,Printer,Office Supplies,West,Bengaluru,5,45000,5812.59
ORD01459,20-10-2024,CUST1410,Richard Smith,Mouse,Electronics,West,Bengaluru,8,4000,636.9
ORD01460,01-10-2025,CUST1974,Richard Alvarez,Printer,Office Supplies,East,Chennai,6,54000,5440.43
ORD01461,26-09-2024,CUST1898,Jacqueline Davis,Mouse,Electronics,North,Delhi,7,3500,772.75
ORD01462,17-04-2024,CUST1297,Brandon Montgomery,Monitor,Electronics,West,Bengaluru,1,12000,1426.93
ORD01463,18-04-2025,CUST1685,Yolanda Garrett,Notebook,Office Supplies,North,Chennai,2,200,50.03
ORD01464,21-04-2025,CUST1111,Matthew Miles,Printer,Office Supplies,North,Bengaluru,8,72000,7815.53
ORD01465,23-07-2024,CUST1411,Beth Hall,Mouse,Electronics,East,Mumbai,7,3500,893.92
ORD01466,12-05-2025,CUST1217,Dr. Nicole Trujillo,Desk,Furniture,West,Mumbai,6,90000,14016.92
ORD01467,08-06-2024,CUST1971,Corey Norris,Chair,Furniture,West,Bengaluru,8,56000,10121.57
ORD01468,07-09-2025,CUST1792,Chad Roach,Monitor,Electronics,West,Delhi,6,72000,11241.98
ORD01469,06-08-2024,CUST1055,Mr. Edward Terry,Desk,Furniture,South,Delhi,7,105000,16217.92
ORD01470,29-06-2024,CUST1085,Cody Bailey,Notebook,Office Supplies,South,Mumbai,5,500,127.69
ORD01471,30-12-2025,CUST1462,Denise Guerra,Chair,Furniture,West,Ahmedabad,7,49000,9175.56
ORD01472,04-04-2024,CUST1916,Kristen Jones,Chair,Furniture,West,Chennai,3,21000,6291.23
ORD01473,05-03-2025,CUST1493,Edward Baker,Chair,Furniture,West,Bengaluru,3,21000,4300.61
ORD01474,07-08-2025,CUST1398,Aaron Little,Notebook,Office Supplies,North,Ahmedabad,6,600,224.56
ORD01475,20-11-2024,CUST1014,Cody Smith,Mouse,Electronics,South,Hyderabad,3,1500,295.1
ORD01476,26-04-2024,CUST1811,Patty Allen,Keyboard,Electronics,West,Pune,8,9600,2339.68
ORD01477,08-05-2024,CUST1649,Mary Ryan,Laptop,Electronics,West,Mumbai,8,400000,91151.59
ORD01478,11-07-2024,CUST1430,Joseph Jimenez,Laptop,Electronics,South,Kolkata,4,200000,41307.28
ORD01479,14-07-2024,CUST1995,Lisa Morris,Monitor,Electronics,North,Chennai,6,72000,8919.26
ORD01480,10-11-2024,CUST1514,Ashley Mills,Desk,Furniture,North,Hyderabad,1,15000,1586.1
ORD01481,26-12-2024,CUST1848,Russell Anderson,Printer,Office Supplies,West,Chennai,7,63000,5961.26
ORD01482,17-01-2025,CUST1181,Christina Washington,Mouse,Electronics,South,Kolkata,3,1500,321.85
ORD01483,06-12-2025,CUST1696,Kenneth Huff,Notebook,Office Supplies,West,Pune,5,500,181.06
ORD01484,16-04-2024,CUST1091,Kelly Miles,Mouse,Electronics,North,Kolkata,2,1000,260.38
ORD01485,30-09-2025,CUST1949,Jacob Obrien,Mouse,Electronics,North,Hyderabad,8,4000,1011.97
ORD01486,04-08-2024,CUST1228,Timothy Clark,Laptop,Electronics,West,Kolkata,5,250000,54496.04
ORD01487,07-05-2024,CUST1359,Steve Miller PhD,Mouse,Electronics,West,Kolkata,4,2000,534.07
ORD01488,17-08-2024,CUST1519,Justin Hurley,Notebook,Office Supplies,East,Pune,1,100,37.91
ORD01489,28-02-2025,CUST1689,Jacob Erickson,Chair,Furniture,South,Delhi,5,35000,10527.04
ORD01490,06-06-2024,CUST1809,Deborah Williams,Notebook,Office Supplies,East,Chennai,1,100,21.28
ORD01491,16-03-2025,CUST1247,Eric Blackburn,Desk,Furniture,West,Ahmedabad,3,45000,6887.68
ORD01492,14-08-2025,CUST1439,Anne Hardy,Notebook,Office Supplies,South,Kolkata,1,100,35.42
ORD01493,13-06-2025,CUST1162,Chelsey Fox,Keyboard,Electronics,West,Ahmedabad,7,8400,2087.4
ORD01494,08-10-2025,CUST1590,Mario White,Mouse,Electronics,West,Pune,3,1500,330.84
ORD01495,05-04-2024,CUST1026,Jennifer Garcia,Keyboard,Electronics,West,Delhi,6,7200,1184.05
ORD01496,10-07-2025,CUST1942,Heather Ellis,Keyboard,Electronics,North,Kolkata,1,1200,257.01
ORD01497,11-10-2025,CUST1646,Sonya Jackson,Laptop,Electronics,East,Bengaluru,3,150000,34831.31
ORD01498,02-07-2025,CUST1860,James Morgan,Monitor,Electronics,South,Kolkata,4,48000,6322.71
ORD01499,27-05-2024,CUST1642,Zachary Ramos,Chair,Furniture,North,Mumbai,1,7000,1513.71
ORD01500,05-05-2024,CUST1109,Ethan Frey,Mouse,Electronics,South,Pune,8,4000,1105.56
ORD01501,21-05-2025,CUST1864,Jacob Duran,Chair,Furniture,East,Ahmedabad,3,21000,3967.25
ORD01502,23-01-2024,CUST1423,Nicholas Franklin,Notebook,Office Supplies,North,Hyderabad,2,200,59.68
ORD01503,19-01-2025,CUST1911,Cindy Cannon,Mouse,Electronics,East,Hyderabad,4,2000,489.46
ORD01504,01-07-2024,CUST1675,Dawn Nixon,Keyboard,Electronics,North,Mumbai,3,3600,633.06
ORD01505,20-09-2025,CUST1614,James Barber,Desk,Furniture,North,Bengaluru,6,90000,10695.74
ORD01506,31-01-2024,CUST1548,Ms. Kelly Holder,Chair,Furniture,North,Bengaluru,2,14000,2854.98
ORD01507,10-08-2024,CUST1030,Eric Walker,Monitor,Electronics,East,Bengaluru,6,72000,8303.83
ORD01508,09-05-2024,CUST1274,Alison Short,Monitor,Electronics,East,Hyderabad,2,24000,4091.93
ORD01509,18-07-2025,CUST1667,Desiree Spencer,Monitor,Electronics,East,Hyderabad,2,24000,3272.88
ORD01510,13-02-2025,CUST1944,Tammy Moore,Printer,Office Supplies,South,Pune,7,63000,6347.84
ORD01511,14-10-2024,CUST1984,Henry Taylor,Keyboard,Electronics,West,Mumbai,4,4800,1067.75
ORD01512,14-05-2025,CUST1443,Kevin Hall,Chair,Furniture,West,Kolkata,3,21000,6176.41
ORD01513,13-09-2025,CUST1392,Anna Ross,Chair,Furniture,West,Ahmedabad,6,42000,11274.34
ORD01514,06-03-2024,CUST1460,Morgan Cummings,Desk,Furniture,South,Delhi,6,90000,13378.36
ORD01515,22-10-2025,CUST1973,Carrie Petersen,Chair,Furniture,East,Kolkata,7,49000,10732.03
ORD01516,26-11-2024,CUST1439,Laura Velez,Laptop,Electronics,South,Chennai,2,100000,14542.97
ORD01517,15-01-2025,CUST1380,Elizabeth Cross,Monitor,Electronics,South,Chennai,2,24000,2984.8
ORD01518,12-01-2024,CUST1734,Angela Brown,Mouse,Electronics,East,Ahmedabad,1,500,98.03
ORD01519,29-07-2025,CUST1067,Hannah Montoya,Printer,Office Supplies,West,Pune,6,54000,6691.93
ORD01520,11-10-2024,CUST1733,Sean Kane,Monitor,Electronics,North,Kolkata,4,48000,5484.62
ORD01521,21-07-2024,CUST1201,Matthew Guzman,Notebook,Office Supplies,North,Hyderabad,6,600,213.85
ORD01522,07-03-2025,CUST1122,Richard Reyes,Printer,Office Supplies,North,Hyderabad,1,9000,1164.74
ORD01523,30-08-2024,CUST1590,Andrew Fernandez,Keyboard,Electronics,North,Pune,6,7200,1518.77
ORD01524,18-10-2024,CUST1134,Jonathan Walker,Laptop,Electronics,West,Delhi,1,50000,11222.87
ORD01525,12-03-2024,CUST1481,Nicholas Long,Laptop,Electronics,North,Kolkata,6,300000,58690.73
ORD01526,20-12-2024,CUST1409,Kurt Wagner,Chair,Furniture,North,Chennai,5,35000,7790.25
ORD01527,14-12-2025,CUST1465,Dylan Foster,Printer,Office Supplies,West,Mumbai,1,9000,842.4
ORD01528,18-02-2024,CUST1845,Bradley Duncan,Desk,Furniture,North,Bengaluru,2,30000,2583.26
ORD01529,22-03-2025,CUST1231,James Miller,Mouse,Electronics,South,Mumbai,6,3000,803.11
ORD01530,04-07-2025,CUST1005,Patricia Anderson,Monitor,Electronics,North,Pune,6,72000,12848.64
ORD01531,07-11-2024,CUST1076,Justin Freeman,Laptop,Electronics,East,Chennai,2,100000,13118.44
ORD01532,21-05-2024,CUST1597,Christina Gilbert,Notebook,Office Supplies,West,Mumbai,5,500,167.88
ORD01533,21-08-2025,CUST1909,Danielle Jones,Keyboard,Electronics,West,Hyderabad,6,7200,1752.68
ORD01534,08-11-2025,CUST1501,Erica Glass,Mouse,Electronics,East,Chennai,4,2000,460.56
ORD01535,30-10-2024,CUST1728,Michael Henderson,Printer,Office Supplies,North,Chennai,4,36000,2718.29
ORD01536,17-03-2024,CUST1995,Frank Wheeler,Monitor,Electronics,West,Delhi,4,48000,8042.25
ORD01537,24-04-2025,CUST1838,Eric Huerta,Monitor,Electronics,West,Ahmedabad,1,12000,1984.14
ORD01538,27-08-2025,CUST1779,Wanda Ramos,Printer,Office Supplies,East,Pune,2,18000,1627.69
ORD01539,18-04-2024,CUST1936,Andrew Meyers,Printer,Office Supplies,South,Ahmedabad,3,27000,3263.45
ORD01540,27-09-2025,CUST1525,James Todd,Desk,Furniture,South,Kolkata,7,105000,16191.49
ORD01541,17-06-2024,CUST1702,Ashley Brown,Monitor,Electronics,East,Mumbai,2,24000,3120.13
ORD01542,22-04-2024,CUST1246,Tammy Melton,Keyboard,Electronics,North,Hyderabad,8,9600,2353.38
ORD01543,08-11-2025,CUST1543,Alexis Benson,Keyboard,Electronics,West,Chennai,5,6000,860.58
ORD01544,27-03-2024,CUST1362,Jerry Johnson,Chair,Furniture,West,Ahmedabad,2,14000,4396.55
ORD01545,04-06-2025,CUST1341,Joshua Harris,Keyboard,Electronics,North,Hyderabad,7,8400,1682.21
ORD01546,26-10-2025,CUST1391,Deanna Webb,Chair,Furniture,West,Ahmedabad,6,42000,7966.22
ORD01547,31-08-2025,CUST1282,Brenda Hale,Chair,Furniture,West,Kolkata,4,28000,6591.31
ORD01548,23-04-2024,CUST1224,Kevin Alvarado,Mouse,Electronics,North,Delhi,1,500,119.66
ORD01549,28-06-2025,CUST1103,Christopher Campbell,Laptop,Electronics,East,Ahmedabad,5,250000,37946.71
ORD01550,13-08-2024,CUST1751,Lisa Brown,Notebook,Office Supplies,East,Hyderabad,7,700,196.5
ORD01551,21-12-2024,CUST1652,Alejandra Price,Monitor,Electronics,East,Pune,3,36000,6325.76
ORD01552,18-12-2025,CUST1637,Samuel Keller,Laptop,Electronics,West,Pune,2,100000,14598.85
ORD01553,12-03-2024,CUST1170,Alicia Dillon,Monitor,Electronics,South,Chennai,3,36000,4800.96
ORD01554,13-11-2025,CUST1485,Crystal James,Printer,Office Supplies,West,Chennai,3,27000,3448.83
ORD01555,19-03-2024,CUST1174,Ariana Stewart,Laptop,Electronics,North,Chennai,3,150000,34684.81
ORD01556,10-09-2024,CUST1483,Kim Lopez,Printer,Office Supplies,North,Delhi,1,9000,893.69
ORD01557,21-06-2025,CUST1515,Judith House,Laptop,Electronics,South,Bengaluru,5,250000,54054.69
ORD01558,09-12-2024,CUST1463,David Moreno,Mouse,Electronics,West,Chennai,2,1000,194.21
ORD01559,14-04-2025,CUST1013,James Moore,Chair,Furniture,East,Pune,8,56000,11929.71
ORD01560,03-12-2025,CUST1531,Harold Garrett,Desk,Furniture,North,Bengaluru,8,120000,11054.26
ORD01561,25-05-2024,CUST1365,William Mason,Notebook,Office Supplies,West,Delhi,4,400,131.47
ORD01562,01-04-2024,CUST1198,Lori Johns,Monitor,Electronics,West,Mumbai,7,84000,11537.21
ORD01563,23-06-2025,CUST1179,Robin Johnson,Chair,Furniture,East,Chennai,8,56000,18093.59
ORD01564,09-10-2024,CUST1316,Diana Hernandez,Desk,Furniture,South,Delhi,7,105000,13273.96
ORD01565,10-04-2025,CUST1580,Mary Miller,Desk,Furniture,East,Pune,2,30000,3456.27
ORD01566,02-12-2025,CUST1150,Tyler Salazar,Mouse,Electronics,West,Bengaluru,1,500,109.93
ORD01567,22-10-2024,CUST1066,Crystal Allen,Chair,Furniture,East,Delhi,3,21000,4631.48
ORD01568,30-08-2025,CUST1126,Wesley Browning,Printer,Office Supplies,North,Hyderabad,1,9000,747.36
ORD01569,07-11-2025,CUST1854,Joshua Clark,Chair,Furniture,North,Delhi,1,7000,1676.84
ORD01570,17-10-2024,CUST1804,Joshua Mcbride,Chair,Furniture,South,Mumbai,3,21000,4778.19
ORD01571,20-07-2024,CUST1442,Ellen Thornton,Chair,Furniture,North,Pune,3,21000,6812.13
ORD01572,29-12-2024,CUST1254,Brandy Forbes,Monitor,Electronics,West,Kolkata,1,12000,1771.03
ORD01573,05-11-2024,CUST1611,Brianna Fitzpatrick,Notebook,Office Supplies,East,Bengaluru,2,200,74.15
ORD01574,22-05-2024,CUST1699,Emily Grant,Notebook,Office Supplies,South,Pune,6,600,212.87
ORD01575,04-11-2024,CUST1312,Bailey Stewart,Keyboard,Electronics,North,Pune,7,8400,1734.72
ORD01576,23-03-2025,CUST1098,Monica Cannon,Printer,Office Supplies,South,Hyderabad,3,27000,2499.06
ORD01577,13-03-2025,CUST1477,Jennifer Jenkins,Desk,Furniture,West,Kolkata,6,90000,10595.1
ORD01578,28-01-2024,CUST1980,Timothy Shannon,Printer,Office Supplies,West,Mumbai,1,9000,1122.78
ORD01579,17-08-2025,CUST1524,Denise Maxwell,Keyboard,Electronics,East,Bengaluru,5,6000,1406.38
ORD01580,06-02-2025,CUST1128,Cody Farmer,Chair,Furniture,West,Delhi,1,7000,2018.1
ORD01581,27-03-2024,CUST1056,Debra Bradley,Printer,Office Supplies,East,Mumbai,8,72000,8665.34
ORD01582,02-08-2025,CUST1493,David Mcdaniel,Desk,Furniture,East,Delhi,2,30000,4295.39
ORD01583,12-06-2025,CUST1147,Michael Woods,Mouse,Electronics,West,Bengaluru,1,500,123.3
ORD01584,14-11-2024,CUST1736,Lisa Joseph,Monitor,Electronics,North,Hyderabad,3,36000,4754.89
ORD01585,05-06-2024,CUST1618,Samuel Henry,Monitor,Electronics,North,Mumbai,2,24000,2665.03
ORD01586,26-01-2024,CUST1852,Corey Johnson,Monitor,Electronics,West,Kolkata,4,48000,5487.58
ORD01587,10-05-2025,CUST1188,Alexis Nelson,Laptop,Electronics,South,Pune,2,100000,15839.18
ORD01588,13-10-2025,CUST1022,Patrick Mcneil,Printer,Office Supplies,South,Bengaluru,2,18000,1726.94
ORD01589,17-12-2025,CUST1559,Andrea Ho,Monitor,Electronics,South,Hyderabad,3,36000,5437.31
ORD01590,12-04-2024,CUST1982,Dr. Katherine Nguyen,Printer,Office Supplies,West,Chennai,5,45000,3931.51
ORD01591,19-04-2024,CUST1475,David Sullivan,Chair,Furniture,West,Kolkata,7,49000,11410.78
ORD01592,03-05-2024,CUST1577,Nicolas James,Keyboard,Electronics,West,Delhi,1,1200,208.81
ORD01593,03-11-2025,CUST1634,Logan Newton,Chair,Furniture,West,Delhi,1,7000,1902.36
ORD01594,14-04-2025,CUST1283,Kelly Liu,Desk,Furniture,North,Bengaluru,3,45000,5296.02
ORD01595,24-12-2025,CUST1537,Kelly Hayes,Desk,Furniture,West,Mumbai,4,60000,6546.96
ORD01596,30-07-2025,CUST1347,Amanda Forbes,Keyboard,Electronics,West,Bengaluru,3,3600,656.01
ORD01597,10-03-2024,CUST1938,Jennifer Moss,Chair,Furniture,West,Kolkata,5,35000,10973.25
ORD01598,03-06-2025,CUST1794,Kelli Mccoy,Printer,Office Supplies,East,Bengaluru,3,27000,2823.18
ORD01599,17-02-2025,CUST1069,Eddie Sanders,Desk,Furniture,North,Delhi,6,90000,11347.52
ORD01600,18-04-2024,CUST1511,Ronald Murray,Keyboard,Electronics,West,Chennai,4,4800,727.61
ORD01601,27-06-2024,CUST1745,Louis Brown,Monitor,Electronics,West,Kolkata,4,48000,5495.47
ORD01602,27-04-2024,CUST1038,Brenda Gallegos,Mouse,Electronics,North,Hyderabad,1,500,117.39
ORD01603,24-11-2024,CUST1110,Nathan Wilson,Desk,Furniture,West,Kolkata,1,15000,2257.43
ORD01604,17-05-2025,CUST1448,Teresa Horton,Keyboard,Electronics,East,Ahmedabad,4,4800,784.73
ORD01605,25-06-2025,CUST1828,Jason Hayes,Monitor,Electronics,South,Mumbai,3,36000,5186.36
ORD01606,23-05-2024,CUST1914,Kevin Marquez,Laptop,Electronics,North,Chennai,2,100000,14798.23
ORD01607,29-11-2025,CUST1747,Jesse Wright,Notebook,Office Supplies,West,Ahmedabad,2,200,54.27
ORD01608,31-12-2024,CUST1633,Susan Hogan,Monitor,Electronics,South,Mumbai,8,96000,14407.35
ORD01609,13-03-2024,CUST1582,Becky Wilson,Printer,Office Supplies,North,Bengaluru,7,63000,6774.28
ORD01610,24-08-2024,CUST1052,Jack Mills,Chair,Furniture,East,Delhi,2,14000,2697.65
ORD01611,14-09-2024,CUST1399,Richard Hunt,Monitor,Electronics,East,Mumbai,5,60000,11280.28
ORD01612,12-08-2025,CUST1247,Jamie James,Keyboard,Electronics,East,Kolkata,5,6000,893.84
ORD01613,26-09-2024,CUST1668,Susan Cunningham,Laptop,Electronics,North,Delhi,2,100000,18893.94
ORD01614,08-12-2024,CUST1909,Brittany Melton,Desk,Furniture,North,Bengaluru,7,105000,10792.26
ORD01615,10-11-2025,CUST1934,Michael Barnes,Monitor,Electronics,North,Ahmedabad,6,72000,13548.65
ORD01616,31-07-2025,CUST1926,Randy Griffin,Printer,Office Supplies,North,Chennai,2,18000,2130.12
ORD01617,19-09-2025,CUST1951,Autumn Anderson,Mouse,Electronics,North,Hyderabad,7,3500,815.34
ORD01618,16-04-2024,CUST1036,Marcus King,Keyboard,Electronics,West,Ahmedabad,5,6000,1360.8
ORD01619,21-08-2024,CUST1021,Scott Stephens,Desk,Furniture,North,Delhi,7,105000,12430.6
ORD01620,19-01-2024,CUST1565,Stephen Young,Monitor,Electronics,West,Delhi,7,84000,13975.48
ORD01621,16-03-2025,CUST1718,Karen Ortiz,Notebook,Office Supplies,West,Bengaluru,7,700,234.63
ORD01622,22-09-2025,CUST1925,Kyle Sanchez,Mouse,Electronics,East,Chennai,8,4000,678.3
ORD01623,29-02-2024,CUST1243,Lisa Grant,Monitor,Electronics,South,Mumbai,6,72000,10388.68
ORD01624,03-07-2025,CUST1581,Amber Hernandez,Laptop,Electronics,North,Delhi,4,200000,34122.21
ORD01625,09-05-2024,CUST1449,Amanda Nash,Monitor,Electronics,South,Pune,1,12000,1342.74
ORD01626,01-11-2025,CUST1911,Sara Evans,Laptop,Electronics,South,Pune,6,300000,49129.23
ORD01627,05-05-2024,CUST1672,Amber Butler,Keyboard,Electronics,North,Mumbai,7,8400,1658.53
ORD01628,31-12-2024,CUST1919,Michael Carr,Chair,Furniture,South,Hyderabad,4,28000,6978.7
ORD01629,26-10-2024,CUST1889,Linda Cobb,Chair,Furniture,South,Pune,6,42000,12265.31
ORD01630,24-02-2025,CUST1722,Jesse Riley,Desk,Furniture,West,Pune,2,30000,2636.63
ORD01631,17-06-2025,CUST1236,Anna Evans,Mouse,Electronics,East,Ahmedabad,4,2000,548.78
ORD01632,25-05-2024,CUST1036,James Jones,Mouse,Electronics,South,Hyderabad,6,3000,749.06
ORD01633,04-02-2024,CUST1276,Joshua Carter,Printer,Office Supplies,East,Kolkata,2,18000,1282.99
ORD01634,16-09-2025,CUST1393,Michael Hill,Chair,Furniture,West,Delhi,2,14000,2575.41
ORD01635,17-08-2024,CUST1210,Kelly Dominguez,Notebook,Office Supplies,West,Bengaluru,7,700,202.95
ORD01636,02-02-2024,CUST1554,Ashley Blair,Notebook,Office Supplies,East,Delhi,1,100,32.89
ORD01637,28-08-2025,CUST1221,Victoria Webb,Desk,Furniture,North,Chennai,5,75000,10675.32
ORD01638,28-02-2024,CUST1826,Taylor Andersen,Notebook,Office Supplies,North,Kolkata,7,700,245.61
ORD01639,04-08-2025,CUST1787,Lee Stewart,Chair,Furniture,East,Bengaluru,8,56000,13360.21
ORD01640,31-08-2024,CUST1135,Whitney Gomez,Notebook,Office Supplies,North,Pune,8,800,275.37
ORD01641,09-07-2025,CUST1302,Justin Stone,Chair,Furniture,East,Kolkata,2,14000,4547.49
ORD01642,06-11-2025,CUST1256,Katherine White,Laptop,Electronics,North,Mumbai,5,250000,41265.76
ORD01643,02-07-2024,CUST1454,Michelle Krause,Chair,Furniture,West,Delhi,6,42000,12616.8
ORD01644,02-01-2025,CUST1491,Alexander Garrett,Printer,Office Supplies,South,Kolkata,1,9000,881.88
ORD01645,16-09-2025,CUST1564,Ryan Marsh,Laptop,Electronics,East,Mumbai,2,100000,15585.61
ORD01646,09-10-2024,CUST1265,Mrs. Felicia Castro DDS,Printer,Office Supplies,West,Bengaluru,3,27000,2307.97
ORD01647,24-09-2025,CUST1671,Curtis Campbell,Monitor,Electronics,North,Ahmedabad,3,36000,4255.96
ORD01648,02-06-2025,CUST1881,Elizabeth Hunter,Mouse,Electronics,West,Chennai,1,500,89.16
ORD01649,22-09-2024,CUST1998,Aaron Jennings,Laptop,Electronics,East,Delhi,4,200000,26513.56
ORD01650,24-12-2024,CUST1111,Nathaniel Gilbert,Desk,Furniture,North,Hyderabad,1,15000,1908.63
ORD01651,29-11-2024,CUST1584,Christopher Rivera,Mouse,Electronics,East,Kolkata,2,1000,185.28
ORD01652,26-05-2024,CUST1025,Michael Hendricks,Mouse,Electronics,East,Chennai,7,3500,943.64
ORD01653,18-01-2025,CUST1481,Maria Olson,Desk,Furniture,East,Delhi,7,105000,15604.29
ORD01654,02-06-2024,CUST1933,Stephanie Herrera,Keyboard,Electronics,North,Mumbai,6,7200,1046.54
ORD01655,04-06-2025,CUST1802,Richard Gutierrez,Monitor,Electronics,East,Ahmedabad,6,72000,10869.96
ORD01656,02-06-2024,CUST1390,Sandy Evans,Notebook,Office Supplies,North,Mumbai,1,100,32.83
ORD01657,04-05-2024,CUST1867,Emily Herrera,Monitor,Electronics,North,Hyderabad,7,84000,12894.59
ORD01658,12-08-2025,CUST1300,Michael Marsh,Printer,Office Supplies,South,Chennai,6,54000,4652.15
ORD01659,18-11-2024,CUST1766,Heather Montes,Monitor,Electronics,North,Ahmedabad,6,72000,9056.17
ORD01660,26-12-2024,CUST1573,Andre Terrell,Printer,Office Supplies,North,Chennai,7,63000,5777.91
ORD01661,04-03-2025,CUST1235,Sarah Duncan,Printer,Office Supplies,South,Ahmedabad,4,36000,3489.77
ORD01662,20-10-2024,CUST1349,Kurt Hancock,Notebook,Office Supplies,East,Mumbai,3,300,95.7
ORD01663,31-05-2024,CUST1589,Michele Edwards,Mouse,Electronics,West,Ahmedabad,7,3500,733.51
ORD01664,03-05-2024,CUST1428,Jason Crawford,Keyboard,Electronics,East,Hyderabad,8,9600,1361.87
ORD01665,17-03-2025,CUST1024,Jesse Sampson,Mouse,Electronics,South,Mumbai,3,1500,403.15
ORD01666,28-12-2024,CUST1130,Eric Rodriguez,Keyboard,Electronics,West,Ahmedabad,7,8400,2087.49
ORD01667,10-12-2024,CUST1605,Paula Gentry,Chair,Furniture,North,Delhi,2,14000,3157.3
ORD01668,22-02-2025,CUST1645,Alexander Webb,Mouse,Electronics,West,Kolkata,6,3000,838.17
ORD01669,06-07-2024,CUST1741,Cheryl Mclean,Chair,Furniture,North,Bengaluru,8,56000,15680.96
ORD01670,09-04-2025,CUST1388,Kelly Rowe,Laptop,Electronics,East,Hyderabad,6,300000,59634.59
ORD01671,09-04-2024,CUST1237,Shane Short,Keyboard,Electronics,East,Hyderabad,5,6000,1520.23
ORD01672,21-06-2025,CUST1593,Megan Anderson,Desk,Furniture,West,Pune,1,15000,1869.26
ORD01673,01-07-2024,CUST1976,Julia Reeves,Desk,Furniture,South,Delhi,7,105000,11228.45
ORD01674,11-08-2025,CUST1900,April Randolph,Monitor,Electronics,East,Mumbai,7,84000,12744.66
ORD01675,21-10-2024,CUST1280,Linda Miller,Desk,Furniture,West,Hyderabad,5,75000,7194.2
ORD01676,22-09-2024,CUST1620,Angel Meyer,Monitor,Electronics,North,Ahmedabad,3,36000,4714.67
ORD01677,19-07-2025,CUST1858,Emily Lane,Chair,Furniture,South,Delhi,3,21000,3977.32
ORD01678,27-01-2024,CUST1378,Steven Flores,Laptop,Electronics,South,Pune,4,200000,25343.97
ORD01679,09-04-2025,CUST1302,Donald Flores,Notebook,Office Supplies,North,Mumbai,8,800,243.01
ORD01680,29-03-2024,CUST1885,Bruce Hernandez,Printer,Office Supplies,South,Pune,7,63000,6274.51
ORD01681,15-08-2024,CUST1744,Adrian Dean,Mouse,Electronics,North,Chennai,6,3000,780.24
ORD01682,07-10-2025,CUST1753,Christine Bell,Keyboard,Electronics,North,Chennai,6,7200,1246.56
ORD01683,23-12-2025,CUST1813,Charles Bush,Laptop,Electronics,East,Ahmedabad,7,350000,47896.59
ORD01684,23-08-2025,CUST1385,David Jones,Laptop,Electronics,South,Ahmedabad,1,50000,7627.93
ORD01685,10-07-2024,CUST1751,Gina Wallace,Chair,Furniture,West,Pune,8,56000,11072.04
ORD01686,31-03-2024,CUST1973,John Lowe,Keyboard,Electronics,South,Delhi,4,4800,1037.63
ORD01687,17-09-2025,CUST1213,Anthony Simmons,Notebook,Office Supplies,South,Delhi,2,200,59.66
ORD01688,08-10-2025,CUST1597,Kyle Watkins,Notebook,Office Supplies,South,Chennai,5,500,160.2
ORD01689,25-08-2024,CUST1896,Melissa Jensen,Printer,Office Supplies,East,Hyderabad,3,27000,3312.18
ORD01690,10-07-2025,CUST1492,Robert Marquez,Printer,Office Supplies,East,Mumbai,7,63000,6669.84
ORD01691,21-10-2024,CUST1429,Kim Beltran,Monitor,Electronics,West,Chennai,2,24000,4599.9
ORD01692,20-04-2025,CUST1979,Julie Anderson,Monitor,Electronics,East,Mumbai,7,84000,9695.59
ORD01693,10-05-2025,CUST1860,Tamara Mcdonald,Desk,Furniture,West,Kolkata,7,105000,14148.43
ORD01694,03-06-2025,CUST1220,Michael Mckinney,Monitor,Electronics,West,Delhi,1,12000,1574.2
ORD01695,25-02-2025,CUST1400,David Walker,Desk,Furniture,West,Kolkata,5,75000,9944.94
ORD01696,01-10-2024,CUST1497,Lisa Durham,Notebook,Office Supplies,South,Chennai,5,500,187.11
ORD01697,14-08-2024,CUST1586,Michael Ortega,Laptop,Electronics,South,Ahmedabad,5,250000,43586.18
ORD01698,06-07-2025,CUST1020,Sonya Chavez,Mouse,Electronics,North,Kolkata,6,3000,513.17
ORD01699,20-07-2025,CUST1064,John Bell,Mouse,Electronics,North,Ahmedabad,6,3000,823.24
ORD01700,02-07-2025,CUST1405,Christopher Tate,Desk,Furniture,South,Pune,4,60000,9296.14
ORD01701,08-08-2024,CUST1566,Bethany Garcia,Keyboard,Electronics,South,Delhi,6,7200,1294.42
ORD01702,23-06-2025,CUST1104,Rebecca Nguyen,Laptop,Electronics,West,Hyderabad,1,50000,10377.66
ORD01703,25-01-2024,CUST1235,Rebecca Patel,Laptop,Electronics,South,Delhi,3,150000,23486.05
ORD01704,21-01-2025,CUST1671,Jason Oliver,Chair,Furniture,West,Bengaluru,2,14000,4157.29
ORD01705,31-05-2025,CUST1739,Valerie Reyes,Chair,Furniture,West,Delhi,2,14000,2610.71
ORD01706,25-08-2025,CUST1811,Robert Garza,Laptop,Electronics,West,Ahmedabad,3,150000,20448.02
ORD01707,24-01-2024,CUST1309,Jessica Cobb,Chair,Furniture,East,Hyderabad,6,42000,10028.46
ORD01708,02-11-2025,CUST1590,Cynthia Bates,Monitor,Electronics,West,Kolkata,2,24000,3090.82
ORD01709,20-02-2025,CUST1574,Timothy Andrews,Chair,Furniture,East,Hyderabad,7,49000,9259.01
ORD01710,23-05-2025,CUST1745,Mr. Joel Peters,Chair,Furniture,West,Chennai,4,28000,6506.12
ORD01711,26-01-2024,CUST1406,Casey Blanchard,Mouse,Electronics,South,Hyderabad,8,4000,734.3
ORD01712,20-10-2025,CUST1318,Brian Cervantes,Desk,Furniture,East,Bengaluru,8,120000,14945.64
ORD01713,31-07-2024,CUST1885,Jamie Snyder,Mouse,Electronics,West,Ahmedabad,2,1000,228.04
ORD01714,29-04-2025,CUST1535,Ann Montoya,Mouse,Electronics,South,Delhi,3,1500,310.83
ORD01715,11-12-2024,CUST1854,Stephanie Fields,Printer,Office Supplies,South,Delhi,5,45000,4262.02
ORD01716,01-10-2024,CUST1706,Charles Hernandez,Desk,Furniture,South,Hyderabad,7,105000,15408
ORD01717,29-08-2024,CUST1329,Jean Lane,Printer,Office Supplies,West,Hyderabad,6,54000,6888.7
ORD01718,20-03-2024,CUST1384,Michael Stewart,Mouse,Electronics,South,Delhi,2,1000,210.19
ORD01719,24-03-2025,CUST1890,Susan Torres,Keyboard,Electronics,North,Delhi,2,2400,383.86
ORD01720,21-06-2025,CUST1498,Jessica Haas,Notebook,Office Supplies,South,Kolkata,8,800,192.58
ORD01721,21-03-2025,CUST1301,Brandon Smith,Notebook,Office Supplies,East,Chennai,1,100,26.34
ORD01722,19-06-2025,CUST1701,Mrs. Bethany Phillips,Desk,Furniture,South,Chennai,3,45000,4238.52
ORD01723,04-12-2024,CUST1949,Joshua Brown,Chair,Furniture,South,Bengaluru,8,56000,13688.19
ORD01724,02-07-2024,CUST1153,Samantha Howard,Printer,Office Supplies,West,Mumbai,1,9000,801.55
ORD01725,23-07-2024,CUST1710,Sharon Young,Laptop,Electronics,North,Hyderabad,5,250000,50439.55
ORD01726,24-04-2025,CUST1608,Jennifer Flores,Desk,Furniture,South,Mumbai,2,30000,2651.99
ORD01727,15-01-2024,CUST1950,James Gardner,Desk,Furniture,South,Pune,4,60000,6530.22
ORD01728,09-11-2024,CUST1376,Karen Lopez,Chair,Furniture,West,Pune,7,49000,12870.84
ORD01729,15-04-2024,CUST1748,Tim Larsen,Monitor,Electronics,South,Pune,2,24000,3800.1
ORD01730,09-05-2024,CUST1816,Zachary Santiago,Keyboard,Electronics,West,Chennai,5,6000,1245.84
ORD01731,03-01-2024,CUST1802,Benjamin Smith,Chair,Furniture,South,Ahmedabad,8,56000,11558.18
ORD01732,01-05-2025,CUST1895,Katelyn Kim,Mouse,Electronics,North,Chennai,3,1500,259.38
ORD01733,26-03-2025,CUST1435,Angela May MD,Mouse,Electronics,West,Chennai,1,500,86.04
ORD01734,06-02-2025,CUST1386,Richard Munoz,Chair,Furniture,West,Hyderabad,2,14000,2955.62
ORD01735,20-11-2024,CUST1543,Christopher Hicks,Desk,Furniture,North,Ahmedabad,5,75000,10828.71
ORD01736,23-03-2025,CUST1573,Joanna Kelly,Keyboard,Electronics,West,Hyderabad,5,6000,1352.17
ORD01737,21-03-2025,CUST1667,Larry Lane,Chair,Furniture,East,Bengaluru,2,14000,3621.6
ORD01738,17-11-2025,CUST1354,Cynthia Shaw,Laptop,Electronics,West,Ahmedabad,6,300000,65514.06
ORD01739,11-01-2024,CUST1200,Joshua Richardson,Monitor,Electronics,West,Chennai,7,84000,11649
ORD01740,02-12-2024,CUST1096,Laura Bush,Monitor,Electronics,East,Pune,1,12000,1893.08
ORD01741,08-10-2024,CUST1657,John Vaughn,Laptop,Electronics,West,Kolkata,5,250000,32405.26
ORD01742,28-02-2024,CUST1994,Nicholas Terrell,Laptop,Electronics,North,Hyderabad,5,250000,38902.69
ORD01743,25-10-2025,CUST1768,Dr. Julie Miller,Printer,Office Supplies,North,Delhi,8,72000,5790.69
ORD01744,31-12-2025,CUST1156,Ann Kennedy,Desk,Furniture,South,Bengaluru,1,15000,1921.95
ORD01745,02-05-2024,CUST1057,Toni Miller,Mouse,Electronics,West,Delhi,7,3500,924.34
ORD01746,11-10-2024,CUST1873,Rebecca Edwards,Desk,Furniture,South,Delhi,2,30000,4373.04
ORD01747,22-06-2024,CUST1927,Greg Osborne,Desk,Furniture,East,Delhi,6,90000,13377.33
ORD01748,16-11-2025,CUST1062,Jose Harrison,Notebook,Office Supplies,North,Ahmedabad,7,700,252.55
ORD01749,30-03-2025,CUST1045,Jennifer Yu,Keyboard,Electronics,East,Ahmedabad,5,6000,900.46
ORD01750,04-01-2024,CUST1318,Donna Johnson,Notebook,Office Supplies,East,Chennai,3,300,97.31
ORD01751,14-12-2025,CUST1088,Nicole Acosta,Mouse,Electronics,West,Mumbai,6,3000,646.64
ORD01752,29-03-2024,CUST1190,Amy Kennedy,Mouse,Electronics,East,Delhi,2,1000,178.09
ORD01753,18-01-2025,CUST1471,Anthony Mooney,Keyboard,Electronics,North,Ahmedabad,1,1200,199.32
ORD01754,15-05-2024,CUST1317,Lori Mitchell,Chair,Furniture,North,Kolkata,4,28000,8039.12
ORD01755,01-08-2025,CUST1323,Jonathan York,Chair,Furniture,West,Ahmedabad,3,21000,4553.73
ORD01756,30-06-2024,CUST1302,Casey Campbell,Monitor,Electronics,East,Hyderabad,5,60000,11071.27
ORD01757,15-08-2025,CUST1372,Alexis Rodriguez,Chair,Furniture,East,Hyderabad,2,14000,3478.76
ORD01758,22-08-2025,CUST1394,Kevin Hernandez,Keyboard,Electronics,South,Ahmedabad,1,1200,304.75
ORD01759,29-11-2025,CUST1815,Robert Green,Notebook,Office Supplies,East,Ahmedabad,6,600,195.77
ORD01760,03-08-2024,CUST1264,Kari Lloyd,Desk,Furniture,South,Hyderabad,5,75000,6790.09
ORD01761,13-06-2025,CUST1674,Grace Miller,Chair,Furniture,South,Hyderabad,1,7000,2193.02
ORD01762,16-01-2025,CUST1577,Timothy Moore,Keyboard,Electronics,West,Delhi,8,9600,2020.02
ORD01763,09-01-2024,CUST1162,Wyatt Townsend II,Desk,Furniture,West,Hyderabad,2,30000,3879.66
ORD01764,12-04-2024,CUST1191,Mark Clark,Desk,Furniture,East,Pune,6,90000,11758.27
ORD01765,23-01-2024,CUST1449,Haley May,Keyboard,Electronics,West,Kolkata,8,9600,1973.89
ORD01766,15-09-2024,CUST1740,Audrey Jackson,Notebook,Office Supplies,East,Chennai,8,800,288.11
ORD01767,27-08-2024,CUST1781,Eric Reese,Printer,Office Supplies,North,Kolkata,7,63000,5544.66
ORD01768,14-02-2025,CUST1607,Kim James,Notebook,Office Supplies,North,Bengaluru,5,500,190.86
ORD01769,15-12-2025,CUST1965,Karen Thomas,Keyboard,Electronics,South,Bengaluru,5,6000,1478.35
ORD01770,25-02-2024,CUST1993,Alexandra Ho,Keyboard,Electronics,North,Pune,6,7200,1689.32
ORD01771,18-06-2024,CUST1471,Michael Nixon,Keyboard,Electronics,North,Bengaluru,6,7200,1404.33
ORD01772,23-03-2024,CUST1189,Amanda Hardin,Monitor,Electronics,South,Ahmedabad,3,36000,4756.15
ORD01773,06-06-2024,CUST1701,Tina Reynolds,Notebook,Office Supplies,East,Delhi,2,200,68.07
ORD01774,27-04-2025,CUST1563,Shannon Rogers,Printer,Office Supplies,West,Ahmedabad,3,27000,2448.43
ORD01775,24-12-2025,CUST1248,Brett Pena,Printer,Office Supplies,North,Kolkata,7,63000,7552.49
ORD01776,16-05-2024,CUST1409,Raymond Curry,Keyboard,Electronics,East,Pune,6,7200,1667.27
ORD01777,21-12-2024,CUST1500,Leah Lee,Notebook,Office Supplies,North,Ahmedabad,7,700,214.3
ORD01778,14-12-2024,CUST1513,Michael White,Keyboard,Electronics,North,Kolkata,4,4800,884.62
ORD01779,11-07-2024,CUST1045,Megan Decker,Mouse,Electronics,South,Pune,4,2000,344.45
ORD01780,31-10-2025,CUST1184,Brent Garcia,Notebook,Office Supplies,West,Bengaluru,2,200,54.23
ORD01781,07-05-2025,CUST1035,Daniel Campbell,Chair,Furniture,East,Kolkata,5,35000,8155.78
ORD01782,13-06-2025,CUST1854,Alexander Davis,Keyboard,Electronics,North,Hyderabad,3,3600,676.03
ORD01783,13-04-2024,CUST1671,Mary Houston,Mouse,Electronics,West,Delhi,6,3000,733.68
ORD01784,03-06-2025,CUST1393,Margaret Erickson,Keyboard,Electronics,West,Delhi,6,7200,1119.23
ORD01785,25-02-2024,CUST1310,Scott Anderson,Printer,Office Supplies,West,Pune,7,63000,6006.89
ORD01786,29-04-2025,CUST1729,Stephanie Knight,Mouse,Electronics,East,Chennai,8,4000,881.09
ORD01787,28-06-2025,CUST1777,Stephanie Dominguez,Mouse,Electronics,West,Mumbai,3,1500,425.19
ORD01788,25-12-2025,CUST1604,John Mayer,Keyboard,Electronics,East,Ahmedabad,1,1200,216.54
ORD01789,15-10-2024,CUST1040,Tammy Hill,Printer,Office Supplies,North,Hyderabad,7,63000,4593.49
ORD01790,05-09-2025,CUST1702,Steven Carrillo,Printer,Office Supplies,East,Pune,6,54000,3942.24
ORD01791,25-01-2024,CUST1555,Christopher Jones,Notebook,Office Supplies,East,Bengaluru,6,600,198.9
ORD01792,02-04-2025,CUST1332,Janet Cook,Chair,Furniture,East,Delhi,6,42000,9977.48
ORD01793,28-06-2025,CUST1756,Tyler Baker,Mouse,Electronics,West,Ahmedabad,6,3000,751.83
ORD01794,09-05-2024,CUST1744,John Mcfarland,Keyboard,Electronics,South,Hyderabad,2,2400,490.08
ORD01795,14-04-2025,CUST1705,Cassandra Vasquez,Notebook,Office Supplies,South,Hyderabad,5,500,136.08
ORD01796,09-02-2024,CUST1150,Randy Robinson,Laptop,Electronics,North,Kolkata,2,100000,16127.16
ORD01797,05-11-2024,CUST1432,Susan Baldwin,Mouse,Electronics,West,Delhi,6,3000,829.27
ORD01798,22-03-2024,CUST1856,Benjamin Duncan,Keyboard,Electronics,West,Mumbai,5,6000,1359.55
ORD01799,22-09-2025,CUST1526,Jeremy Mosley,Monitor,Electronics,South,Delhi,5,60000,11672.56
ORD01800,23-03-2025,CUST1281,Martin Fitzpatrick,Desk,Furniture,South,Pune,8,120000,11939.41
ORD01801,25-11-2025,CUST1291,Deborah Graves,Laptop,Electronics,East,Delhi,7,350000,78488.41
ORD01802,28-02-2025,CUST1672,Laura Robertson,Notebook,Office Supplies,South,Pune,4,400,85.35
ORD01803,12-10-2025,CUST1325,Katherine Graham,Chair,Furniture,North,Ahmedabad,8,56000,14832.27
ORD01804,14-08-2024,CUST1065,Priscilla Floyd,Monitor,Electronics,East,Hyderabad,1,12000,2025.73
ORD01805,02-05-2025,CUST1952,April Finley,Notebook,Office Supplies,North,Chennai,6,600,184.48
ORD01806,31-03-2025,CUST1155,Karen Bradley,Desk,Furniture,West,Hyderabad,6,90000,9804.45
ORD01807,18-09-2024,CUST1412,Heather Maldonado,Monitor,Electronics,North,Mumbai,3,36000,5960.47
ORD01808,26-06-2025,CUST1378,Mark Benjamin,Printer,Office Supplies,East,Pune,6,54000,4049.22
ORD01809,31-01-2024,CUST1159,Joseph Woodward,Desk,Furniture,South,Chennai,8,120000,15907.69
ORD01810,24-01-2024,CUST1769,Joe Miranda,Notebook,Office Supplies,East,Hyderabad,7,700,272.47
ORD01811,14-05-2024,CUST1387,Cassandra Williams,Monitor,Electronics,North,Mumbai,7,84000,15784.09
ORD01812,23-04-2024,CUST1584,Connor Dominguez,Notebook,Office Supplies,East,Bengaluru,4,400,99.21
ORD01813,26-12-2024,CUST1769,Lydia Howard,Keyboard,Electronics,South,Kolkata,7,8400,1730.47
ORD01814,07-10-2025,CUST1108,Mark Moss,Chair,Furniture,East,Kolkata,6,42000,12204.15
ORD01815,20-04-2025,CUST1293,Corey Cortez,Monitor,Electronics,West,Bengaluru,7,84000,12560.94
ORD01816,29-06-2025,CUST1849,Katherine Brown,Keyboard,Electronics,East,Hyderabad,7,8400,1466.72
ORD01817,30-10-2025,CUST1428,Elizabeth Ferguson,Keyboard,Electronics,West,Kolkata,2,2400,446.41
ORD01818,21-05-2024,CUST1624,Joann Forbes,Monitor,Electronics,North,Kolkata,1,12000,1928.39
ORD01819,19-06-2024,CUST1582,Anthony French,Laptop,Electronics,West,Mumbai,6,300000,57557.93
ORD01820,31-10-2025,CUST1398,Bruce Roman,Desk,Furniture,South,Bengaluru,1,15000,2062.4
ORD01821,02-09-2024,CUST1179,Judy Gregory,Printer,Office Supplies,West,Ahmedabad,6,54000,6122.71
ORD01822,01-02-2024,CUST1211,Brittany Riley,Desk,Furniture,West,Hyderabad,3,45000,4729.26
ORD01823,30-06-2024,CUST1996,Amanda Thomas,Monitor,Electronics,West,Mumbai,8,96000,18631.12
ORD01824,12-03-2024,CUST1007,Kaitlin Hardin,Desk,Furniture,North,Kolkata,3,45000,4573.36
ORD01825,03-03-2025,CUST1980,Michael Anderson,Printer,Office Supplies,East,Mumbai,7,63000,4675.98
ORD01826,02-03-2024,CUST1299,Anthony Parker,Laptop,Electronics,West,Delhi,8,400000,71170.89
ORD01827,07-06-2025,CUST1644,Joy Jackson,Desk,Furniture,West,Kolkata,7,105000,14237.68
ORD01828,25-09-2024,CUST1776,Sabrina Rodriguez,Mouse,Electronics,North,Bengaluru,2,1000,173.27
ORD01829,25-05-2024,CUST1934,Robert Walker PhD,Desk,Furniture,South,Hyderabad,7,105000,13783.42
ORD01830,19-10-2025,CUST1710,Robert Hendrix,Monitor,Electronics,North,Hyderabad,5,60000,6824.48
ORD01831,16-12-2024,CUST1302,Erika Daugherty,Printer,Office Supplies,West,Chennai,4,36000,4155.08
ORD01832,31-08-2025,CUST1036,Brenda Copeland,Printer,Office Supplies,South,Bengaluru,5,45000,4684.22
ORD01833,14-01-2025,CUST1577,Pamela Watkins,Chair,Furniture,East,Pune,1,7000,1457.07
ORD01834,08-11-2024,CUST1486,Bryan Thomas,Chair,Furniture,West,Pune,3,21000,5463.07
ORD01835,26-10-2024,CUST1879,Michael Tran,Keyboard,Electronics,West,Pune,3,3600,567.3
ORD01836,20-08-2025,CUST1310,Timothy Williams,Monitor,Electronics,South,Delhi,1,12000,2178.99
ORD01837,13-06-2025,CUST1415,Ryan Salazar,Chair,Furniture,West,Bengaluru,6,42000,11893.18
ORD01838,28-05-2025,CUST1321,Alexis Tucker,Desk,Furniture,East,Kolkata,3,45000,5682.32
ORD01839,08-05-2025,CUST1179,Christopher Davis,Printer,Office Supplies,West,Kolkata,3,27000,3300.67
ORD01840,12-11-2024,CUST1211,Stacie Butler,Laptop,Electronics,South,Bengaluru,2,100000,16297.56
ORD01841,31-12-2024,CUST1510,Patricia Schwartz,Chair,Furniture,West,Delhi,2,14000,3814.99
ORD01842,03-02-2024,CUST1408,Mark Mills,Monitor,Electronics,North,Chennai,4,48000,6610.58
ORD01843,01-07-2025,CUST1866,Todd Bishop,Mouse,Electronics,North,Delhi,5,2500,567.58
ORD01844,06-07-2024,CUST1706,Christopher Porter,Printer,Office Supplies,South,Ahmedabad,4,36000,3048.54
ORD01845,15-09-2025,CUST1272,Lori Patton,Printer,Office Supplies,East,Mumbai,3,27000,1955.18
ORD01846,15-05-2024,CUST1535,Aaron Young,Monitor,Electronics,East,Delhi,2,24000,4477.26
ORD01847,18-08-2025,CUST1488,Joseph Davis,Monitor,Electronics,West,Mumbai,4,48000,6093.82
ORD01848,15-03-2024,CUST1201,Philip Fernandez,Laptop,Electronics,West,Mumbai,6,300000,63396.52
ORD01849,12-04-2024,CUST1555,Randy Hopkins,Printer,Office Supplies,South,Hyderabad,2,18000,1774.12
ORD01850,24-04-2024,CUST1737,Cory Hogan,Chair,Furniture,West,Ahmedabad,1,7000,1835.8
ORD01851,20-02-2025,CUST1615,Tracy Wells,Printer,Office Supplies,East,Hyderabad,1,9000,765.94
ORD01852,10-06-2025,CUST1290,Michael Williams,Keyboard,Electronics,East,Pune,6,7200,1446.3
ORD01853,28-07-2025,CUST1515,Dominique Hamilton,Monitor,Electronics,East,Hyderabad,6,72000,9343.87
ORD01854,22-11-2024,CUST1914,Robert Chang,Mouse,Electronics,West,Hyderabad,3,1500,327.54
ORD01855,18-03-2025,CUST1689,Patrick Buckley,Keyboard,Electronics,East,Mumbai,3,3600,532.32
ORD01856,05-07-2025,CUST1842,Richard Washington,Printer,Office Supplies,South,Ahmedabad,6,54000,5846.74
ORD01857,28-05-2025,CUST1312,Steven Griffith,Mouse,Electronics,East,Hyderabad,4,2000,364.29
ORD01858,03-08-2024,CUST1584,Erika Gonzalez,Mouse,Electronics,South,Chennai,5,2500,691.09
ORD01859,24-06-2024,CUST1872,Erika Maxwell,Keyboard,Electronics,South,Bengaluru,4,4800,1113.44
ORD01860,02-03-2025,CUST1798,Brent Rojas,Desk,Furniture,East,Ahmedabad,8,120000,15726.16
ORD01861,06-11-2024,CUST1379,Jaime Walker,Chair,Furniture,South,Pune,8,56000,17648.37
ORD01862,18-11-2024,CUST1460,John Zamora,Desk,Furniture,East,Kolkata,6,90000,12933.42
ORD01863,17-02-2025,CUST1056,Timothy Gibson,Notebook,Office Supplies,West,Chennai,7,700,147.71
ORD01864,20-01-2024,CUST1838,Chad Cortez,Keyboard,Electronics,South,Ahmedabad,8,9600,2227.64
ORD01865,25-01-2024,CUST1329,Vanessa Harris,Chair,Furniture,West,Kolkata,5,35000,10495.9
ORD01866,24-09-2025,CUST1515,Michael Brown,Desk,Furniture,West,Pune,4,60000,8485.09
ORD01867,29-11-2024,CUST1740,Samuel Ellis,Mouse,Electronics,West,Hyderabad,2,1000,186.09
ORD01868,24-12-2025,CUST1498,Greg Tanner,Laptop,Electronics,South,Pune,7,350000,70098.88
ORD01869,16-10-2025,CUST1350,Rachel Little,Notebook,Office Supplies,East,Chennai,1,100,22.83
ORD01870,17-05-2024,CUST1901,Carolyn Cordova,Printer,Office Supplies,North,Chennai,5,45000,3449.78
ORD01871,26-08-2025,CUST1306,Angelica Vincent,Notebook,Office Supplies,South,Mumbai,3,300,110.19
ORD01872,13-07-2025,CUST1781,Zachary Vargas PhD,Printer,Office Supplies,East,Pune,4,36000,3228.14
ORD01873,10-03-2024,CUST1891,Nicholas Fitzgerald,Laptop,Electronics,East,Chennai,3,150000,31408.03
ORD01874,24-04-2025,CUST1233,Garrett Riley,Printer,Office Supplies,West,Chennai,4,36000,2917.74
ORD01875,21-12-2025,CUST1265,Leslie Hernandez,Desk,Furniture,East,Delhi,4,60000,7967.53
ORD01876,13-03-2025,CUST1405,Abigail Baird,Keyboard,Electronics,West,Delhi,2,2400,520.97
ORD01877,23-03-2025,CUST1032,John Mack,Laptop,Electronics,East,Hyderabad,6,300000,38324.92
ORD01878,18-03-2024,CUST1578,Joseph Mendoza,Chair,Furniture,North,Mumbai,6,42000,11346.56
ORD01879,24-04-2025,CUST1624,Samantha Chavez,Keyboard,Electronics,South,Mumbai,2,2400,501.29
ORD01880,04-06-2024,CUST1666,Justin Smith,Notebook,Office Supplies,East,Mumbai,5,500,146.91
ORD01881,10-12-2025,CUST1757,Tiffany Anderson,Keyboard,Electronics,West,Delhi,6,7200,1400.3
ORD01882,03-02-2025,CUST1019,Matthew Davis,Notebook,Office Supplies,North,Ahmedabad,5,500,105.57
ORD01883,16-08-2024,CUST1598,Eric Warner,Desk,Furniture,East,Hyderabad,7,105000,9957.74
ORD01884,13-08-2025,CUST1156,Nicole Johnson,Monitor,Electronics,South,Bengaluru,6,72000,13348.22
ORD01885,27-01-2024,CUST1546,Raymond Sawyer,Monitor,Electronics,North,Bengaluru,5,60000,7280.57
ORD01886,18-11-2024,CUST1950,Richard Wood,Desk,Furniture,South,Ahmedabad,2,30000,3227.32
ORD01887,04-10-2024,CUST1238,Mark Dalton,Monitor,Electronics,South,Chennai,5,60000,7181.76
ORD01888,26-03-2025,CUST1126,Steven Cook,Laptop,Electronics,West,Delhi,3,150000,33117.73
ORD01889,02-04-2025,CUST1449,Jeffery Nelson,Printer,Office Supplies,West,Ahmedabad,4,36000,3341.7
ORD01890,07-05-2024,CUST1095,Kimberly Norton,Monitor,Electronics,South,Mumbai,7,84000,13282.04
ORD01891,15-05-2025,CUST1758,Angela Gilmore,Keyboard,Electronics,East,Chennai,4,4800,741.33
ORD01892,02-04-2024,CUST1818,Amy Dougherty,Notebook,Office Supplies,East,Hyderabad,4,400,99.14
ORD01893,17-01-2024,CUST1007,Stacy Rodriguez,Chair,Furniture,West,Kolkata,2,14000,4434.28
ORD01894,13-11-2024,CUST1856,Manuel Diaz,Notebook,Office Supplies,North,Kolkata,2,200,54.77
ORD01895,27-03-2024,CUST1666,Justin Jones,Chair,Furniture,West,Hyderabad,4,28000,9098.77
ORD01896,27-11-2024,CUST1046,Christine Zavala,Laptop,Electronics,South,Ahmedabad,5,250000,51199.99
ORD01897,08-06-2024,CUST1143,Brian Mendoza,Keyboard,Electronics,West,Delhi,1,1200,186.42
ORD01898,07-11-2025,CUST1300,Lauren Haley,Laptop,Electronics,East,Kolkata,4,200000,43913.05
ORD01899,15-06-2025,CUST1988,Patrick Perez,Keyboard,Electronics,South,Bengaluru,7,8400,1349.8
ORD01900,31-01-2024,CUST1509,Derek Frazier,Desk,Furniture,South,Pune,2,30000,4218.96
ORD01901,28-09-2024,CUST1636,Arthur Reed,Notebook,Office Supplies,East,Delhi,6,600,224.17
ORD01902,26-04-2025,CUST1035,Mr. Bryan Mckinney,Laptop,Electronics,South,Kolkata,6,300000,38723.3
ORD01903,21-06-2025,CUST1173,Kim Carter,Laptop,Electronics,South,Mumbai,7,350000,72922.59
ORD01904,04-04-2024,CUST1429,Rebecca Dougherty,Laptop,Electronics,North,Mumbai,6,300000,66868.91
ORD01905,03-07-2025,CUST1450,Teresa Jones,Printer,Office Supplies,South,Delhi,8,72000,9288.15
ORD01906,20-09-2024,CUST1131,Judith Miller,Chair,Furniture,East,Chennai,8,56000,13743.69
ORD01907,07-08-2025,CUST1200,Donna Frye,Mouse,Electronics,South,Ahmedabad,8,4000,876.2
ORD01908,25-03-2024,CUST1761,Donald Terry,Keyboard,Electronics,North,Kolkata,3,3600,601.44
ORD01909,13-09-2024,CUST1189,Shaun Meyer DDS,Chair,Furniture,East,Chennai,2,14000,2974.54
ORD01910,14-05-2024,CUST1335,Wayne Weaver,Printer,Office Supplies,West,Chennai,5,45000,5201.71
ORD01911,29-01-2025,CUST1647,Gregory Wallace,Keyboard,Electronics,North,Ahmedabad,1,1200,275.7
ORD01912,04-02-2024,CUST1855,Dorothy Brown,Keyboard,Electronics,South,Bengaluru,1,1200,188.59
ORD01913,07-05-2025,CUST1495,Crystal Meza,Notebook,Office Supplies,East,Ahmedabad,6,600,127.26
ORD01914,09-04-2025,CUST1636,Jennifer Cooper,Notebook,Office Supplies,East,Hyderabad,8,800,310.95
ORD01915,10-06-2025,CUST1946,Erin Watkins,Mouse,Electronics,East,Chennai,5,2500,601.3
ORD01916,14-05-2025,CUST1790,Sarah Wallace,Keyboard,Electronics,West,Mumbai,5,6000,1085.51
ORD01917,09-01-2025,CUST1436,Carlos Clarke,Desk,Furniture,North,Bengaluru,5,75000,6640.84
ORD01918,23-04-2024,CUST1123,David Washington,Mouse,Electronics,East,Bengaluru,4,2000,565.42
ORD01919,20-07-2025,CUST1962,Patricia Williams,Desk,Furniture,North,Bengaluru,5,75000,8743.85
ORD01920,27-11-2025,CUST1227,Jesus Jackson,Notebook,Office Supplies,North,Ahmedabad,4,400,94.2
ORD01921,27-06-2025,CUST1537,Michelle Mitchell,Desk,Furniture,North,Chennai,3,45000,5603.74
ORD01922,12-04-2024,CUST1696,Sara Schwartz,Monitor,Electronics,South,Ahmedabad,3,36000,4993.29
ORD01923,12-10-2024,CUST1050,Brittany Young,Keyboard,Electronics,West,Pune,7,8400,2041.16
ORD01924,24-04-2025,CUST1329,Eugene Martinez,Notebook,Office Supplies,South,Pune,7,700,259.61
ORD01925,23-07-2025,CUST1684,Cody Hart,Laptop,Electronics,East,Ahmedabad,2,100000,15314.36
ORD01926,23-05-2024,CUST1147,Evan Cooper,Mouse,Electronics,West,Bengaluru,1,500,126.84
ORD01927,23-10-2025,CUST1429,Joshua Martin,Monitor,Electronics,West,Ahmedabad,7,84000,14764.53
ORD01928,09-10-2024,CUST1143,Thomas Sullivan,Monitor,Electronics,West,Mumbai,6,72000,8017.05
ORD01929,19-11-2025,CUST1282,Mr. Jimmy Flores Jr.,Keyboard,Electronics,East,Delhi,4,4800,927.39
ORD01930,05-10-2025,CUST1612,Vanessa Rivera,Mouse,Electronics,West,Ahmedabad,5,2500,558
ORD01931,08-07-2025,CUST1760,Kara Roberts,Printer,Office Supplies,West,Bengaluru,5,45000,5370.05
ORD01932,11-02-2024,CUST1390,Veronica Berry,Mouse,Electronics,East,Mumbai,6,3000,808.59
ORD01933,27-12-2025,CUST1708,Keith Meadows,Printer,Office Supplies,West,Pune,7,63000,6621.22
ORD01934,09-09-2025,CUST1982,Michael Dennis,Monitor,Electronics,East,Ahmedabad,2,24000,2711.32
ORD01935,15-10-2025,CUST1107,Brenda Pierce,Printer,Office Supplies,East,Pune,7,63000,6003.93
ORD01936,14-09-2024,CUST1365,James Randall,Chair,Furniture,North,Delhi,6,42000,9993.77
ORD01937,21-05-2025,CUST1226,Brandon Brown,Mouse,Electronics,West,Pune,8,4000,744.17
ORD01938,02-08-2025,CUST1384,Lauren Walker,Mouse,Electronics,West,Delhi,8,4000,912.03
ORD01939,30-04-2024,CUST1989,Diana Johnson,Mouse,Electronics,South,Chennai,2,1000,229.98
ORD01940,10-02-2024,CUST1355,Jill Powers,Notebook,Office Supplies,West,Hyderabad,7,700,237.5
ORD01941,05-10-2025,CUST1762,Jorge Lee,Laptop,Electronics,West,Delhi,7,350000,74837.47
ORD01942,02-12-2024,CUST1101,Larry Harding,Monitor,Electronics,East,Kolkata,3,36000,3858.23
ORD01943,16-09-2024,CUST1367,Heather Hernandez,Laptop,Electronics,East,Chennai,8,400000,87095.38
ORD01944,18-02-2024,CUST1332,Jaclyn Watson,Monitor,Electronics,West,Pune,5,60000,8708.44
ORD01945,14-07-2025,CUST1663,Gregory Madden,Keyboard,Electronics,East,Kolkata,4,4800,993.68
ORD01946,01-04-2024,CUST1341,Anita Luna,Desk,Furniture,East,Ahmedabad,3,45000,6516.89
ORD01947,02-04-2024,CUST1654,Willie Lara,Desk,Furniture,West,Chennai,5,75000,6847.01
ORD01948,26-07-2024,CUST1271,Robert Waller,Printer,Office Supplies,West,Chennai,3,27000,3115.63
ORD01949,12-06-2024,CUST1982,Steven Taylor,Desk,Furniture,South,Chennai,8,120000,17819.54
ORD01950,13-11-2024,CUST1930,Angelica Clark,Laptop,Electronics,East,Bengaluru,2,100000,14649.73
ORD01951,02-04-2024,CUST1728,Sean Hatfield,Notebook,Office Supplies,West,Pune,2,200,49.15
ORD01952,10-02-2025,CUST1136,Tyler Avila,Keyboard,Electronics,West,Mumbai,6,7200,1468.36
ORD01953,18-08-2024,CUST1453,Jason Rocha,Chair,Furniture,North,Ahmedabad,2,14000,3130.06
ORD01954,17-08-2024,CUST1853,Justin Page,Keyboard,Electronics,South,Ahmedabad,5,6000,858.98
ORD01955,09-08-2024,CUST1148,Breanna Lopez,Monitor,Electronics,North,Pune,8,96000,15677.81
ORD01956,09-05-2025,CUST1858,Julian Williams,Monitor,Electronics,West,Kolkata,1,12000,2186.13
ORD01957,15-06-2025,CUST1594,Sandra Torres,Monitor,Electronics,West,Kolkata,7,84000,10226.6
ORD01958,26-09-2024,CUST1441,Julie Johnson,Chair,Furniture,East,Chennai,6,42000,12411.58
ORD01959,19-03-2024,CUST1981,Dennis Blanchard,Monitor,Electronics,South,Chennai,6,72000,11061.59
ORD01960,03-06-2025,CUST1725,Kaitlyn Valdez,Monitor,Electronics,West,Chennai,3,36000,4093.05
ORD01961,19-12-2025,CUST1660,Jennifer Vasquez,Mouse,Electronics,South,Hyderabad,4,2000,498.11
ORD01962,24-03-2025,CUST1509,Danielle Wilson,Chair,Furniture,West,Mumbai,1,7000,1708.25
ORD01963,26-07-2025,CUST1665,Zachary Jones,Keyboard,Electronics,North,Chennai,1,1200,248.63
ORD01964,28-12-2024,CUST1066,Lauren Cunningham,Printer,Office Supplies,East,Pune,3,27000,1993.32
ORD01965,16-05-2024,CUST1405,Lori Alvarez,Laptop,Electronics,South,Hyderabad,8,400000,69011.86
ORD01966,06-08-2025,CUST1817,Barbara Hunt,Chair,Furniture,West,Bengaluru,5,35000,7860.3
ORD01967,24-02-2024,CUST1729,Sarah Martin,Desk,Furniture,East,Mumbai,1,15000,2308.56
ORD01968,14-06-2024,CUST1750,Francisco Johns,Mouse,Electronics,South,Ahmedabad,2,1000,223.93
ORD01969,21-05-2025,CUST1746,Christopher Nelson,Keyboard,Electronics,North,Chennai,3,3600,516.74
ORD01970,10-08-2025,CUST1717,Thomas Kelly,Mouse,Electronics,West,Kolkata,2,1000,278.89
ORD01971,17-12-2024,CUST1187,Joseph Mayer,Notebook,Office Supplies,North,Pune,8,800,187.95
ORD01972,15-09-2024,CUST1511,Pamela White,Desk,Furniture,North,Bengaluru,3,45000,6071.53
ORD01973,25-12-2024,CUST1662,Paul Stephens,Chair,Furniture,North,Chennai,7,49000,10049.46
ORD01974,21-01-2024,CUST1900,Samantha Cohen,Printer,Office Supplies,North,Delhi,2,18000,1825.78
ORD01975,25-06-2025,CUST1012,Michael Barker,Desk,Furniture,North,Chennai,2,30000,2883.99
ORD01976,04-08-2025,CUST1576,Kevin Morrow,Notebook,Office Supplies,East,Mumbai,5,500,107.49
ORD01977,25-05-2025,CUST1186,Joseph Watson,Keyboard,Electronics,South,Chennai,4,4800,1038.61
ORD01978,10-08-2025,CUST1181,Mr. Thomas Garcia,Mouse,Electronics,West,Bengaluru,3,1500,349.74
ORD01979,09-02-2024,CUST1957,Daniel Lopez,Keyboard,Electronics,North,Pune,8,9600,1378.95
ORD01980,03-07-2024,CUST1604,Lisa Guerra,Chair,Furniture,South,Mumbai,2,14000,3183.01
ORD01981,19-09-2025,CUST1942,Kim Arnold,Printer,Office Supplies,East,Hyderabad,4,36000,3823.57
ORD01982,15-11-2025,CUST1567,Ashley Stevens,Notebook,Office Supplies,North,Chennai,8,800,303.94
ORD01983,17-05-2025,CUST1192,Robert Mclean,Monitor,Electronics,West,Delhi,6,72000,8476.15
ORD01984,06-05-2025,CUST1830,Eric Cox,Desk,Furniture,North,Mumbai,1,15000,2249.94
ORD01985,20-10-2025,CUST1205,Stacy Harper,Desk,Furniture,East,Chennai,7,105000,14542.34
ORD01986,26-10-2024,CUST1966,Gloria Mckinney,Keyboard,Electronics,West,Kolkata,8,9600,2223.58
ORD01987,25-01-2024,CUST1503,Robert Walker,Notebook,Office Supplies,North,Chennai,7,700,157.38
ORD01988,21-10-2024,CUST1789,Brenda Perez,Printer,Office Supplies,North,Delhi,7,63000,5566.29
ORD01989,24-08-2025,CUST1765,Carlos Miller,Monitor,Electronics,South,Chennai,2,24000,3183.38
ORD01990,06-11-2024,CUST1394,Rachel Jones,Laptop,Electronics,South,Chennai,1,50000,6554.92
ORD01991,20-06-2025,CUST1869,Nicole Williams,Laptop,Electronics,South,Chennai,7,350000,72016.82
ORD01992,09-07-2024,CUST1913,Ricky Palmer,Laptop,Electronics,South,Chennai,4,200000,27330.86
ORD01993,07-08-2025,CUST1655,Bryan King,Mouse,Electronics,North,Delhi,4,2000,438.75
ORD01994,29-04-2024,CUST1946,Michael Webster,Notebook,Office Supplies,East,Delhi,4,400,148.82
ORD01995,03-02-2025,CUST1846,Tamara Harris,Monitor,Electronics,South,Chennai,6,72000,13938.92
ORD01996,05-09-2025,CUST1252,Cathy Bell,Notebook,Office Supplies,East,Kolkata,1,100,23.81
ORD01997,31-10-2025,CUST1754,Ryan Mcmahon,Chair,Furniture,East,Kolkata,4,28000,8849.15
ORD01998,21-01-2025,CUST1284,Hannah Martin,Laptop,Electronics,South,Hyderabad,7,350000,75230.38
ORD01999,08-02-2025,CUST1042,Monica Allen,Chair,Furniture,West,Bengaluru,1,7000,1882.86
ORD02000,28-04-2024,CUST1162,Annette Lane,Monitor,Electronics,West,Mumbai,2,24000,3897.21
ORD02001,19-09-2024,CUST1978,Daniel Lee,Keyboard,Electronics,West,Pune,6,7200,1152.6
ORD02002,24-09-2024,CUST1111,Steven Medina,Chair,Furniture,North,Kolkata,5,35000,10616.42
ORD02003,24-05-2025,CUST1205,Annette Lewis,Monitor,Electronics,South,Delhi,2,24000,3718.26
ORD02004,22-08-2024,CUST1038,Michelle Richardson,Printer,Office Supplies,West,Bengaluru,8,72000,5512.37
ORD02005,22-09-2025,CUST1379,Jessica Rosario,Mouse,Electronics,West,Bengaluru,2,1000,185.91
ORD02006,30-05-2025,CUST1785,Henry Gray,Printer,Office Supplies,South,Ahmedabad,1,9000,987.95
ORD02007,05-06-2024,CUST1349,Darren Rodriguez,Desk,Furniture,East,Bengaluru,1,15000,1874.31
ORD02008,21-10-2025,CUST1057,Mrs. Ashley Taylor,Desk,Furniture,West,Kolkata,8,120000,11813.61
ORD02009,18-08-2024,CUST1188,Michele Hawkins,Keyboard,Electronics,South,Chennai,5,6000,1204.03
ORD02010,12-03-2024,CUST1863,Garrett Wilson,Printer,Office Supplies,South,Pune,1,9000,1100.52
ORD02011,21-11-2024,CUST1058,Kyle Collins,Keyboard,Electronics,North,Mumbai,3,3600,740.36
ORD02012,22-06-2024,CUST1741,Jill Spencer,Notebook,Office Supplies,East,Chennai,1,100,32.13
ORD02013,01-12-2025,CUST1239,Scott Lopez,Laptop,Electronics,North,Kolkata,3,150000,33504.62
ORD02014,03-08-2025,CUST1122,Ryan Alvarez,Laptop,Electronics,South,Delhi,1,50000,10694.01
ORD02015,02-05-2025,CUST1959,Cassie Lutz,Mouse,Electronics,West,Pune,1,500,119.82
ORD02016,31-08-2024,CUST1699,Brian Kim DDS,Notebook,Office Supplies,West,Pune,8,800,299.07
ORD02017,05-06-2024,CUST1465,Charles Morales,Desk,Furniture,East,Ahmedabad,8,120000,14219.68
ORD02018,27-06-2024,CUST1986,Ashley Schaefer,Keyboard,Electronics,West,Pune,5,6000,1298.71
ORD02019,18-03-2025,CUST1824,Amy Hester,Keyboard,Electronics,East,Bengaluru,6,7200,1647.36
ORD02020,08-07-2025,CUST1872,Kurt Ewing,Laptop,Electronics,South,Kolkata,8,400000,68128.05
ORD02021,19-02-2025,CUST1431,Ryan Hardy,Keyboard,Electronics,West,Hyderabad,6,7200,1187.8
ORD02022,19-04-2025,CUST1372,Micheal Perkins,Printer,Office Supplies,East,Chennai,8,72000,9154.26
ORD02023,29-07-2024,CUST1251,Richard Schneider,Notebook,Office Supplies,South,Ahmedabad,3,300,102.06
ORD02024,15-07-2025,CUST1883,John Morrison,Monitor,Electronics,West,Chennai,6,72000,13394.3
ORD02025,26-04-2025,CUST1111,John Ramirez,Chair,Furniture,West,Pune,4,28000,6549.88
ORD02026,11-12-2024,CUST1564,Ashley King,Notebook,Office Supplies,South,Kolkata,1,100,24.59
ORD02027,25-01-2024,CUST1710,Mark Taylor Jr.,Notebook,Office Supplies,South,Kolkata,3,300,113.93
ORD02028,27-11-2025,CUST1576,Barry Gregory,Keyboard,Electronics,South,Kolkata,5,6000,1548.22
ORD02029,24-04-2025,CUST1251,Janet Shelton,Monitor,Electronics,South,Hyderabad,3,36000,5112.58
ORD02030,07-03-2024,CUST1087,Marco Davis,Desk,Furniture,North,Delhi,1,15000,1990.28
ORD02031,16-11-2024,CUST1953,Paul Saunders,Laptop,Electronics,East,Ahmedabad,6,300000,65424.27
ORD02032,08-03-2024,CUST1371,Christina Bates,Keyboard,Electronics,East,Hyderabad,4,4800,849.16
ORD02033,23-10-2024,CUST1310,Dennis Cooper PhD,Printer,Office Supplies,North,Bengaluru,6,54000,6059.67
ORD02034,29-06-2025,CUST1932,Tiffany Johnson,Keyboard,Electronics,West,Bengaluru,3,3600,683.36
ORD02035,12-09-2024,CUST1999,Thomas Reyes,Printer,Office Supplies,North,Bengaluru,5,45000,5012.9
ORD02036,18-05-2024,CUST1901,James Stevens,Printer,Office Supplies,West,Hyderabad,2,18000,2076.13
ORD02037,21-01-2024,CUST1600,Justin Dalton,Notebook,Office Supplies,East,Hyderabad,8,800,192.55
ORD02038,18-05-2025,CUST1969,Michael Henry,Keyboard,Electronics,East,Chennai,8,9600,2373.87
ORD02039,18-05-2024,CUST1639,Mike Freeman,Mouse,Electronics,East,Kolkata,6,3000,489.28
ORD02040,15-11-2025,CUST1201,Michael Keller,Keyboard,Electronics,East,Pune,2,2400,621.95
ORD02041,21-05-2025,CUST1016,Laura Alvarez,Mouse,Electronics,West,Bengaluru,6,3000,700.71
ORD02042,13-10-2024,CUST1532,Katie Myers,Desk,Furniture,North,Hyderabad,5,75000,7336.92
ORD02043,01-09-2024,CUST1717,Wesley Jensen MD,Desk,Furniture,East,Pune,3,45000,3948.52
ORD02044,06-10-2024,CUST1767,Erica Johnson,Printer,Office Supplies,West,Mumbai,7,63000,5685.82
ORD02045,01-10-2025,CUST1010,Russell Bailey,Desk,Furniture,North,Pune,1,15000,1401.1
ORD02046,24-01-2025,CUST1397,Alyssa Vance,Notebook,Office Supplies,North,Pune,4,400,149.13
ORD02047,08-06-2025,CUST1874,Brent Reed,Notebook,Office Supplies,West,Kolkata,6,600,165.61
ORD02048,24-09-2024,CUST1565,Gregory Stanley,Desk,Furniture,South,Hyderabad,3,45000,6835.02
ORD02049,05-04-2025,CUST1940,Matthew Watkins,Chair,Furniture,North,Chennai,5,35000,6562.36
ORD02050,19-04-2024,CUST1248,Ana Torres,Mouse,Electronics,North,Bengaluru,1,500,130.51
ORD02051,30-08-2024,CUST1797,Alejandro Nguyen,Desk,Furniture,North,Mumbai,2,30000,2852.65
ORD02052,15-12-2024,CUST1891,Scott Bradley,Laptop,Electronics,North,Bengaluru,1,50000,10277.12
ORD02053,18-04-2024,CUST1627,Deborah Dominguez,Printer,Office Supplies,North,Delhi,6,54000,6327.07
ORD02054,24-03-2024,CUST1190,Victoria Gray,Keyboard,Electronics,North,Mumbai,4,4800,1200.77
ORD02055,26-08-2024,CUST1215,Kenneth Stokes,Laptop,Electronics,North,Mumbai,7,350000,74022.21
ORD02056,16-07-2024,CUST1487,Michael Rogers,Notebook,Office Supplies,South,Hyderabad,6,600,193.55
ORD02057,23-11-2025,CUST1606,Pamela Morgan,Keyboard,Electronics,North,Hyderabad,8,9600,1675.85
ORD02058,21-07-2024,CUST1269,Heidi Graham,Keyboard,Electronics,South,Ahmedabad,1,1200,179.46
ORD02059,25-11-2024,CUST1774,Ryan Cobb PhD,Mouse,Electronics,South,Bengaluru,2,1000,178.84
ORD02060,02-06-2025,CUST1655,Donna Williams,Notebook,Office Supplies,East,Ahmedabad,5,500,159.14
ORD02061,03-09-2024,CUST1543,Jennifer Perez PhD,Notebook,Office Supplies,North,Pune,5,500,179.2
ORD02062,05-03-2024,CUST1505,Ryan Davis,Chair,Furniture,East,Delhi,3,21000,3878.66
ORD02063,01-04-2025,CUST1012,Austin Solis,Notebook,Office Supplies,North,Chennai,2,200,66.27
ORD02064,22-11-2024,CUST1461,Daniel Flynn,Desk,Furniture,East,Hyderabad,2,30000,3749.47
ORD02065,15-05-2025,CUST1320,Elizabeth Brock,Desk,Furniture,South,Ahmedabad,8,120000,12674.14
ORD02066,23-02-2025,CUST1476,Joshua Gonzalez,Keyboard,Electronics,West,Chennai,1,1200,267.48
ORD02067,20-04-2025,CUST1463,Mario Chavez,Notebook,Office Supplies,South,Bengaluru,8,800,293.09
ORD02068,22-05-2024,CUST1807,Catherine Smith,Notebook,Office Supplies,East,Kolkata,7,700,266.65
ORD02069,20-03-2025,CUST1810,Shari Ray,Keyboard,Electronics,South,Bengaluru,7,8400,1544.64
ORD02070,04-02-2025,CUST1483,Victor Harmon,Keyboard,Electronics,South,Pune,4,4800,726.63
ORD02071,05-02-2025,CUST1162,Timothy Patel,Desk,Furniture,East,Pune,4,60000,5133.66
ORD02072,26-05-2025,CUST1443,Patricia Hamilton,Monitor,Electronics,West,Bengaluru,4,48000,7141.83
ORD02073,18-04-2024,CUST1068,Lori Boyd,Printer,Office Supplies,East,Hyderabad,1,9000,820.82
ORD02074,21-05-2025,CUST1822,Charles Hernandez,Chair,Furniture,South,Kolkata,3,21000,4415.73
ORD02075,08-10-2025,CUST1162,Elizabeth Graham,Printer,Office Supplies,East,Pune,1,9000,1146.7
ORD02076,26-06-2025,CUST1288,Ronald Brown,Notebook,Office Supplies,East,Chennai,2,200,63.57
ORD02077,29-04-2025,CUST1064,Jason Colon,Keyboard,Electronics,North,Hyderabad,6,7200,1496.44
ORD02078,30-11-2024,CUST1704,Dawn Burke,Desk,Furniture,South,Chennai,7,105000,10680.59
ORD02079,14-08-2025,CUST1812,Brian Lee,Printer,Office Supplies,East,Ahmedabad,5,45000,4648.49
ORD02080,09-08-2025,CUST1994,Ronald Marshall,Keyboard,Electronics,South,Ahmedabad,6,7200,1683.3
ORD02081,20-01-2024,CUST1320,Jessica Lucas,Monitor,Electronics,North,Kolkata,8,96000,14946.89
ORD02082,17-05-2025,CUST1473,Christopher Taylor,Keyboard,Electronics,East,Mumbai,6,7200,1078.25
ORD02083,09-10-2024,CUST1728,Robert Hopkins,Printer,Office Supplies,South,Chennai,7,63000,7348.7
ORD02084,10-10-2025,CUST1003,Samuel Stuart,Laptop,Electronics,East,Chennai,8,400000,61052.5
ORD02085,23-11-2024,CUST1496,Mr. Scott Miller,Printer,Office Supplies,East,Ahmedabad,3,27000,3159.57
ORD02086,03-03-2024,CUST1753,Sharon Lester,Monitor,Electronics,South,Pune,2,24000,3158.54
ORD02087,12-01-2024,CUST1305,Jack Sandoval,Monitor,Electronics,East,Ahmedabad,7,84000,12017.81
ORD02088,29-10-2025,CUST1659,Tony Ramsey,Keyboard,Electronics,West,Mumbai,5,6000,858.2
ORD02089,31-05-2024,CUST1457,Brian Navarro,Desk,Furniture,West,Bengaluru,8,120000,16782.89
ORD02090,07-10-2024,CUST1466,Kelly Calderon,Printer,Office Supplies,East,Ahmedabad,6,54000,4129.09
ORD02091,11-05-2024,CUST1330,Tara King,Printer,Office Supplies,North,Mumbai,5,45000,3589.83
ORD02092,12-01-2025,CUST1145,Cynthia Martinez,Laptop,Electronics,East,Kolkata,6,300000,55703.43
ORD02093,09-02-2025,CUST1182,Erin Silva,Laptop,Electronics,East,Delhi,7,350000,68531.21
ORD02094,05-08-2025,CUST1040,Paul Young,Chair,Furniture,North,Bengaluru,6,42000,10913.39
ORD02095,23-05-2024,CUST1155,Charles Thompson,Printer,Office Supplies,North,Bengaluru,2,18000,2261.1
ORD02096,31-12-2024,CUST1346,Jessica King,Monitor,Electronics,North,Kolkata,2,24000,4150.06
ORD02097,12-07-2025,CUST1063,Katherine Brooks,Desk,Furniture,West,Kolkata,2,30000,3583.7
ORD02098,04-04-2025,CUST1162,Emily Coleman,Keyboard,Electronics,North,Pune,2,2400,570.54
ORD02099,30-11-2025,CUST1571,Tracey Suarez,Monitor,Electronics,North,Delhi,4,48000,5284.14
ORD02100,12-08-2024,CUST1776,Heidi Baldwin,Monitor,Electronics,South,Bengaluru,8,96000,10446.29
ORD02101,11-10-2025,CUST1686,Alisha Rasmussen,Keyboard,Electronics,West,Delhi,6,7200,1287.03
ORD02102,14-12-2025,CUST1424,Sarah Bates,Chair,Furniture,North,Delhi,8,56000,9997.51
ORD02103,19-08-2025,CUST1503,Melissa Mccormick,Monitor,Electronics,North,Chennai,1,12000,1485.54
ORD02104,17-06-2024,CUST1406,Juan Parker,Mouse,Electronics,South,Bengaluru,6,3000,663.62
ORD02105,18-01-2025,CUST1523,Heidi Burnett,Laptop,Electronics,West,Bengaluru,5,250000,38672.46
ORD02106,30-11-2024,CUST1919,Sean Mathews,Monitor,Electronics,East,Kolkata,5,60000,8106.22
ORD02107,01-04-2025,CUST1617,Theodore Long,Mouse,Electronics,West,Ahmedabad,5,2500,534.04
ORD02108,19-04-2024,CUST1760,Dawn Davis,Keyboard,Electronics,South,Ahmedabad,2,2400,348
ORD02109,06-11-2024,CUST1369,Cynthia Clark,Chair,Furniture,West,Delhi,4,28000,8623.94
ORD02110,25-01-2024,CUST1317,Sydney Welch,Monitor,Electronics,North,Ahmedabad,5,60000,7470.75
ORD02111,01-02-2025,CUST1737,Pamela Sullivan,Keyboard,Electronics,East,Hyderabad,6,7200,1186.29
ORD02112,06-05-2025,CUST1574,Sean Morrow,Notebook,Office Supplies,East,Ahmedabad,3,300,112.72
ORD02113,01-02-2024,CUST1634,Kaitlin Gutierrez,Mouse,Electronics,North,Delhi,2,1000,270.74
ORD02114,25-01-2025,CUST1746,Michelle Mcdowell,Chair,Furniture,South,Mumbai,1,7000,1543.62
ORD02115,14-07-2024,CUST1994,Samantha Hale,Laptop,Electronics,West,Chennai,6,300000,44776
ORD02116,23-01-2024,CUST1304,Heather Guzman,Mouse,Electronics,North,Mumbai,5,2500,522.77
ORD02117,28-07-2024,CUST1123,Nancy Chavez,Chair,Furniture,North,Hyderabad,3,21000,4502.59
ORD02118,28-08-2024,CUST1466,Anthony May,Keyboard,Electronics,East,Pune,1,1200,184.21
ORD02119,09-12-2025,CUST1156,Rachel Taylor,Laptop,Electronics,South,Mumbai,8,400000,53133.86
ORD02120,24-05-2025,CUST1442,Mark Edwards,Notebook,Office Supplies,West,Kolkata,7,700,150.77
ORD02121,15-02-2024,CUST1672,Christopher Black,Keyboard,Electronics,North,Pune,1,1200,251.05
ORD02122,30-09-2024,CUST1024,Sandra Hines,Chair,Furniture,East,Ahmedabad,8,56000,11502.67
ORD02123,27-10-2025,CUST1045,Melissa Sparks,Monitor,Electronics,West,Hyderabad,8,96000,17081.46
ORD02124,31-03-2024,CUST1612,John Moss,Monitor,Electronics,East,Hyderabad,1,12000,1569.44
ORD02125,15-01-2025,CUST1743,Michael Serrano,Printer,Office Supplies,South,Chennai,3,27000,2494.69
ORD02126,15-02-2025,CUST1381,Christina Perry,Desk,Furniture,West,Chennai,7,105000,10135.16
ORD02127,21-05-2025,CUST1691,Shawn Duffy,Chair,Furniture,West,Chennai,3,21000,6239.82
ORD02128,20-05-2024,CUST1340,Courtney Vaughan,Notebook,Office Supplies,East,Hyderabad,2,200,63.68
ORD02129,17-12-2024,CUST1518,Maria Sims,Printer,Office Supplies,South,Chennai,3,27000,3331.38
ORD02130,29-07-2024,CUST1844,Valerie Gonzalez,Keyboard,Electronics,West,Mumbai,3,3600,926.16
ORD02131,11-07-2025,CUST1042,Caroline Morales,Notebook,Office Supplies,North,Delhi,2,200,77.66
ORD02132,01-12-2025,CUST1726,David Davis,Chair,Furniture,East,Hyderabad,3,21000,6005.09
ORD02133,17-01-2025,CUST1561,Travis Wilson,Mouse,Electronics,West,Kolkata,6,3000,751.81
ORD02134,05-12-2025,CUST1769,Jessica Mora,Monitor,Electronics,North,Ahmedabad,6,72000,12418.87
ORD02135,11-07-2024,CUST1733,Michael Wilson,Printer,Office Supplies,North,Mumbai,3,27000,3241.65
ORD02136,12-12-2025,CUST1972,Cheryl Atkins,Printer,Office Supplies,East,Ahmedabad,3,27000,3373.67
ORD02137,08-07-2025,CUST1653,Donna Snyder,Notebook,Office Supplies,North,Ahmedabad,5,500,179.27
ORD02138,03-05-2024,CUST1212,Scott Greene,Laptop,Electronics,South,Mumbai,1,50000,6467.93
ORD02139,01-05-2024,CUST1432,Diane Byrd MD,Mouse,Electronics,East,Kolkata,5,2500,534.36
ORD02140,18-01-2025,CUST1213,Charles Roberts,Laptop,Electronics,East,Kolkata,5,250000,40765.58
ORD02141,02-02-2024,CUST1511,Luke Solomon,Printer,Office Supplies,East,Chennai,1,9000,996.72
ORD02142,27-01-2025,CUST1770,Michael Ellis,Laptop,Electronics,North,Kolkata,5,250000,50417.05
ORD02143,24-01-2025,CUST1039,Casey Morris,Desk,Furniture,West,Mumbai,8,120000,18673.68
ORD02144,25-03-2024,CUST1251,Melissa Reeves,Printer,Office Supplies,North,Hyderabad,5,45000,4618.08
ORD02145,25-04-2025,CUST1035,Nancy Scott,Notebook,Office Supplies,East,Pune,6,600,152.07
ORD02146,07-04-2024,CUST1010,Anthony Cook,Printer,Office Supplies,South,Delhi,4,36000,3845.63
ORD02147,19-04-2025,CUST1281,Terry Barajas,Printer,Office Supplies,West,Delhi,2,18000,1802.24
ORD02148,17-05-2025,CUST1178,Tracy George,Chair,Furniture,West,Pune,2,14000,3916.25
ORD02149,05-12-2024,CUST1436,Amber King,Keyboard,Electronics,North,Bengaluru,1,1200,209.8
ORD02150,12-09-2024,CUST1005,Elizabeth Foster,Mouse,Electronics,West,Bengaluru,4,2000,435.29
ORD02151,16-08-2024,CUST1348,Walter Hansen,Notebook,Office Supplies,West,Ahmedabad,1,100,26.44
ORD02152,22-05-2024,CUST1135,Debbie Gordon,Printer,Office Supplies,North,Hyderabad,2,18000,1369.66
ORD02153,16-03-2025,CUST1021,Sherry Anderson,Printer,Office Supplies,East,Mumbai,6,54000,6353.65
ORD02154,22-03-2025,CUST1570,Joseph Thomas,Notebook,Office Supplies,West,Mumbai,8,800,172.83
ORD02155,11-11-2025,CUST1366,Andrew Anderson,Mouse,Electronics,West,Kolkata,2,1000,188.69
ORD02156,14-06-2024,CUST1088,Sandy Adkins,Monitor,Electronics,South,Ahmedabad,3,36000,4172.08
ORD02157,04-05-2025,CUST1068,Diane Mcdowell,Printer,Office Supplies,South,Kolkata,6,54000,5585.87
ORD02158,30-05-2024,CUST1307,Pam Baker,Mouse,Electronics,South,Kolkata,1,500,92.33
ORD02159,13-01-2024,CUST1115,Steven Stewart,Laptop,Electronics,East,Delhi,6,300000,39743.81
ORD02160,06-09-2024,CUST1881,Pamela Hernandez DVM,Chair,Furniture,West,Ahmedabad,3,21000,4681.52
ORD02161,07-08-2024,CUST1101,Rebecca Brown,Monitor,Electronics,South,Kolkata,8,96000,14212.3
ORD02162,06-06-2025,CUST1148,David Johnson,Mouse,Electronics,North,Hyderabad,3,1500,363.08
ORD02163,27-02-2025,CUST1859,Michael Graham,Mouse,Electronics,East,Ahmedabad,3,1500,279.92
ORD02164,18-03-2025,CUST1043,Tammy Williams MD,Chair,Furniture,East,Kolkata,7,49000,9013.6
ORD02165,17-01-2025,CUST1400,Karina Vasquez,Laptop,Electronics,West,Ahmedabad,4,200000,39707.77
ORD02166,05-06-2025,CUST1910,Sharon Martinez,Keyboard,Electronics,West,Bengaluru,8,9600,2052.36
ORD02167,17-03-2024,CUST1443,Sean White,Monitor,Electronics,North,Kolkata,5,60000,8984.52
ORD02168,29-05-2024,CUST1791,Jordan Nelson,Mouse,Electronics,North,Chennai,2,1000,246.99
ORD02169,27-10-2025,CUST1826,Laurie Silva,Chair,Furniture,East,Pune,7,49000,10639.13
ORD02170,26-04-2025,CUST1523,Kelly Duncan,Desk,Furniture,West,Kolkata,5,75000,10919.05
ORD02171,09-12-2025,CUST1501,Billy Tate,Keyboard,Electronics,East,Mumbai,8,9600,1732.31
ORD02172,22-10-2024,CUST1608,Stacy Johnson,Chair,Furniture,South,Chennai,5,35000,11029.34
ORD02173,22-12-2024,CUST1995,Melanie Long,Desk,Furniture,East,Ahmedabad,4,60000,7485.18
ORD02174,04-09-2025,CUST1434,Tiffany Hood,Desk,Furniture,South,Bengaluru,7,105000,10925.63
ORD02175,05-01-2025,CUST1729,Brad Rivas,Chair,Furniture,East,Ahmedabad,4,28000,7785.83
ORD02176,25-10-2024,CUST1653,Jordan Moses,Printer,Office Supplies,South,Ahmedabad,3,27000,2079.88
ORD02177,23-05-2025,CUST1383,Abigail Booker,Desk,Furniture,South,Kolkata,3,45000,6654.77
ORD02178,15-04-2025,CUST1550,Tiffany Nguyen,Printer,Office Supplies,East,Bengaluru,5,45000,5667.71
ORD02179,20-01-2025,CUST1832,Morgan Bernard,Chair,Furniture,West,Delhi,2,14000,2980.32
ORD02180,17-09-2024,CUST1950,Christine Williams,Mouse,Electronics,West,Hyderabad,4,2000,522.37
ORD02181,22-02-2024,CUST1437,Erica Brown,Chair,Furniture,West,Mumbai,7,49000,10039.05
ORD02182,02-05-2024,CUST1143,Trevor James,Printer,Office Supplies,South,Mumbai,7,63000,5872.42
ORD02183,12-03-2024,CUST1284,Christopher Hanna,Desk,Furniture,North,Pune,1,15000,1304.32
ORD02184,04-12-2025,CUST1433,Ann Phelps,Keyboard,Electronics,South,Delhi,2,2400,602.62
ORD02185,01-10-2025,CUST1736,Richard Mitchell,Laptop,Electronics,East,Pune,1,50000,6901.73
ORD02186,25-09-2025,CUST1618,Martha Martinez,Notebook,Office Supplies,East,Chennai,4,400,100.6
ORD02187,21-08-2025,CUST1324,Jeffrey Drake MD,Monitor,Electronics,South,Bengaluru,3,36000,3854.37
ORD02188,18-01-2024,CUST1977,Bonnie Wade,Notebook,Office Supplies,South,Mumbai,4,400,123
ORD02189,09-09-2024,CUST1865,Kayla Burns,Chair,Furniture,West,Ahmedabad,8,56000,10846.33
ORD02190,26-06-2024,CUST1939,Karen Hart,Monitor,Electronics,South,Pune,8,96000,15347.01
ORD02191,11-11-2024,CUST1445,Peter Shepherd,Mouse,Electronics,West,Hyderabad,1,500,92.76
ORD02192,24-03-2024,CUST1418,Jessica Simmons,Monitor,Electronics,West,Hyderabad,4,48000,5473.58
ORD02193,24-01-2025,CUST1023,Glenn Ford,Keyboard,Electronics,East,Ahmedabad,7,8400,2033.39
ORD02194,20-06-2025,CUST1350,Michael Moore,Printer,Office Supplies,East,Delhi,7,63000,7394.64
ORD02195,13-09-2025,CUST1210,Mark Warren IV,Printer,Office Supplies,East,Bengaluru,7,63000,7578.47
ORD02196,17-02-2025,CUST1212,Terry Woods,Mouse,Electronics,South,Chennai,7,3500,616.79
ORD02197,24-10-2024,CUST1920,Carl Leach,Desk,Furniture,South,Kolkata,7,105000,10892.51
ORD02198,30-07-2025,CUST1249,Kelly Phillips,Printer,Office Supplies,North,Hyderabad,1,9000,1000.71
ORD02199,03-01-2025,CUST1390,Billy Williams,Laptop,Electronics,North,Hyderabad,7,350000,65708.62
ORD02200,01-04-2024,CUST1447,Jeffery Davis,Notebook,Office Supplies,East,Chennai,8,800,298.92
ORD02201,23-09-2024,CUST1490,Laura King,Monitor,Electronics,South,Bengaluru,5,60000,8279.61
ORD02202,25-01-2025,CUST1373,Brad Gordon,Monitor,Electronics,North,Ahmedabad,4,48000,8694.3
ORD02203,13-12-2025,CUST1566,Matthew White,Mouse,Electronics,North,Pune,3,1500,249.29
ORD02204,27-10-2024,CUST1145,James Miller,Mouse,Electronics,West,Pune,5,2500,534.52
ORD02205,19-06-2024,CUST1533,Elizabeth Matthews,Keyboard,Electronics,North,Ahmedabad,4,4800,907.85
ORD02206,29-06-2024,CUST1295,Michael Hanson,Mouse,Electronics,West,Kolkata,1,500,114.79
ORD02207,19-07-2024,CUST1617,Vincent Savage,Keyboard,Electronics,North,Mumbai,4,4800,681.9
ORD02208,02-07-2024,CUST1546,Cody Burgess,Mouse,Electronics,North,Hyderabad,5,2500,654.71
ORD02209,10-07-2024,CUST1251,Shelby Rodriguez,Desk,Furniture,North,Chennai,3,45000,4274.81
ORD02210,22-01-2024,CUST1512,Abigail Wilson,Keyboard,Electronics,North,Kolkata,5,6000,1209.54
ORD02211,08-06-2024,CUST1866,John Holt,Keyboard,Electronics,South,Ahmedabad,3,3600,524.88
ORD02212,10-04-2025,CUST1179,Tracy Guzman,Desk,Furniture,North,Ahmedabad,5,75000,8796.99
ORD02213,21-01-2025,CUST1139,Mr. William Ward,Keyboard,Electronics,North,Pune,1,1200,177.66
ORD02214,08-02-2025,CUST1563,Melissa Foster,Printer,Office Supplies,West,Hyderabad,8,72000,7966.91
ORD02215,20-06-2025,CUST1959,Calvin Smith,Desk,Furniture,West,Bengaluru,7,105000,14502.33
ORD02216,30-07-2024,CUST1075,Alan Waller,Printer,Office Supplies,East,Pune,3,27000,3193.84
ORD02217,02-11-2024,CUST1382,Christine Wong,Mouse,Electronics,North,Chennai,7,3500,715.75
ORD02218,08-08-2024,CUST1445,Jessica Garrett,Printer,Office Supplies,South,Hyderabad,4,36000,4140.67
ORD02219,25-05-2024,CUST1016,Cheryl Turner,Keyboard,Electronics,South,Hyderabad,5,6000,1125.38
ORD02220,30-12-2025,CUST1476,John Johnson,Chair,Furniture,East,Ahmedabad,8,56000,13153.61
ORD02221,22-02-2024,CUST1251,Christian Park,Printer,Office Supplies,South,Mumbai,3,27000,2563.6
ORD02222,21-04-2025,CUST1931,Kaitlyn Heath,Chair,Furniture,West,Kolkata,6,42000,7684.65
ORD02223,08-06-2025,CUST1564,Christina Hudson,Mouse,Electronics,West,Delhi,5,2500,502.08
ORD02224,17-07-2024,CUST1317,Amber Smith,Printer,Office Supplies,South,Delhi,2,18000,1640.68
ORD02225,29-07-2025,CUST1276,Michelle Petty,Mouse,Electronics,North,Delhi,3,1500,378.38
ORD02226,17-02-2025,CUST1342,Nancy Larson,Monitor,Electronics,West,Chennai,6,72000,7716.43
ORD02227,13-06-2025,CUST1599,Donna Freeman,Desk,Furniture,North,Hyderabad,5,75000,8287.02
ORD02228,07-02-2024,CUST1682,Mr. Logan Gregory,Printer,Office Supplies,North,Bengaluru,7,63000,7296.56
ORD02229,26-03-2025,CUST1749,Katherine Klein,Notebook,Office Supplies,East,Bengaluru,6,600,197.35
ORD02230,28-01-2025,CUST1282,Jennifer Stewart,Keyboard,Electronics,West,Ahmedabad,4,4800,725.68
ORD02231,16-05-2024,CUST1199,Steven Butler,Laptop,Electronics,West,Ahmedabad,1,50000,7935.72
ORD02232,04-08-2025,CUST1261,Johnny Mcmillan,Notebook,Office Supplies,South,Delhi,3,300,86.05
ORD02233,28-09-2024,CUST1744,Michael Smith,Mouse,Electronics,West,Mumbai,3,1500,401.05
ORD02234,18-06-2024,CUST1947,Corey Cooper,Monitor,Electronics,West,Mumbai,8,96000,17986.76
ORD02235,16-12-2024,CUST1631,Daniel Stout,Mouse,Electronics,East,Hyderabad,8,4000,1044.57
ORD02236,30-11-2024,CUST1539,Lance Kirby,Chair,Furniture,South,Pune,6,42000,11328.6
ORD02237,20-03-2025,CUST1494,Bonnie Carter,Monitor,Electronics,East,Chennai,4,48000,8560.51
ORD02238,18-02-2025,CUST1052,Toni Whitaker,Chair,Furniture,East,Pune,8,56000,17971.19
ORD02239,12-08-2024,CUST1901,Morgan Flynn,Mouse,Electronics,South,Hyderabad,3,1500,340.89
ORD02240,01-06-2025,CUST1371,Sarah Howell,Keyboard,Electronics,West,Kolkata,2,2400,536.85
ORD02241,05-09-2024,CUST1166,Paul Estrada,Notebook,Office Supplies,West,Mumbai,6,600,158.3
ORD02242,18-03-2025,CUST1157,Curtis Obrien,Desk,Furniture,West,Hyderabad,1,15000,1730.47
ORD02243,01-05-2024,CUST1315,Jason Chaney,Laptop,Electronics,South,Hyderabad,6,300000,68178.05
ORD02244,19-02-2025,CUST1440,Daniel Williams,Printer,Office Supplies,South,Pune,7,63000,6634.24
ORD02245,04-09-2025,CUST1334,Stanley Kelly,Monitor,Electronics,West,Mumbai,3,36000,4869
ORD02246,09-01-2024,CUST1153,Ronald Kline,Mouse,Electronics,West,Hyderabad,2,1000,164.86
ORD02247,03-01-2024,CUST1482,Arthur Jordan,Mouse,Electronics,South,Delhi,3,1500,427.38
ORD02248,10-01-2025,CUST1695,Barbara Walker,Keyboard,Electronics,East,Mumbai,5,6000,1548.26
ORD02249,04-12-2024,CUST1102,Gerald Kelly,Laptop,Electronics,North,Mumbai,3,150000,33364.65
ORD02250,15-07-2024,CUST1808,Shawn Adams,Laptop,Electronics,South,Kolkata,1,50000,10735.72
ORD02251,25-10-2024,CUST1630,Michael Robertson,Printer,Office Supplies,North,Pune,2,18000,1548.72
ORD02252,23-09-2024,CUST1161,Michelle House,Keyboard,Electronics,North,Hyderabad,2,2400,469.15
ORD02253,12-12-2024,CUST1680,Jim Skinner,Monitor,Electronics,South,Hyderabad,5,60000,6472.98
ORD02254,09-11-2024,CUST1300,Brian Bishop,Printer,Office Supplies,West,Kolkata,6,54000,6863.52
ORD02255,03-08-2024,CUST1246,Theresa Colon,Monitor,Electronics,West,Bengaluru,5,60000,9897.78
ORD02256,24-08-2025,CUST1896,Brian Soto,Keyboard,Electronics,North,Bengaluru,1,1200,179.44
ORD02257,16-03-2024,CUST1289,Susan Moore,Mouse,Electronics,East,Chennai,8,4000,682.59
ORD02258,05-05-2024,CUST1952,Jeremy Hunter,Monitor,Electronics,East,Ahmedabad,8,96000,13841.29
ORD02259,04-02-2025,CUST1196,Annette Holland,Printer,Office Supplies,East,Mumbai,1,9000,826.67
ORD02260,15-09-2024,CUST1398,Chad Allison,Laptop,Electronics,South,Hyderabad,1,50000,10842.06
ORD02261,27-11-2024,CUST1460,Jason Mack,Printer,Office Supplies,South,Chennai,7,63000,7372.48
ORD02262,03-08-2025,CUST1888,Robert Peterson,Notebook,Office Supplies,South,Delhi,6,600,229.47
ORD02263,13-05-2025,CUST1896,Angela Watson,Keyboard,Electronics,East,Bengaluru,5,6000,1139.38
ORD02264,10-09-2025,CUST1507,Heather Ortega,Laptop,Electronics,East,Ahmedabad,3,150000,22788.38
ORD02265,10-01-2024,CUST1646,Paul Fisher,Keyboard,Electronics,East,Chennai,7,8400,1214.76
ORD02266,09-05-2025,CUST1790,Robert Gutierrez,Desk,Furniture,South,Ahmedabad,6,90000,7577.74
ORD02267,01-06-2025,CUST1280,Jimmy Phelps,Keyboard,Electronics,West,Ahmedabad,6,7200,1595.83
ORD02268,28-08-2025,CUST1560,Heidi Johnson,Notebook,Office Supplies,East,Hyderabad,1,100,29.19
ORD02269,21-02-2025,CUST1603,Adam Drake,Laptop,Electronics,North,Hyderabad,5,250000,40480.35
ORD02270,15-09-2025,CUST1585,Angela Edwards,Notebook,Office Supplies,South,Chennai,8,800,299.63
ORD02271,29-10-2025,CUST1872,Mrs. Amy Malone,Monitor,Electronics,North,Ahmedabad,8,96000,12367.01
ORD02272,27-06-2025,CUST1234,Margaret Orr,Chair,Furniture,North,Ahmedabad,7,49000,10525.44
ORD02273,16-03-2025,CUST1048,Mark Reeves,Printer,Office Supplies,North,Pune,4,36000,3377.48
ORD02274,17-10-2025,CUST1806,Kelly Phillips,Notebook,Office Supplies,East,Delhi,1,100,30.03
ORD02275,19-07-2025,CUST1294,Michael Spencer,Printer,Office Supplies,North,Ahmedabad,4,36000,3673.63
ORD02276,02-11-2025,CUST1205,Patrick Blankenship,Notebook,Office Supplies,North,Kolkata,6,600,145.14
ORD02277,06-05-2025,CUST1021,Douglas Rose,Mouse,Electronics,North,Bengaluru,6,3000,718.15
ORD02278,18-11-2025,CUST1263,Melody Griffin,Chair,Furniture,West,Bengaluru,3,21000,5745.99
ORD02279,05-01-2025,CUST1099,Joshua Kramer,Notebook,Office Supplies,East,Pune,4,400,136.5
ORD02280,04-05-2024,CUST1873,Melissa Barron,Mouse,Electronics,North,Ahmedabad,2,1000,283.73
ORD02281,26-04-2024,CUST1783,Jennifer Gonzalez,Mouse,Electronics,West,Chennai,5,2500,703.5
ORD02282,07-05-2025,CUST1684,Andrew Cook,Mouse,Electronics,East,Mumbai,8,4000,885.69
ORD02283,01-02-2025,CUST1825,Natalie Martinez,Desk,Furniture,South,Pune,2,30000,3283
ORD02284,15-06-2024,CUST1149,Diane Davis DDS,Laptop,Electronics,East,Bengaluru,2,100000,23314.93
ORD02285,08-10-2025,CUST1359,Nicole Moore,Monitor,Electronics,North,Chennai,8,96000,18643.22
ORD02286,08-06-2025,CUST1794,Robert Vargas,Notebook,Office Supplies,West,Ahmedabad,7,700,160.05
ORD02287,10-05-2025,CUST1792,Raymond Barber,Keyboard,Electronics,North,Ahmedabad,4,4800,1029.74
ORD02288,19-10-2025,CUST1377,Mrs. Amy Watson,Printer,Office Supplies,South,Delhi,8,72000,6713.03
ORD02289,07-08-2025,CUST1363,Heather Williams,Laptop,Electronics,North,Chennai,8,400000,58525.08
ORD02290,08-01-2024,CUST1992,Belinda Evans,Desk,Furniture,East,Hyderabad,7,105000,14487.98
ORD02291,31-08-2025,CUST1533,Jody Bird,Mouse,Electronics,North,Bengaluru,3,1500,397.92
ORD02292,18-07-2025,CUST1743,Virginia Cunningham,Printer,Office Supplies,East,Mumbai,8,72000,7431.49
ORD02293,03-07-2025,CUST1841,Lori Ferguson,Laptop,Electronics,West,Pune,6,300000,45771.62
ORD02294,03-11-2024,CUST1680,Hayley Mitchell,Laptop,Electronics,South,Pune,2,100000,13193.06
ORD02295,25-02-2025,CUST1076,Michelle Chambers,Notebook,Office Supplies,East,Mumbai,3,300,78.16
ORD02296,20-02-2025,CUST1023,Kelly Wright,Printer,Office Supplies,North,Pune,5,45000,5144.3
ORD02297,20-05-2024,CUST1953,Kevin Carson,Desk,Furniture,North,Chennai,3,45000,6086.23
ORD02298,07-12-2024,CUST1325,Brent Dawson,Mouse,Electronics,North,Bengaluru,2,1000,282.65
ORD02299,10-10-2024,CUST1318,Angela Brown,Monitor,Electronics,North,Pune,2,24000,3020.08
ORD02300,11-02-2024,CUST1319,Karen Griffin,Chair,Furniture,West,Mumbai,2,14000,4330.18
ORD02301,20-05-2024,CUST1070,Joseph Chapman,Desk,Furniture,North,Delhi,5,75000,10301.91
ORD02302,04-01-2025,CUST1415,Jennifer Baker,Mouse,Electronics,North,Pune,8,4000,638.45
ORD02303,21-06-2024,CUST1189,Mr. Jeremiah Galvan MD,Keyboard,Electronics,North,Delhi,4,4800,719.24
ORD02304,09-05-2024,CUST1173,Samantha Thomas,Printer,Office Supplies,South,Kolkata,4,36000,4094.1
ORD02305,11-07-2024,CUST1504,Michael Anderson,Laptop,Electronics,South,Delhi,5,250000,47070.65
ORD02306,01-02-2025,CUST1197,Sharon Wilson,Notebook,Office Supplies,East,Chennai,4,400,128.15
ORD02307,25-02-2025,CUST1932,John Francis,Keyboard,Electronics,East,Pune,7,8400,2157.51
ORD02308,18-09-2024,CUST1663,Jaclyn Crane,Monitor,Electronics,West,Delhi,2,24000,4046.91
ORD02309,16-09-2024,CUST1707,Jennifer Martinez,Mouse,Electronics,South,Bengaluru,7,3500,811.92
ORD02310,11-02-2024,CUST1236,Amanda Hernandez,Mouse,Electronics,South,Delhi,4,2000,342.97
ORD02311,11-08-2024,CUST1283,William Turner,Mouse,Electronics,North,Delhi,7,3500,600.43
ORD02312,15-01-2024,CUST1423,Dr. Charles Lawrence,Monitor,Electronics,North,Chennai,2,24000,4312.74
ORD02313,25-10-2025,CUST1804,Steven Small,Monitor,Electronics,North,Chennai,8,96000,11327.48
ORD02314,15-06-2025,CUST1696,Robert Burns,Desk,Furniture,East,Hyderabad,7,105000,11683.16
ORD02315,27-12-2024,CUST1192,Gregory Harrell,Monitor,Electronics,South,Hyderabad,3,36000,4449.97
ORD02316,15-09-2024,CUST1003,Kenneth Knight,Printer,Office Supplies,West,Hyderabad,5,45000,4331.12
ORD02317,02-03-2024,CUST1766,Rachael Alvarez,Keyboard,Electronics,West,Pune,1,1200,280.52
ORD02318,21-10-2024,CUST1144,Lisa Gill,Monitor,Electronics,East,Pune,7,84000,9654.75
ORD02319,29-04-2025,CUST1804,Julia Cole,Keyboard,Electronics,North,Hyderabad,7,8400,1951.21
ORD02320,05-04-2025,CUST1205,Sean Nguyen,Desk,Furniture,East,Hyderabad,5,75000,9778.95
ORD02321,13-08-2024,CUST1448,Mary Ortiz,Notebook,Office Supplies,South,Delhi,5,500,119.44
ORD02322,18-07-2025,CUST1521,James Weaver,Monitor,Electronics,South,Mumbai,8,96000,13402.79
ORD02323,07-12-2025,CUST1101,Stacy Fitzgerald,Chair,Furniture,East,Pune,6,42000,10638.78
ORD02324,19-04-2024,CUST1247,Sharon Mann,Notebook,Office Supplies,East,Pune,1,100,22.13
ORD02325,25-06-2025,CUST1003,Rebecca Zimmerman,Monitor,Electronics,South,Delhi,3,36000,5813.16
ORD02326,02-01-2024,CUST1492,Becky Hansen,Desk,Furniture,South,Bengaluru,7,105000,13113.71
ORD02327,11-03-2025,CUST1257,Luke Ray,Mouse,Electronics,East,Ahmedabad,5,2500,622.89
ORD02328,28-04-2025,CUST1639,Kelly Lopez,Notebook,Office Supplies,South,Ahmedabad,6,600,136.38
ORD02329,31-12-2024,CUST1482,Steven Martinez,Desk,Furniture,South,Chennai,1,15000,2186.42
ORD02330,29-07-2025,CUST1016,Catherine Smith,Printer,Office Supplies,North,Mumbai,4,36000,3450.58
ORD02331,14-02-2024,CUST1209,Danielle Thornton,Keyboard,Electronics,West,Kolkata,4,4800,908.58
ORD02332,15-07-2025,CUST1451,Jill Roman,Mouse,Electronics,South,Ahmedabad,2,1000,243.89
ORD02333,07-02-2024,CUST1262,Jennifer Williams,Monitor,Electronics,North,Kolkata,4,48000,6642.19
ORD02334,05-04-2025,CUST1914,Allison Kim,Mouse,Electronics,South,Mumbai,5,2500,597.2
ORD02335,05-04-2024,CUST1824,Scott Stewart,Desk,Furniture,East,Ahmedabad,4,60000,7682.86
ORD02336,08-07-2025,CUST1171,Brian Garcia,Laptop,Electronics,North,Hyderabad,8,400000,80164.66
ORD02337,12-04-2024,CUST1090,Charles Scott,Monitor,Electronics,South,Pune,7,84000,15529.26
ORD02338,31-12-2024,CUST1771,Eric Russell,Laptop,Electronics,West,Bengaluru,7,350000,70423.13
ORD02339,08-08-2025,CUST1021,Lucas Nguyen,Laptop,Electronics,East,Ahmedabad,2,100000,23191.61
ORD02340,16-02-2024,CUST1750,Anthony Price,Keyboard,Electronics,South,Ahmedabad,3,3600,605.18
ORD02341,16-04-2025,CUST1062,Jason Nguyen,Monitor,Electronics,West,Ahmedabad,4,48000,5612.95
ORD02342,28-07-2024,CUST1375,Ronald Martinez,Keyboard,Electronics,East,Kolkata,1,1200,184.97
ORD02343,11-06-2024,CUST1485,Paul Willis,Keyboard,Electronics,West,Delhi,2,2400,576.08
ORD02344,28-06-2024,CUST1700,Paul Cruz Jr.,Keyboard,Electronics,West,Mumbai,6,7200,1038.35
ORD02345,06-06-2024,CUST1425,John Russell,Mouse,Electronics,North,Kolkata,3,1500,272.93
ORD02346,16-06-2025,CUST1730,Mr. David Mercado,Monitor,Electronics,East,Hyderabad,3,36000,4642.29
ORD02347,11-03-2025,CUST1176,Victor Leonard,Keyboard,Electronics,West,Pune,4,4800,1221.28
ORD02348,21-01-2024,CUST1200,Justin Glover,Desk,Furniture,West,Pune,5,75000,9573.92
ORD02349,18-08-2025,CUST1118,Jason Miller,Notebook,Office Supplies,South,Delhi,8,800,301.52
ORD02350,08-02-2025,CUST1931,Christina Faulkner,Monitor,Electronics,South,Delhi,2,24000,3729.74
ORD02351,03-09-2024,CUST1929,William Casey,Keyboard,Electronics,North,Mumbai,4,4800,1132.19
ORD02352,04-07-2025,CUST1095,Jessica Buck,Monitor,Electronics,East,Pune,2,24000,3252.48
ORD02353,15-02-2024,CUST1437,Aaron Marshall,Desk,Furniture,West,Ahmedabad,3,45000,6463.08
ORD02354,01-04-2024,CUST1530,Donna Stanton,Keyboard,Electronics,South,Hyderabad,4,4800,1074.49
ORD02355,13-07-2025,CUST1082,Timothy Olson,Mouse,Electronics,East,Hyderabad,7,3500,872.06
ORD02356,11-12-2024,CUST1030,Sara James,Keyboard,Electronics,North,Delhi,5,6000,1554.78
ORD02357,01-02-2024,CUST1085,Mark Richards,Laptop,Electronics,East,Bengaluru,1,50000,10959.58
ORD02358,07-05-2025,CUST1975,Amber Stevenson,Mouse,Electronics,North,Hyderabad,2,1000,244.81
ORD02359,11-09-2025,CUST1026,Elizabeth Foster,Desk,Furniture,South,Chennai,1,15000,2110.46
ORD02360,31-05-2025,CUST1661,Charles Hawkins,Desk,Furniture,East,Pune,7,105000,13901.67
ORD02361,31-05-2024,CUST1614,Jeffrey Bishop,Chair,Furniture,West,Pune,3,21000,3942.88
ORD02362,22-10-2024,CUST1513,Emily Fleming,Printer,Office Supplies,North,Chennai,2,18000,1422.62
ORD02363,21-03-2025,CUST1478,Dean Mullins,Notebook,Office Supplies,North,Delhi,8,800,173.82
ORD02364,08-09-2024,CUST1386,David Bird,Laptop,Electronics,East,Chennai,1,50000,9875
ORD02365,08-10-2024,CUST1542,Joe Greene,Mouse,Electronics,South,Kolkata,6,3000,748.66
ORD02366,01-06-2024,CUST1816,Michael Lucas,Notebook,Office Supplies,East,Ahmedabad,2,200,50.49
ORD02367,09-01-2025,CUST1317,John Valenzuela,Desk,Furniture,South,Kolkata,6,90000,11845.38
ORD02368,24-02-2024,CUST1416,Jennifer Woodard,Laptop,Electronics,South,Ahmedabad,1,50000,9675.09
ORD02369,18-01-2024,CUST1790,Pamela Medina,Notebook,Office Supplies,South,Bengaluru,8,800,257.01
ORD02370,18-02-2024,CUST1950,Mariah Jones,Mouse,Electronics,North,Kolkata,1,500,94.68
ORD02371,25-06-2025,CUST1756,Ronnie Powers,Chair,Furniture,North,Pune,2,14000,4319.43
ORD02372,30-04-2025,CUST1510,Heather Hess,Chair,Furniture,South,Ahmedabad,3,21000,5399.55
ORD02373,06-03-2024,CUST1409,Heather Thompson,Notebook,Office Supplies,East,Ahmedabad,4,400,122.04
ORD02374,13-02-2025,CUST1633,Melissa Smith,Keyboard,Electronics,East,Bengaluru,2,2400,376.75
ORD02375,22-01-2024,CUST1248,Timothy Wallace,Chair,Furniture,West,Bengaluru,7,49000,10762.26
ORD02376,13-11-2024,CUST1983,Alejandro Campbell,Desk,Furniture,East,Mumbai,7,105000,10436.89
ORD02377,25-10-2024,CUST1968,Heather Davis,Printer,Office Supplies,West,Bengaluru,1,9000,1073.9
ORD02378,13-02-2024,CUST1191,Elizabeth Robbins,Desk,Furniture,West,Ahmedabad,6,90000,12469.62
ORD02379,10-07-2024,CUST1300,Johnny Cox,Desk,Furniture,South,Delhi,6,90000,11081.68
ORD02380,25-02-2025,CUST1811,Tanner Mann,Mouse,Electronics,East,Pune,8,4000,815.2
ORD02381,12-01-2025,CUST1247,Craig Nicholson,Laptop,Electronics,South,Pune,4,200000,40984.85
ORD02382,14-12-2025,CUST1063,Sergio Carroll,Desk,Furniture,East,Delhi,3,45000,5288.81
ORD02383,25-10-2024,CUST1244,Juan Keller MD,Chair,Furniture,South,Ahmedabad,1,7000,2267.78
ORD02384,22-06-2025,CUST1263,Krystal Jones,Monitor,Electronics,East,Mumbai,6,72000,8819.25
ORD02385,14-04-2024,CUST1092,Austin Green,Notebook,Office Supplies,North,Hyderabad,4,400,142.08
ORD02386,13-09-2025,CUST1999,Crystal Mills,Printer,Office Supplies,South,Ahmedabad,2,18000,1847.93
ORD02387,17-05-2024,CUST1414,Cheryl Gregory,Mouse,Electronics,East,Ahmedabad,4,2000,438.04
ORD02388,19-03-2024,CUST1979,Melissa Patel MD,Laptop,Electronics,North,Hyderabad,7,350000,76411.95
ORD02389,27-05-2025,CUST1878,Jordan Pace,Desk,Furniture,West,Delhi,7,105000,9540.53
ORD02390,28-01-2024,CUST1830,Terri Williams,Laptop,Electronics,North,Mumbai,3,150000,22281
ORD02391,10-05-2024,CUST1857,Jessica Carney,Desk,Furniture,North,Ahmedabad,7,105000,9666.83
ORD02392,20-12-2025,CUST1509,Michael Owens,Notebook,Office Supplies,East,Pune,6,600,177.01
ORD02393,27-09-2025,CUST1696,Peter Stephenson,Mouse,Electronics,South,Kolkata,7,3500,962.5
ORD02394,29-02-2024,CUST1078,Donald Fisher,Desk,Furniture,East,Mumbai,6,90000,8427.84
ORD02395,26-10-2024,CUST1231,Aaron Lee,Mouse,Electronics,South,Kolkata,5,2500,420.92
ORD02396,23-08-2025,CUST1142,Kenneth Johnson,Printer,Office Supplies,West,Ahmedabad,6,54000,6495.33
ORD02397,13-09-2025,CUST1616,Vanessa Coleman,Keyboard,Electronics,South,Mumbai,3,3600,910.77
ORD02398,11-12-2024,CUST1428,David Martin,Monitor,Electronics,North,Mumbai,8,96000,12456.17
ORD02399,28-10-2024,CUST1133,Mark Davis,Chair,Furniture,West,Delhi,1,7000,1955.19
ORD02400,11-12-2024,CUST1243,Robert Watkins,Desk,Furniture,West,Kolkata,1,15000,2100.26
ORD02401,17-02-2024,CUST1531,Felicia Wright,Notebook,Office Supplies,North,Mumbai,7,700,268.75
ORD02402,19-01-2024,CUST1961,David Peterson,Keyboard,Electronics,North,Ahmedabad,7,8400,1962.55
ORD02403,11-02-2025,CUST1905,Gavin Bauer,Laptop,Electronics,North,Delhi,4,200000,33004.56
ORD02404,15-03-2024,CUST1328,Patricia Harvey,Notebook,Office Supplies,South,Mumbai,3,300,99.99
ORD02405,14-12-2024,CUST1364,Lori Riley,Keyboard,Electronics,North,Kolkata,4,4800,818.32
ORD02406,12-05-2025,CUST1641,Antonio Johnson,Keyboard,Electronics,West,Kolkata,7,8400,1752.62
ORD02407,27-09-2024,CUST1297,Ryan Brown,Keyboard,Electronics,North,Mumbai,4,4800,1238.74
ORD02408,06-01-2024,CUST1812,Thomas Ramos,Monitor,Electronics,West,Ahmedabad,5,60000,11140.35
ORD02409,14-11-2025,CUST1934,Mark Jones,Desk,Furniture,South,Kolkata,5,75000,7582.1
ORD02410,18-01-2025,CUST1629,Kristin Phillips,Laptop,Electronics,North,Delhi,4,200000,30248.95
ORD02411,11-12-2025,CUST1018,Brendan Walton,Mouse,Electronics,North,Chennai,6,3000,640.81
ORD02412,05-07-2024,CUST1957,Kyle Keller,Mouse,Electronics,North,Hyderabad,5,2500,479.3
ORD02413,04-09-2025,CUST1723,James Pope,Chair,Furniture,West,Kolkata,3,21000,4943.99
ORD02414,18-06-2025,CUST1302,Lisa Morgan,Chair,Furniture,South,Chennai,8,56000,10553.1
ORD02415,01-08-2025,CUST1105,Rachel Gibson,Notebook,Office Supplies,East,Delhi,4,400,94.58
ORD02416,13-07-2024,CUST1110,Corey Garcia,Chair,Furniture,South,Ahmedabad,4,28000,8903.81
ORD02417,16-03-2025,CUST1413,Andrea Clarke,Chair,Furniture,North,Kolkata,3,21000,6120.25
ORD02418,17-10-2025,CUST1120,Kenneth Walsh,Laptop,Electronics,West,Kolkata,8,400000,57096.04
ORD02419,09-08-2024,CUST1316,Jason Hardy,Laptop,Electronics,South,Ahmedabad,8,400000,57913.11
ORD02420,16-06-2025,CUST1141,David Robles,Desk,Furniture,North,Pune,6,90000,11773.23
ORD02421,10-11-2025,CUST1120,Eric Graham,Laptop,Electronics,South,Kolkata,6,300000,68904.67
ORD02422,30-05-2024,CUST1415,Nicole Collins,Desk,Furniture,East,Bengaluru,1,15000,1853.19
ORD02423,17-07-2025,CUST1391,Patricia Hernandez,Notebook,Office Supplies,West,Chennai,5,500,113.41
ORD02424,09-08-2024,CUST1015,Grant Wood,Notebook,Office Supplies,West,Kolkata,2,200,75.24
ORD02425,25-06-2025,CUST1321,Kevin Gregory,Mouse,Electronics,East,Mumbai,3,1500,382.77
ORD02426,12-02-2025,CUST1554,Jonathon Conley,Chair,Furniture,South,Ahmedabad,4,28000,8164.32
ORD02427,11-02-2024,CUST1875,Jennifer Gonzalez,Chair,Furniture,North,Bengaluru,5,35000,9411.72
ORD02428,14-11-2025,CUST1872,Terry Glover,Printer,Office Supplies,West,Kolkata,4,36000,2522.11
ORD02429,29-04-2024,CUST1853,Michael Neal,Notebook,Office Supplies,West,Ahmedabad,2,200,77.94
ORD02430,18-09-2025,CUST1342,Ms. Erin Lane,Mouse,Electronics,North,Delhi,2,1000,242.22
ORD02431,18-09-2025,CUST1663,Lisa Barnes,Mouse,Electronics,East,Mumbai,7,3500,782.85
ORD02432,25-11-2024,CUST1055,Jesse Mccormick,Chair,Furniture,West,Kolkata,2,14000,4251.46
ORD02433,29-03-2025,CUST1657,Daniel Smith,Keyboard,Electronics,West,Bengaluru,4,4800,1174.18
ORD02434,13-10-2024,CUST1276,David Hanson,Laptop,Electronics,North,Hyderabad,6,300000,44944.55
ORD02435,04-02-2025,CUST1166,Nicholas Cisneros,Printer,Office Supplies,North,Hyderabad,8,72000,7626.97
ORD02436,25-02-2025,CUST1687,Patrick Harris,Keyboard,Electronics,South,Bengaluru,7,8400,1945.07
ORD02437,04-04-2024,CUST1763,William Cox,Desk,Furniture,West,Hyderabad,1,15000,1859.9
ORD02438,01-08-2025,CUST1716,Alvin Wilson,Notebook,Office Supplies,North,Pune,1,100,38.68
ORD02439,21-11-2025,CUST1546,Cory Willis,Laptop,Electronics,East,Mumbai,7,350000,79502.52
ORD02440,25-08-2024,CUST1091,Amanda Johnson,Monitor,Electronics,South,Chennai,4,48000,5915.52
ORD02441,14-02-2025,CUST1111,Christopher Mcclure,Desk,Furniture,West,Mumbai,3,45000,4436.48
ORD02442,17-06-2024,CUST1694,Gina Spencer,Printer,Office Supplies,North,Mumbai,1,9000,740.66
ORD02443,12-08-2024,CUST1768,Alex Cameron,Keyboard,Electronics,West,Ahmedabad,1,1200,222.7
ORD02444,13-07-2025,CUST1587,Alisha Byrd,Desk,Furniture,East,Kolkata,3,45000,5295.44
ORD02445,17-03-2024,CUST1912,Richard Rodriguez,Mouse,Electronics,East,Pune,4,2000,365.62
ORD02446,21-06-2024,CUST1885,Elizabeth Allen,Chair,Furniture,East,Delhi,1,7000,1987.29
ORD02447,14-02-2024,CUST1996,Mary Pugh,Keyboard,Electronics,North,Kolkata,7,8400,1472.37
ORD02448,30-08-2024,CUST1462,Yolanda Keith,Chair,Furniture,South,Pune,5,35000,11348.38
ORD02449,20-04-2024,CUST1949,Ana Thomas,Mouse,Electronics,South,Hyderabad,7,3500,756.32
ORD02450,17-03-2024,CUST1014,Rebecca Lee,Printer,Office Supplies,South,Mumbai,3,27000,3372.58
ORD02451,17-07-2024,CUST1267,James Greene,Printer,Office Supplies,West,Bengaluru,3,27000,2055.79
ORD02452,04-12-2025,CUST1621,Dana Williams,Desk,Furniture,West,Ahmedabad,8,120000,16857.17
ORD02453,06-07-2025,CUST1248,Chelsea Nichols,Notebook,Office Supplies,North,Bengaluru,4,400,146.98
ORD02454,22-08-2024,CUST1586,Erin Brown,Desk,Furniture,West,Delhi,7,105000,9040.43
ORD02455,01-05-2024,CUST1464,Shelley York,Printer,Office Supplies,West,Delhi,7,63000,5932.51
ORD02456,18-02-2025,CUST1530,Stacey Clark,Notebook,Office Supplies,South,Delhi,8,800,201.98
ORD02457,27-05-2024,CUST1086,John Alvarado,Desk,Furniture,South,Bengaluru,1,15000,1666.21
ORD02458,12-06-2024,CUST1088,Jordan Potter,Monitor,Electronics,West,Chennai,6,72000,9684.73
ORD02459,03-04-2025,CUST1959,Katrina Jimenez,Laptop,Electronics,North,Pune,6,300000,55266.01
ORD02460,19-06-2025,CUST1666,Frank Brooks,Notebook,Office Supplies,South,Mumbai,3,300,102.55
ORD02461,12-04-2025,CUST1773,Michelle Simpson,Keyboard,Electronics,North,Pune,6,7200,1498.64
ORD02462,08-07-2025,CUST1295,James Morse,Monitor,Electronics,North,Bengaluru,7,84000,13533.18
ORD02463,04-02-2024,CUST1974,Amanda Robinson,Keyboard,Electronics,South,Kolkata,1,1200,290.53
ORD02464,01-11-2024,CUST1903,Scott Foster,Chair,Furniture,East,Mumbai,5,35000,9528.95
ORD02465,03-10-2025,CUST1558,Stephen Duncan,Mouse,Electronics,West,Delhi,5,2500,499.44
ORD02466,02-07-2024,CUST1240,Jacqueline Pierce,Printer,Office Supplies,West,Hyderabad,2,18000,1645.49
ORD02467,03-11-2025,CUST1191,Bradley Wallace,Notebook,Office Supplies,North,Hyderabad,8,800,196.22
ORD02468,20-09-2025,CUST1065,Kevin Marshall,Chair,Furniture,West,Hyderabad,7,49000,14309.82
ORD02469,30-09-2025,CUST1588,Jessica Mcdonald,Printer,Office Supplies,West,Hyderabad,7,63000,6458.67
ORD02470,13-08-2025,CUST1200,Robert Stewart,Keyboard,Electronics,West,Delhi,3,3600,642.29
ORD02471,09-07-2024,CUST1698,Christopher Hall,Desk,Furniture,South,Chennai,1,15000,1690.48
ORD02472,10-11-2025,CUST1916,Heather Miller,Laptop,Electronics,East,Kolkata,5,250000,55341.55
ORD02473,05-08-2025,CUST1039,Kayla Schneider,Notebook,Office Supplies,North,Mumbai,6,600,200.05
ORD02474,29-06-2024,CUST1797,Tammy Garcia,Keyboard,Electronics,East,Chennai,5,6000,1487.83
ORD02475,20-06-2025,CUST1402,Andrew Gonzalez,Chair,Furniture,West,Kolkata,5,35000,7083.42
ORD02476,18-09-2025,CUST1301,Gary Turner,Monitor,Electronics,South,Ahmedabad,3,36000,4923.78
ORD02477,15-08-2024,CUST1887,Melinda Hill,Keyboard,Electronics,South,Mumbai,5,6000,1408.47
ORD02478,22-03-2024,CUST1700,Yolanda Murillo,Desk,Furniture,East,Bengaluru,7,105000,10063.03
ORD02479,17-12-2024,CUST1398,Nancy Gaines,Desk,Furniture,South,Bengaluru,8,120000,11617.04
ORD02480,15-08-2024,CUST1351,Elijah Short,Notebook,Office Supplies,East,Mumbai,4,400,146.52
ORD02481,04-02-2025,CUST1378,Jennifer Sullivan,Monitor,Electronics,East,Delhi,2,24000,3729.46
ORD02482,26-07-2025,CUST1332,Mary Kennedy,Printer,Office Supplies,North,Chennai,5,45000,5731.9
ORD02483,17-08-2024,CUST1007,Paige Hernandez,Printer,Office Supplies,South,Pune,5,45000,5377.13
ORD02484,25-04-2024,CUST1935,Darrell Curry,Mouse,Electronics,West,Hyderabad,2,1000,276.27
ORD02485,22-12-2025,CUST1341,Jose Hartman,Keyboard,Electronics,South,Pune,1,1200,196.68
ORD02486,03-08-2024,CUST1403,Miranda Murray,Laptop,Electronics,East,Mumbai,2,100000,21656.48
ORD02487,30-11-2024,CUST1847,Emily Lopez,Desk,Furniture,East,Ahmedabad,5,75000,8749.85
ORD02488,09-01-2025,CUST1634,Melissa Clark,Mouse,Electronics,South,Kolkata,4,2000,500.44
ORD02489,12-03-2025,CUST1458,Justin Brooks,Printer,Office Supplies,East,Delhi,2,18000,1517.2
ORD02490,02-06-2024,CUST1713,Bethany Harding,Laptop,Electronics,North,Pune,5,250000,57223.73
ORD02491,30-06-2024,CUST1467,Robert Flowers,Mouse,Electronics,West,Mumbai,1,500,128.24
ORD02492,14-05-2024,CUST1775,Jason Jennings,Printer,Office Supplies,West,Delhi,1,9000,956.74
ORD02493,10-06-2025,CUST1539,Richard Medina,Chair,Furniture,East,Kolkata,6,42000,8167.59
ORD02494,24-07-2025,CUST1828,Alexander Floyd,Keyboard,Electronics,West,Kolkata,3,3600,908
ORD02495,20-08-2025,CUST1518,Brittany Cisneros,Laptop,Electronics,West,Hyderabad,6,300000,65794.72
ORD02496,20-06-2024,CUST1141,Mark Morrison,Printer,Office Supplies,West,Chennai,5,45000,3956.36
ORD02497,13-12-2024,CUST1750,Sharon Baird,Desk,Furniture,West,Chennai,5,75000,9223.29
ORD02498,11-05-2024,CUST1311,James Ferguson,Desk,Furniture,North,Mumbai,5,75000,7259.99
ORD02499,07-01-2024,CUST1903,Brian Hudson,Notebook,Office Supplies,North,Delhi,6,600,128.74
ORD02500,23-08-2024,CUST1600,Steven Davis,Keyboard,Electronics,South,Mumbai,5,6000,1108.2
ORD02501,28-04-2024,CUST1818,Juan Johnson,Monitor,Electronics,East,Chennai,3,36000,5862.19
ORD02502,14-12-2024,CUST1492,Katherine Lopez,Mouse,Electronics,North,Ahmedabad,4,2000,309.47
ORD02503,17-10-2024,CUST1310,Victor Campbell,Notebook,Office Supplies,East,Kolkata,3,300,99.83
ORD02504,07-12-2025,CUST1959,Matthew Jones,Notebook,Office Supplies,South,Kolkata,8,800,188.75
ORD02505,26-10-2024,CUST1658,Joseph Jackson,Printer,Office Supplies,West,Bengaluru,8,72000,8147.64
ORD02506,11-06-2025,CUST1756,Jennifer Moore,Laptop,Electronics,South,Chennai,3,150000,24833.96
ORD02507,12-03-2024,CUST1538,Joshua Mendoza,Chair,Furniture,South,Bengaluru,4,28000,8888.75
ORD02508,05-03-2024,CUST1129,Troy Glenn,Mouse,Electronics,South,Bengaluru,3,1500,268.7
ORD02509,01-03-2024,CUST1386,Daniel Reynolds,Laptop,Electronics,North,Mumbai,5,250000,48349.83
ORD02510,12-06-2024,CUST1208,Karen Munoz,Monitor,Electronics,West,Chennai,7,84000,10803.67
ORD02511,17-02-2025,CUST1531,Laurie Shaw,Laptop,Electronics,North,Hyderabad,3,150000,31324.35
ORD02512,06-05-2025,CUST1475,Desiree Smith,Keyboard,Electronics,East,Pune,3,3600,892.74
ORD02513,23-01-2025,CUST1158,Austin Ross,Desk,Furniture,North,Chennai,5,75000,8912.7
ORD02514,16-11-2025,CUST1759,Kelly Kent,Keyboard,Electronics,West,Kolkata,2,2400,483.15
ORD02515,16-07-2025,CUST1889,Julia Johnston,Monitor,Electronics,South,Hyderabad,2,24000,3367.79
ORD02516,13-04-2025,CUST1703,Donna Ibarra,Mouse,Electronics,South,Ahmedabad,8,4000,708.69
ORD02517,02-11-2025,CUST1596,Michael Dawson,Printer,Office Supplies,South,Delhi,4,36000,4519.72
ORD02518,13-08-2025,CUST1978,Louis Patrick,Desk,Furniture,South,Kolkata,3,45000,4339.04
ORD02519,30-11-2024,CUST1673,David Yoder,Keyboard,Electronics,North,Pune,2,2400,547.05
ORD02520,19-06-2024,CUST1332,Judith Bartlett,Monitor,Electronics,East,Ahmedabad,3,36000,4546.11
ORD02521,11-11-2024,CUST1273,Keith Long,Monitor,Electronics,West,Mumbai,6,72000,11162.52
ORD02522,19-05-2025,CUST1224,Cynthia Harrell,Printer,Office Supplies,South,Kolkata,8,72000,8224.34
ORD02523,07-08-2025,CUST1340,Mark Carter,Chair,Furniture,East,Pune,4,28000,8855.97
ORD02524,02-04-2025,CUST1618,Melissa Bowen,Printer,Office Supplies,West,Delhi,2,18000,1454.9
ORD02525,14-06-2024,CUST1056,Johnny Riddle,Keyboard,Electronics,East,Ahmedabad,3,3600,694.14
ORD02526,07-08-2024,CUST1502,Whitney Jones,Printer,Office Supplies,East,Bengaluru,8,72000,8145.06
ORD02527,22-11-2025,CUST1770,Randall Nguyen,Monitor,Electronics,North,Bengaluru,3,36000,4263.54
ORD02528,25-02-2024,CUST1561,David Hunter,Desk,Furniture,South,Bengaluru,7,105000,14332.78
ORD02529,21-07-2025,CUST1500,Benjamin Neal,Laptop,Electronics,West,Hyderabad,1,50000,7732.68
ORD02530,22-12-2025,CUST1899,Jane Reese,Desk,Furniture,East,Chennai,4,60000,8035.14
ORD02531,07-02-2025,CUST1946,Jennifer Smith,Keyboard,Electronics,North,Delhi,4,4800,1039.16
ORD02532,05-11-2024,CUST1241,Thomas Murphy,Monitor,Electronics,West,Mumbai,1,12000,1560.38
ORD02533,21-12-2024,CUST1855,Kari Jones,Desk,Furniture,South,Ahmedabad,2,30000,3514.06
ORD02534,20-10-2025,CUST1591,Dana Dodson,Mouse,Electronics,South,Chennai,1,500,128.41
ORD02535,04-05-2025,CUST1283,Robert Skinner,Laptop,Electronics,South,Delhi,2,100000,15870.14
ORD02536,26-04-2025,CUST1084,Albert Garcia,Monitor,Electronics,South,Hyderabad,1,12000,1882.67
ORD02537,19-02-2024,CUST1648,Joseph Myers,Mouse,Electronics,South,Bengaluru,2,1000,173.16
ORD02538,04-12-2025,CUST1946,Phillip Byrd,Mouse,Electronics,West,Kolkata,4,2000,349.55
ORD02539,12-09-2025,CUST1789,Hunter Robinson,Printer,Office Supplies,North,Mumbai,3,27000,1976.68
ORD02540,12-05-2024,CUST1935,Michael Robinson,Mouse,Electronics,South,Delhi,7,3500,725.05
ORD02541,17-12-2024,CUST1677,Sara Cain,Mouse,Electronics,West,Ahmedabad,1,500,106.47
ORD02542,08-08-2025,CUST1197,Michelle Prince,Monitor,Electronics,West,Kolkata,4,48000,5199.94
ORD02543,07-11-2025,CUST1183,Eric Williams,Desk,Furniture,West,Pune,4,60000,7356.16
ORD02544,15-10-2024,CUST1180,Raymond Wang,Mouse,Electronics,North,Mumbai,3,1500,382.34
ORD02545,30-11-2025,CUST1404,Jade Allen,Chair,Furniture,South,Chennai,1,7000,2054.33
ORD02546,02-06-2024,CUST1610,Javier Hays,Laptop,Electronics,East,Kolkata,6,300000,69616.28
ORD02547,28-08-2025,CUST1198,Corey Caldwell,Keyboard,Electronics,East,Chennai,1,1200,288.96
ORD02548,01-11-2025,CUST1001,Stephen Robles,Notebook,Office Supplies,South,Chennai,2,200,71.18
ORD02549,09-04-2024,CUST1234,Carol Jackson,Keyboard,Electronics,West,Mumbai,8,9600,2292.66
ORD02550,02-01-2025,CUST1562,Brian Murphy,Keyboard,Electronics,East,Chennai,5,6000,977.34
ORD02551,13-05-2024,CUST1217,Chelsey Clark,Notebook,Office Supplies,North,Pune,5,500,173.63
ORD02552,08-05-2025,CUST1952,Teresa Martinez,Mouse,Electronics,North,Kolkata,3,1500,236.08
ORD02553,05-05-2025,CUST1236,Howard Thompson,Mouse,Electronics,West,Pune,6,3000,705.24
ORD02554,03-03-2024,CUST1453,Eugene Price,Laptop,Electronics,North,Kolkata,3,150000,28604.88
ORD02555,13-05-2024,CUST1129,Austin Briggs,Notebook,Office Supplies,East,Mumbai,1,100,28.42
ORD02556,11-06-2024,CUST1847,Jackie Jones,Desk,Furniture,North,Ahmedabad,6,90000,9251.68
ORD02557,07-05-2024,CUST1017,Eric George,Chair,Furniture,East,Kolkata,1,7000,1487.18
ORD02558,11-11-2024,CUST1637,Mrs. Kimberly Mooney,Printer,Office Supplies,North,Chennai,8,72000,6632.21
ORD02559,11-03-2025,CUST1863,Carolyn Haley,Printer,Office Supplies,South,Ahmedabad,6,54000,4985.18
ORD02560,20-05-2024,CUST1856,Vicki Horton,Chair,Furniture,East,Hyderabad,8,56000,16869.26
ORD02561,22-07-2025,CUST1060,Valerie Benson,Notebook,Office Supplies,North,Mumbai,1,100,22.99
ORD02562,26-02-2025,CUST1567,Mark Henson,Laptop,Electronics,South,Mumbai,4,200000,25775.54
ORD02563,02-04-2024,CUST1500,Samuel Olson,Printer,Office Supplies,South,Kolkata,7,63000,5453.92
ORD02564,17-11-2025,CUST1375,Lee Richards,Laptop,Electronics,West,Mumbai,1,50000,9091
ORD02565,20-04-2024,CUST1997,Martin Hall,Keyboard,Electronics,East,Delhi,1,1200,293.05
ORD02566,13-02-2024,CUST1418,Virginia Hall,Printer,Office Supplies,West,Mumbai,2,18000,1471.12
ORD02567,22-08-2024,CUST1340,Stephanie Parker,Monitor,Electronics,North,Delhi,1,12000,1758.9
ORD02568,09-10-2024,CUST1503,Nicole Harvey,Chair,Furniture,East,Ahmedabad,6,42000,13460.81
ORD02569,20-07-2024,CUST1025,James Phillips,Notebook,Office Supplies,North,Kolkata,3,300,69.17
ORD02570,24-06-2025,CUST1692,Dan Johnson,Keyboard,Electronics,East,Hyderabad,6,7200,1467.38
ORD02571,23-05-2025,CUST1030,Linda Bautista,Notebook,Office Supplies,South,Mumbai,7,700,222.12
ORD02572,18-11-2025,CUST1822,Erin Ramirez,Laptop,Electronics,South,Kolkata,6,300000,44246.46
ORD02573,23-03-2025,CUST1910,Paige Meyer,Keyboard,Electronics,West,Kolkata,8,9600,2406.11
ORD02574,06-03-2024,CUST1537,Maria Roberts,Keyboard,Electronics,South,Bengaluru,2,2400,437.73
ORD02575,29-09-2024,CUST1412,Ryan Rivera,Printer,Office Supplies,West,Kolkata,1,9000,647.33
ORD02576,03-10-2025,CUST1603,Joshua Knox,Mouse,Electronics,North,Mumbai,5,2500,703.48
ORD02577,12-05-2025,CUST1682,Danielle Mcdaniel,Mouse,Electronics,West,Mumbai,1,500,106.5
ORD02578,01-11-2025,CUST1268,Lisa James,Chair,Furniture,South,Mumbai,1,7000,1245.63
ORD02579,14-11-2025,CUST1724,Jeremy Smith,Chair,Furniture,North,Chennai,1,7000,1555.8
ORD02580,15-09-2025,CUST1513,Andrea Lee,Keyboard,Electronics,North,Pune,1,1200,204.8
ORD02581,25-06-2025,CUST1504,Brenda Harris,Printer,Office Supplies,South,Mumbai,7,63000,7370.97
ORD02582,02-12-2025,CUST1123,Kevin Guerra,Monitor,Electronics,West,Kolkata,8,96000,15180.34
ORD02583,26-01-2025,CUST1978,Cynthia Miller,Chair,Furniture,North,Bengaluru,2,14000,3312.86
ORD02584,20-02-2024,CUST1496,Emily Griffith,Monitor,Electronics,West,Pune,8,96000,12556.7
ORD02585,26-11-2024,CUST1447,Christopher Wright,Monitor,Electronics,South,Ahmedabad,4,48000,8629.56
ORD02586,01-04-2025,CUST1826,Jerome Reid,Chair,Furniture,North,Mumbai,2,14000,4540.91
ORD02587,07-11-2025,CUST1142,Richard Miller,Chair,Furniture,North,Ahmedabad,3,21000,6457.79
ORD02588,07-07-2025,CUST1864,Jennifer Jackson,Printer,Office Supplies,South,Mumbai,1,9000,908.41
ORD02589,11-06-2024,CUST1676,Jonathan Moss,Mouse,Electronics,North,Pune,7,3500,564.37
ORD02590,01-12-2025,CUST1718,Sally Leon,Mouse,Electronics,West,Bengaluru,2,1000,185.05
ORD02591,23-01-2024,CUST1748,James Dickerson,Mouse,Electronics,East,Delhi,2,1000,282.83
ORD02592,07-11-2024,CUST1547,Tammy Larson,Mouse,Electronics,South,Bengaluru,7,3500,952.1
ORD02593,30-12-2024,CUST1534,Nicholas Scott,Mouse,Electronics,South,Hyderabad,8,4000,1115.91
ORD02594,06-07-2025,CUST1176,Jesse Brooks,Desk,Furniture,North,Delhi,8,120000,18136.86
ORD02595,23-11-2024,CUST1484,Andrea Taylor,Chair,Furniture,North,Bengaluru,1,7000,1664.73
ORD02596,02-11-2024,CUST1609,Christopher Lopez,Monitor,Electronics,West,Mumbai,7,84000,13079.52
ORD02597,26-05-2025,CUST1690,Jonathan Swanson,Mouse,Electronics,East,Bengaluru,3,1500,332.16
ORD02598,05-02-2025,CUST1592,Timothy Bentley DVM,Notebook,Office Supplies,West,Delhi,3,300,88.02
ORD02599,22-08-2024,CUST1730,John Davidson,Chair,Furniture,North,Pune,1,7000,1843.28
ORD02600,13-03-2025,CUST1045,Jennifer Williams,Mouse,Electronics,West,Ahmedabad,7,3500,590.97
ORD02601,08-12-2025,CUST1566,Janice Cunningham,Keyboard,Electronics,South,Chennai,8,9600,1671.3
ORD02602,16-04-2025,CUST1594,Jeffrey Scott,Notebook,Office Supplies,West,Bengaluru,6,600,137.56
ORD02603,07-03-2025,CUST1718,Miranda Hicks,Chair,Furniture,East,Kolkata,1,7000,2154.01
ORD02604,18-09-2025,CUST1439,Michael Horton DDS,Notebook,Office Supplies,North,Pune,4,400,135.87
ORD02605,30-03-2025,CUST1011,Nancy Allen,Printer,Office Supplies,South,Chennai,5,45000,3559.56
ORD02606,30-12-2024,CUST1593,Robert Mccoy,Mouse,Electronics,South,Kolkata,7,3500,604.76
ORD02607,10-08-2025,CUST1983,Melissa Brewer,Chair,Furniture,South,Pune,3,21000,3676.08
ORD02608,22-03-2025,CUST1140,Jesus Becker,Notebook,Office Supplies,East,Kolkata,4,400,128.21
ORD02609,23-06-2025,CUST1455,Lance Lynn,Printer,Office Supplies,North,Kolkata,3,27000,3494.76
ORD02610,16-03-2024,CUST1219,Alexandria Wise,Laptop,Electronics,North,Ahmedabad,2,100000,13563.16
ORD02611,28-07-2024,CUST1731,Sydney Sanders,Desk,Furniture,West,Mumbai,3,45000,7015.4
ORD02612,21-02-2025,CUST1915,Stephanie Stone,Monitor,Electronics,North,Chennai,4,48000,7092.48
ORD02613,17-09-2024,CUST1328,Jay Gallegos,Keyboard,Electronics,North,Kolkata,4,4800,697.22
ORD02614,03-01-2025,CUST1928,Eric Ponce,Desk,Furniture,East,Pune,1,15000,2242.81
ORD02615,23-09-2025,CUST1099,Janet Parker,Printer,Office Supplies,West,Chennai,3,27000,2314.74
ORD02616,07-10-2024,CUST1028,Shawn Luna,Laptop,Electronics,West,Kolkata,4,200000,40255.51
ORD02617,10-05-2025,CUST1918,Mark Frank,Mouse,Electronics,North,Bengaluru,8,4000,1014.96
ORD02618,03-01-2024,CUST1887,Charles Goodman,Chair,Furniture,West,Hyderabad,1,7000,1799.04
ORD02619,29-03-2025,CUST1277,Jennifer Parker,Keyboard,Electronics,West,Mumbai,2,2400,414.19
ORD02620,07-02-2025,CUST1641,Dr. April Jones,Monitor,Electronics,West,Pune,6,72000,11594.11
ORD02621,18-08-2025,CUST1405,Kelly Pena,Notebook,Office Supplies,West,Pune,4,400,134.32
ORD02622,02-04-2024,CUST1335,Carolyn Brooks,Notebook,Office Supplies,East,Pune,5,500,166.98
ORD02623,20-09-2025,CUST1138,Christina White,Desk,Furniture,South,Delhi,1,15000,1379.5
ORD02624,25-01-2025,CUST1910,Joanne Olsen,Printer,Office Supplies,North,Chennai,6,54000,4578.32
ORD02625,08-03-2025,CUST1699,Anthony White,Mouse,Electronics,North,Ahmedabad,2,1000,216.63
ORD02626,11-09-2024,CUST1420,Deanna Barrera,Notebook,Office Supplies,South,Mumbai,4,400,114.33
ORD02627,27-02-2024,CUST1388,Mark Weber,Chair,Furniture,West,Delhi,6,42000,9696.05
ORD02628,28-10-2025,CUST1586,Carol Carter,Laptop,Electronics,East,Bengaluru,1,50000,9508.23
ORD02629,27-10-2024,CUST1942,Donald Peterson,Chair,Furniture,West,Kolkata,5,35000,7064.37
ORD02630,24-02-2025,CUST1051,Karen Chambers,Chair,Furniture,East,Kolkata,7,49000,11745.35
ORD02631,14-11-2024,CUST1322,Antonio Walton,Chair,Furniture,West,Chennai,3,21000,3720.22
ORD02632,30-01-2024,CUST1584,Kevin Huerta,Printer,Office Supplies,West,Pune,8,72000,6508.44
ORD02633,02-06-2025,CUST1824,Joseph Smith,Desk,Furniture,North,Kolkata,4,60000,5870.68
ORD02634,13-01-2025,CUST1264,Victoria Juarez,Keyboard,Electronics,West,Kolkata,4,4800,1165.65
ORD02635,10-12-2024,CUST1717,Kara Rogers,Keyboard,Electronics,East,Delhi,3,3600,836.82
ORD02636,10-09-2025,CUST1622,Jacob Wu,Mouse,Electronics,East,Ahmedabad,7,3500,831.27
ORD02637,22-11-2025,CUST1435,Dr. Teresa Ortega MD,Laptop,Electronics,South,Bengaluru,1,50000,10051.88
ORD02638,04-07-2024,CUST1986,Henry Rivera,Mouse,Electronics,West,Kolkata,3,1500,261.13
ORD02639,17-05-2024,CUST1782,Jesus Hale,Printer,Office Supplies,East,Mumbai,8,72000,6381.86
ORD02640,30-06-2024,CUST1287,Stacy Taylor,Notebook,Office Supplies,North,Mumbai,1,100,22.87
ORD02641,13-06-2025,CUST1654,Sheila Ramirez,Desk,Furniture,West,Delhi,5,75000,9180.41
ORD02642,25-08-2025,CUST1528,Robin Richardson,Laptop,Electronics,West,Hyderabad,1,50000,6885.08
ORD02643,22-03-2024,CUST1177,Mary Alvarez,Printer,Office Supplies,East,Hyderabad,3,27000,2207.33
ORD02644,22-02-2025,CUST1811,Cole Andersen,Laptop,Electronics,East,Bengaluru,5,250000,43545.11
ORD02645,23-04-2024,CUST1941,Robin Smith,Notebook,Office Supplies,South,Delhi,2,200,47.3
ORD02646,05-05-2025,CUST1350,Angel Aguirre,Monitor,Electronics,South,Kolkata,5,60000,7535.56
ORD02647,29-06-2025,CUST1049,Jeremy Lawson,Desk,Furniture,West,Chennai,7,105000,15369.97
ORD02648,10-06-2025,CUST1179,Lonnie Miller,Keyboard,Electronics,East,Bengaluru,6,7200,1857.66
ORD02649,16-09-2024,CUST1370,Timothy Galvan,Mouse,Electronics,East,Delhi,4,2000,440.91
ORD02650,30-10-2025,CUST1376,Dr. Susan Navarro,Laptop,Electronics,East,Hyderabad,7,350000,53718.76
ORD02651,19-03-2024,CUST1114,Cory Thomas,Desk,Furniture,South,Ahmedabad,3,45000,6598.38
ORD02652,04-07-2025,CUST1629,Laura Vincent,Keyboard,Electronics,West,Mumbai,8,9600,1672.86
ORD02653,11-02-2025,CUST1782,Bethany Robles,Printer,Office Supplies,South,Ahmedabad,8,72000,8933.06
ORD02654,01-02-2024,CUST1196,Michael Dunn,Chair,Furniture,West,Bengaluru,3,21000,5216.25
ORD02655,13-01-2024,CUST1670,Carol Griffin,Mouse,Electronics,North,Mumbai,8,4000,802.72
ORD02656,18-09-2024,CUST1336,Matthew Allen,Notebook,Office Supplies,South,Delhi,4,400,143.52
ORD02657,12-07-2025,CUST1515,Paul Keller,Notebook,Office Supplies,South,Pune,4,400,107.4
ORD02658,08-11-2024,CUST1012,Jeffrey Baldwin,Monitor,Electronics,North,Mumbai,6,72000,13053.55
ORD02659,01-06-2025,CUST1293,Timothy Orr,Mouse,Electronics,North,Kolkata,7,3500,742.53
ORD02660,17-09-2024,CUST1938,Connie Scott,Desk,Furniture,East,Pune,3,45000,4683.49
ORD02661,28-06-2025,CUST1215,Steven Martinez,Chair,Furniture,East,Mumbai,7,49000,8968.13
ORD02662,19-07-2025,CUST1109,Joseph Swanson,Printer,Office Supplies,North,Chennai,4,36000,3492.73
ORD02663,12-04-2025,CUST1983,Michael Wiggins,Monitor,Electronics,East,Kolkata,2,24000,2837.7
ORD02664,08-12-2025,CUST1613,Pamela Burke,Notebook,Office Supplies,North,Pune,3,300,110.78
ORD02665,16-05-2024,CUST1857,Jamie Love,Desk,Furniture,West,Mumbai,8,120000,15080.62
ORD02666,16-09-2024,CUST1385,Jane May,Chair,Furniture,South,Delhi,8,56000,15520.6
ORD02667,28-06-2024,CUST1274,Savannah Stokes,Mouse,Electronics,South,Ahmedabad,7,3500,867.24
ORD02668,29-08-2024,CUST1243,Brian Miller,Monitor,Electronics,North,Bengaluru,8,96000,11486.02
ORD02669,09-06-2024,CUST1966,Patrick Pineda,Mouse,Electronics,South,Bengaluru,8,4000,631.88
ORD02670,04-05-2024,CUST1045,Audrey Richardson,Laptop,Electronics,North,Delhi,4,200000,28824.12
ORD02671,03-01-2024,CUST1016,Tiffany Ray,Keyboard,Electronics,North,Kolkata,4,4800,773.22
ORD02672,16-02-2024,CUST1931,Antonio Nichols,Printer,Office Supplies,North,Hyderabad,7,63000,5844.14
ORD02673,26-03-2024,CUST1837,Veronica Flores,Notebook,Office Supplies,East,Ahmedabad,2,200,42.4
ORD02674,22-10-2024,CUST1063,Michael Hogan,Desk,Furniture,South,Pune,7,105000,14844.26
ORD02675,28-03-2024,CUST1603,Lindsay Walker,Desk,Furniture,North,Hyderabad,4,60000,7809.78
ORD02676,17-07-2025,CUST1656,Joshua Murray,Chair,Furniture,South,Ahmedabad,7,49000,14330.33
ORD02677,25-08-2025,CUST1323,Tommy Hood,Desk,Furniture,North,Delhi,5,75000,8506.81
ORD02678,18-01-2024,CUST1468,Mr. Kyle Thomas DDS,Laptop,Electronics,West,Bengaluru,4,200000,41040.04
ORD02679,12-10-2024,CUST1966,Michele George,Laptop,Electronics,East,Kolkata,6,300000,64282.78
ORD02680,06-12-2025,CUST1047,William Martinez,Printer,Office Supplies,West,Kolkata,2,18000,1617.92
ORD02681,16-03-2024,CUST1013,Michelle Mendoza DVM,Notebook,Office Supplies,West,Chennai,7,700,180.85
ORD02682,21-12-2025,CUST1860,Michael Bennett DVM,Chair,Furniture,South,Pune,2,14000,3938.81
ORD02683,12-04-2024,CUST1408,Ronald Clark,Laptop,Electronics,East,Hyderabad,8,400000,73799.45
ORD02684,29-07-2025,CUST1778,Rita Graves,Laptop,Electronics,South,Kolkata,1,50000,8283.33
ORD02685,24-05-2024,CUST1386,Sean White,Notebook,Office Supplies,West,Bengaluru,4,400,105.18
ORD02686,24-06-2025,CUST1239,Mr. William Hopkins,Notebook,Office Supplies,West,Mumbai,8,800,281.03
ORD02687,15-03-2024,CUST1372,Wendy Kelley,Printer,Office Supplies,North,Chennai,8,72000,8416.47
ORD02688,20-03-2024,CUST1583,Michael Mooney,Notebook,Office Supplies,West,Kolkata,3,300,82.6
ORD02689,30-03-2024,CUST1135,Jeanne Rose,Laptop,Electronics,West,Chennai,4,200000,27932.49
ORD02690,05-11-2024,CUST1080,Michael Lee,Printer,Office Supplies,North,Chennai,3,27000,2505.83
ORD02691,04-01-2025,CUST1343,Jennifer Anderson,Keyboard,Electronics,East,Mumbai,2,2400,561.78
ORD02692,24-12-2025,CUST1092,Lauren Trujillo,Printer,Office Supplies,South,Hyderabad,8,72000,7013.89
ORD02693,17-03-2024,CUST1098,Michelle Ellis,Chair,Furniture,South,Pune,7,49000,13000.61
ORD02694,22-03-2025,CUST1272,Chad Dominguez,Mouse,Electronics,South,Bengaluru,7,3500,973.26
ORD02695,24-08-2025,CUST1076,Charles Robinson,Keyboard,Electronics,West,Delhi,8,9600,1729.08
ORD02696,15-05-2024,CUST1107,Nancy Smith,Chair,Furniture,East,Pune,6,42000,9028.33
ORD02697,16-02-2024,CUST1326,Laura Gregory,Desk,Furniture,West,Bengaluru,8,120000,17280.91
ORD02698,10-01-2025,CUST1508,Brittany Clements MD,Laptop,Electronics,North,Delhi,3,150000,20946.52
ORD02699,12-08-2024,CUST1947,Tammy Davis,Laptop,Electronics,East,Kolkata,2,100000,19426.88
ORD02700,04-08-2024,CUST1847,Catherine Williams,Chair,Furniture,South,Pune,1,7000,1707.33
ORD02701,27-07-2025,CUST1625,Miss Leslie Booker,Printer,Office Supplies,East,Pune,3,27000,2705.02
ORD02702,16-06-2025,CUST1667,Jennifer Johnson,Laptop,Electronics,South,Bengaluru,1,50000,6780.38
ORD02703,19-05-2024,CUST1429,John Watts,Chair,Furniture,North,Kolkata,8,56000,11819.11
ORD02704,01-03-2024,CUST1805,Marissa Bennett,Desk,Furniture,East,Delhi,1,15000,1779.99
ORD02705,02-01-2024,CUST1625,Rebecca Barrett,Mouse,Electronics,South,Hyderabad,2,1000,229.82
ORD02706,13-03-2025,CUST1082,Sharon Santos,Mouse,Electronics,North,Chennai,2,1000,195.58
ORD02707,06-08-2025,CUST1139,Matthew Richardson,Monitor,Electronics,South,Delhi,8,96000,10539.99
ORD02708,16-03-2025,CUST1607,Bradley Burns,Laptop,Electronics,East,Delhi,8,400000,53462.02
ORD02709,18-12-2025,CUST1849,Katrina Johnson,Laptop,Electronics,North,Pune,8,400000,61477.59
ORD02710,23-10-2025,CUST1144,Laura Hill,Desk,Furniture,West,Kolkata,5,75000,7525.82
ORD02711,01-09-2025,CUST1263,Rebecca White,Monitor,Electronics,East,Hyderabad,7,84000,11425.28
ORD02712,31-03-2024,CUST1982,Mr. Jeffrey Duncan,Mouse,Electronics,South,Hyderabad,7,3500,925.39
ORD02713,25-03-2024,CUST1218,Arthur Stout,Monitor,Electronics,North,Delhi,5,60000,10679.06
ORD02714,26-12-2024,CUST1793,Cathy Hess,Chair,Furniture,West,Ahmedabad,6,42000,7636.04
ORD02715,30-10-2024,CUST1218,Justin Herrera,Keyboard,Electronics,East,Hyderabad,2,2400,470.86
ORD02716,04-06-2024,CUST1430,Katherine Stone,Chair,Furniture,North,Kolkata,4,28000,6317.06
ORD02717,15-03-2025,CUST1458,Michelle Tyler,Chair,Furniture,South,Ahmedabad,7,49000,8861.05
ORD02718,30-05-2025,CUST1199,Paul Sheppard,Chair,Furniture,East,Bengaluru,5,35000,11012.48
ORD02719,07-10-2025,CUST1992,Catherine George,Desk,Furniture,East,Kolkata,4,60000,6692.94
ORD02720,24-02-2024,CUST1456,Justin Mcbride,Keyboard,Electronics,West,Pune,1,1200,215.64
ORD02721,26-09-2025,CUST1343,Carl Harris,Laptop,Electronics,East,Mumbai,7,350000,57712.01
ORD02722,01-08-2025,CUST1187,Justin York,Desk,Furniture,North,Delhi,7,105000,10025.49
ORD02723,20-05-2025,CUST1644,William Hunter,Desk,Furniture,East,Delhi,6,90000,8254.27
ORD02724,26-03-2024,CUST1102,Joshua Henderson,Mouse,Electronics,West,Kolkata,4,2000,334.33
ORD02725,29-10-2024,CUST1721,April Turner,Mouse,Electronics,West,Kolkata,1,500,86.39
ORD02726,25-01-2024,CUST1415,Kelly Patton,Laptop,Electronics,East,Ahmedabad,3,150000,21624.68
ORD02727,26-03-2024,CUST1698,Jill Ray,Desk,Furniture,South,Delhi,5,75000,10072.62
ORD02728,17-11-2024,CUST1803,Kelly Andersen,Mouse,Electronics,East,Delhi,3,1500,267.08
ORD02729,17-12-2025,CUST1941,Joshua Clark,Laptop,Electronics,North,Mumbai,3,150000,32830.89
ORD02730,06-07-2024,CUST1928,Robert Young,Desk,Furniture,East,Pune,2,30000,3248.48
ORD02731,16-10-2024,CUST1044,Elijah Wall,Printer,Office Supplies,West,Mumbai,6,54000,3883.65
ORD02732,19-04-2025,CUST1609,Lindsey Robinson,Printer,Office Supplies,North,Chennai,4,36000,4344.17
ORD02733,13-11-2025,CUST1769,Carl Dean,Desk,Furniture,North,Delhi,1,15000,2246.53
ORD02734,24-11-2025,CUST1636,David James,Laptop,Electronics,South,Pune,7,350000,54980.56
ORD02735,15-08-2025,CUST1121,Jennifer Miller,Laptop,Electronics,North,Pune,4,200000,40104.63
ORD02736,07-08-2024,CUST1438,Jeffery Neal,Desk,Furniture,North,Pune,3,45000,6818.11
ORD02737,03-10-2025,CUST1628,Andrea Oconnor,Mouse,Electronics,North,Ahmedabad,2,1000,225.64
ORD02738,02-01-2025,CUST1354,Melissa Lee MD,Desk,Furniture,South,Chennai,3,45000,6889.9
ORD02739,01-02-2025,CUST1072,Samantha Jacobs,Desk,Furniture,North,Delhi,3,45000,3928.08
ORD02740,14-08-2025,CUST1013,Christian Riddle,Notebook,Office Supplies,North,Kolkata,8,800,249.99
ORD02741,31-01-2025,CUST1734,Alexander Munoz,Notebook,Office Supplies,West,Hyderabad,1,100,22.33
ORD02742,04-09-2024,CUST1490,Caleb Rodriguez,Chair,Furniture,East,Bengaluru,1,7000,2042.21
ORD02743,22-10-2024,CUST1314,Andrea Bowman,Monitor,Electronics,East,Ahmedabad,4,48000,7503.59
ORD02744,14-04-2025,CUST1386,Gavin Nelson,Laptop,Electronics,South,Chennai,1,50000,8420.2
ORD02745,10-10-2025,CUST1356,Courtney Smith,Desk,Furniture,North,Mumbai,1,15000,1495.4
ORD02746,16-11-2024,CUST1261,Wayne Gray,Printer,Office Supplies,South,Kolkata,4,36000,4648.4
ORD02747,04-07-2025,CUST1260,Timothy Thompson,Keyboard,Electronics,South,Delhi,5,6000,916.15
ORD02748,14-08-2024,CUST1315,Elizabeth Nicholson,Keyboard,Electronics,East,Mumbai,3,3600,598.54
ORD02749,02-02-2024,CUST1585,Joseph Graves PhD,Mouse,Electronics,North,Kolkata,1,500,125.66
ORD02750,14-10-2025,CUST1782,Lisa Mosley,Laptop,Electronics,West,Pune,6,300000,45714.84
ORD02751,29-04-2024,CUST1090,Travis Price,Monitor,Electronics,West,Kolkata,1,12000,1423.58
ORD02752,23-09-2025,CUST1949,Patrick Faulkner,Printer,Office Supplies,North,Pune,4,36000,4236.29
ORD02753,30-07-2025,CUST1569,Linda Atkinson,Desk,Furniture,West,Chennai,8,120000,12966.48
ORD02754,30-08-2025,CUST1789,Cameron Smith,Keyboard,Electronics,West,Pune,2,2400,385.25
ORD02755,03-09-2024,CUST1429,Brittney Martinez,Keyboard,Electronics,South,Delhi,7,8400,1222.8
ORD02756,17-06-2025,CUST1191,Nicolas Brown,Keyboard,Electronics,North,Pune,8,9600,1770.29
ORD02757,12-12-2025,CUST1610,Vanessa Zimmerman,Printer,Office Supplies,South,Delhi,8,72000,8884.49
ORD02758,18-12-2024,CUST1862,Lee Mann,Printer,Office Supplies,South,Ahmedabad,2,18000,1358.1
ORD02759,18-12-2025,CUST1980,William Lindsey,Laptop,Electronics,South,Mumbai,3,150000,21962.53
ORD02760,21-06-2025,CUST1804,Desiree Patterson,Keyboard,Electronics,North,Hyderabad,2,2400,437.54
ORD02761,20-03-2025,CUST1108,Sierra Cervantes,Laptop,Electronics,North,Kolkata,6,300000,56123.61
ORD02762,17-07-2025,CUST1083,Scott Meza,Monitor,Electronics,East,Hyderabad,6,72000,9713.41
ORD02763,06-04-2024,CUST1390,Erik Davis,Printer,Office Supplies,North,Delhi,3,27000,3030.44
ORD02764,17-12-2025,CUST1618,Nicholas Duffy,Desk,Furniture,South,Mumbai,4,60000,7108.2
ORD02765,18-08-2025,CUST1491,Anthony Paul,Notebook,Office Supplies,South,Pune,3,300,90.46
ORD02766,04-11-2025,CUST1098,Katherine Baxter,Desk,Furniture,South,Bengaluru,5,75000,10977.66
ORD02767,30-06-2024,CUST1564,Jessica Romero,Printer,Office Supplies,South,Pune,3,27000,1891.98
ORD02768,08-06-2024,CUST1060,Karen Robertson,Keyboard,Electronics,East,Mumbai,4,4800,749.92
ORD02769,12-10-2024,CUST1670,Dr. Melissa Sullivan DDS,Chair,Furniture,South,Bengaluru,5,35000,8683.19
ORD02770,03-01-2025,CUST1591,Nichole Klein,Mouse,Electronics,South,Delhi,2,1000,209.63
ORD02771,11-10-2025,CUST1212,Nicole Sanchez,Keyboard,Electronics,North,Pune,1,1200,186.37
ORD02772,13-05-2024,CUST1734,Tiffany Morrow,Keyboard,Electronics,West,Hyderabad,4,4800,1162.97
ORD02773,15-04-2024,CUST1249,Kelsey Lynch,Desk,Furniture,East,Ahmedabad,3,45000,6033.27
ORD02774,03-03-2025,CUST1343,Traci Craig,Laptop,Electronics,North,Kolkata,3,150000,27054.08
ORD02775,29-11-2025,CUST1844,Kelly Walker,Chair,Furniture,North,Chennai,7,49000,10023.25
ORD02776,30-12-2024,CUST1407,Ryan Palmer,Monitor,Electronics,North,Ahmedabad,8,96000,14027.77
ORD02777,29-10-2025,CUST1165,Jenny Gray,Keyboard,Electronics,North,Kolkata,2,2400,532.93
ORD02778,14-09-2025,CUST1041,Brian Sloan,Mouse,Electronics,South,Ahmedabad,8,4000,773.63
ORD02779,08-07-2025,CUST1840,Joshua Miranda,Mouse,Electronics,East,Mumbai,1,500,94.4
ORD02780,04-08-2025,CUST1083,Edwin Carter,Notebook,Office Supplies,South,Mumbai,7,700,167.44
ORD02781,27-02-2024,CUST1375,Oscar Carroll,Notebook,Office Supplies,West,Chennai,8,800,170.01
ORD02782,11-02-2024,CUST1392,Eric Fitzpatrick,Notebook,Office Supplies,South,Kolkata,7,700,205.02
ORD02783,07-02-2025,CUST1370,Samantha Johnson,Keyboard,Electronics,East,Delhi,2,2400,500.25
ORD02784,17-09-2024,CUST1307,Luke Freeman,Chair,Furniture,North,Hyderabad,5,35000,10213.72
ORD02785,02-12-2025,CUST1313,Luis Murphy,Notebook,Office Supplies,South,Ahmedabad,7,700,270.44
ORD02786,24-10-2025,CUST1619,Aaron Zamora,Notebook,Office Supplies,West,Bengaluru,6,600,126.92
ORD02787,21-06-2024,CUST1394,Henry Garcia,Printer,Office Supplies,South,Kolkata,4,36000,2799.67
ORD02788,30-05-2024,CUST1261,Bradley Robertson Jr.,Mouse,Electronics,South,Kolkata,2,1000,193.01
ORD02789,22-07-2025,CUST1712,John Moore,Keyboard,Electronics,East,Pune,6,7200,1820.88
ORD02790,09-06-2025,CUST1651,Courtney Foster,Keyboard,Electronics,North,Hyderabad,2,2400,531.6
ORD02791,02-09-2024,CUST1741,Jeffrey White,Mouse,Electronics,East,Mumbai,7,3500,607.15
ORD02792,27-07-2025,CUST1346,Ashley Gonzales,Notebook,Office Supplies,South,Bengaluru,5,500,124.85
ORD02793,10-07-2024,CUST1910,Candice Gomez,Chair,Furniture,East,Delhi,8,56000,17982.51
ORD02794,23-09-2024,CUST1972,Ian Harrell,Desk,Furniture,South,Delhi,4,60000,6011.62
ORD02795,09-01-2025,CUST1868,Colton Williams,Monitor,Electronics,West,Kolkata,2,24000,2689.96
ORD02796,30-09-2024,CUST1378,Patrick Santana,Laptop,Electronics,West,Kolkata,6,300000,69556.47
ORD02797,09-04-2025,CUST1411,Cristian Mendoza,Chair,Furniture,East,Chennai,8,56000,12578.93
ORD02798,23-03-2025,CUST1379,Deborah Fisher,Monitor,Electronics,West,Pune,6,72000,13826.51
ORD02799,31-08-2025,CUST1795,Rebecca Klein,Notebook,Office Supplies,West,Mumbai,7,700,264.33
ORD02800,09-05-2024,CUST1080,Phillip Macias,Notebook,Office Supplies,South,Chennai,4,400,149.23
ORD02801,15-12-2025,CUST1930,Tammy Cameron,Chair,Furniture,North,Chennai,6,42000,7489.39
ORD02802,08-07-2024,CUST1778,Brian Rodriguez,Chair,Furniture,West,Bengaluru,2,14000,4161.01
ORD02803,10-02-2025,CUST1309,Christopher Porter,Desk,Furniture,West,Bengaluru,6,90000,11290.64
ORD02804,09-10-2024,CUST1139,Cynthia Gregory,Mouse,Electronics,South,Chennai,4,2000,311.58
ORD02805,05-05-2024,CUST1955,William Mclaughlin,Mouse,Electronics,East,Delhi,5,2500,444.93
ORD02806,10-06-2024,CUST1963,Dylan Tucker,Chair,Furniture,West,Mumbai,4,28000,5940.81
ORD02807,06-08-2024,CUST1735,Danielle Hernandez,Chair,Furniture,North,Hyderabad,6,42000,12932.62
ORD02808,13-04-2025,CUST1231,Danielle Wang,Notebook,Office Supplies,North,Delhi,4,400,131.36
ORD02809,27-06-2025,CUST1841,Wendy Wright,Laptop,Electronics,East,Bengaluru,2,100000,17953.37
ORD02810,16-07-2025,CUST1457,Christina Mccarthy,Keyboard,Electronics,North,Pune,2,2400,358.87
ORD02811,04-11-2025,CUST1286,Meredith Shaw,Desk,Furniture,South,Kolkata,3,45000,4457.53
ORD02812,27-11-2025,CUST1666,Willie Garza,Printer,Office Supplies,West,Delhi,5,45000,3871.06
ORD02813,16-06-2024,CUST1890,Crystal Anderson,Mouse,Electronics,North,Kolkata,8,4000,718.43
ORD02814,31-03-2025,CUST1473,William Hickman,Desk,Furniture,West,Bengaluru,3,45000,4501.11
ORD02815,20-02-2025,CUST1192,Luis Davis,Notebook,Office Supplies,South,Hyderabad,7,700,232.93
ORD02816,04-03-2024,CUST1661,Jason Torres,Laptop,Electronics,North,Chennai,2,100000,15609.5
ORD02817,05-03-2024,CUST1025,Crystal Rogers,Keyboard,Electronics,East,Chennai,8,9600,2418.16
ORD02818,04-06-2024,CUST1495,Jordan Schneider,Laptop,Electronics,South,Bengaluru,1,50000,6436.71
ORD02819,19-04-2025,CUST1678,Derrick Ramirez,Mouse,Electronics,South,Mumbai,5,2500,446.48
ORD02820,20-08-2024,CUST1990,Jason Flores,Notebook,Office Supplies,North,Ahmedabad,1,100,31.88
ORD02821,17-06-2024,CUST1930,Andrew Williams,Notebook,Office Supplies,North,Ahmedabad,2,200,59.8
ORD02822,20-12-2024,CUST1359,Christy Kennedy,Mouse,Electronics,South,Kolkata,4,2000,407.81
ORD02823,09-07-2024,CUST1589,Ashlee Lopez,Keyboard,Electronics,West,Ahmedabad,1,1200,254.53
ORD02824,22-09-2025,CUST1360,Heidi Torres,Desk,Furniture,South,Ahmedabad,3,45000,6110
ORD02825,10-12-2025,CUST1789,Adam Arnold,Keyboard,Electronics,West,Ahmedabad,3,3600,569.14
ORD02826,07-01-2025,CUST1873,Erin Figueroa,Monitor,Electronics,West,Ahmedabad,3,36000,3784.61
ORD02827,09-03-2025,CUST1437,Richard Rice,Desk,Furniture,North,Chennai,4,60000,5598.16
ORD02828,20-02-2024,CUST1564,Matthew Clark,Laptop,Electronics,West,Delhi,8,400000,67554.55
ORD02829,03-05-2024,CUST1782,Stephen Anderson,Keyboard,Electronics,South,Ahmedabad,7,8400,1787.99
ORD02830,18-05-2025,CUST1127,Barbara Willis,Notebook,Office Supplies,South,Kolkata,1,100,22.78
ORD02831,20-07-2025,CUST1227,Martha Lee,Mouse,Electronics,South,Mumbai,6,3000,717.34
ORD02832,25-09-2024,CUST1546,Tammy Jones,Printer,Office Supplies,East,Kolkata,7,63000,7899.1
ORD02833,25-09-2024,CUST1134,Grace Swanson,Printer,Office Supplies,South,Ahmedabad,4,36000,3220.51
ORD02834,14-06-2024,CUST1941,Christina Le MD,Monitor,Electronics,North,Mumbai,3,36000,4238.9
ORD02835,20-12-2024,CUST1573,Joshua King,Chair,Furniture,South,Bengaluru,5,35000,11359.98
ORD02836,21-01-2025,CUST1187,Sarah Meadows,Keyboard,Electronics,East,Ahmedabad,6,7200,1357.94
ORD02837,05-09-2024,CUST1853,Stephanie West,Desk,Furniture,West,Ahmedabad,1,15000,2232.24
ORD02838,05-10-2024,CUST1406,Susan Jones,Mouse,Electronics,West,Pune,2,1000,224.17
ORD02839,16-11-2025,CUST1322,Timothy Gordon,Mouse,Electronics,South,Pune,4,2000,309.67
ORD02840,06-11-2025,CUST1073,Kyle Horton,Mouse,Electronics,South,Kolkata,6,3000,520.8
ORD02841,04-06-2025,CUST1803,Angel Knight,Keyboard,Electronics,East,Kolkata,7,8400,1842.39
ORD02842,30-01-2025,CUST1064,Melissa Yang,Monitor,Electronics,East,Pune,8,96000,15755.19
ORD02843,14-09-2024,CUST1582,Michael Berg,Printer,Office Supplies,North,Bengaluru,1,9000,825.23
ORD02844,01-10-2024,CUST1073,Carol Christensen,Mouse,Electronics,North,Chennai,6,3000,496.25
ORD02845,06-08-2025,CUST1955,Richard Morales,Desk,Furniture,North,Kolkata,7,105000,10873.44
ORD02846,23-05-2025,CUST1366,Clinton Moore,Monitor,Electronics,South,Delhi,6,72000,10481.57
ORD02847,19-01-2024,CUST1259,Michael Suarez,Printer,Office Supplies,South,Kolkata,1,9000,1068.05
ORD02848,29-10-2025,CUST1508,Joy Zimmerman,Keyboard,Electronics,North,Bengaluru,1,1200,178.24
ORD02849,25-07-2024,CUST1585,Elizabeth Robinson,Mouse,Electronics,South,Kolkata,3,1500,291.88
ORD02850,24-10-2025,CUST1464,Kristen Jackson,Notebook,Office Supplies,West,Delhi,8,800,244.61
ORD02851,12-03-2025,CUST1502,David Williams,Printer,Office Supplies,West,Ahmedabad,4,36000,2680.26
ORD02852,29-10-2025,CUST1398,Stephen Ho,Mouse,Electronics,North,Hyderabad,3,1500,257.11
ORD02853,06-03-2025,CUST1360,Richard Day,Desk,Furniture,South,Ahmedabad,8,120000,15685.19
ORD02854,03-04-2024,CUST1645,Rodney Nichols,Chair,Furniture,West,Chennai,4,28000,5384.21
ORD02855,08-06-2025,CUST1688,Gregory Jacobs,Chair,Furniture,East,Bengaluru,4,28000,5029.68
ORD02856,11-06-2024,CUST1123,Bradley Thornton,Monitor,Electronics,North,Chennai,2,24000,2832.62
ORD02857,22-01-2025,CUST1278,Miranda Ortiz,Laptop,Electronics,East,Hyderabad,6,300000,53555.79
ORD02858,21-02-2024,CUST1001,Erika Brown,Chair,Furniture,South,Kolkata,8,56000,9857.86
ORD02859,11-07-2025,CUST1681,Samantha Robinson,Printer,Office Supplies,West,Hyderabad,7,63000,5567.32
ORD02860,30-08-2025,CUST1460,Cassandra Bonilla,Notebook,Office Supplies,East,Mumbai,5,500,156.52
ORD02861,21-12-2024,CUST1436,Veronica Osborne,Notebook,Office Supplies,North,Pune,4,400,111.77
ORD02862,07-09-2024,CUST1361,Ashley Reese,Desk,Furniture,East,Ahmedabad,1,15000,1284.9
ORD02863,30-01-2025,CUST1998,Matthew Berg,Printer,Office Supplies,East,Kolkata,4,36000,2601.29
ORD02864,22-04-2024,CUST1903,Kristen Montoya,Keyboard,Electronics,East,Bengaluru,8,9600,1852.47
ORD02865,20-02-2024,CUST1711,Derrick Perkins,Notebook,Office Supplies,East,Hyderabad,4,400,107.12
ORD02866,22-04-2024,CUST1165,Nicole Moore,Laptop,Electronics,South,Hyderabad,3,150000,24861.71
ORD02867,28-08-2024,CUST1080,Nicholas Richardson,Notebook,Office Supplies,East,Pune,4,400,114.71
ORD02868,15-10-2024,CUST1423,Anna White,Desk,Furniture,West,Ahmedabad,7,105000,11456.03
ORD02869,26-10-2024,CUST1763,Scott Lopez,Chair,Furniture,South,Pune,6,42000,12098.43
ORD02870,08-11-2024,CUST1626,Nicholas Holland Jr.,Chair,Furniture,North,Kolkata,2,14000,4112.58
ORD02871,21-09-2024,CUST1282,Christopher Long,Monitor,Electronics,West,Pune,4,48000,8641.94
ORD02872,27-09-2024,CUST1017,Andrea Jones,Monitor,Electronics,South,Bengaluru,5,60000,11036.2
ORD02873,27-05-2025,CUST1430,Terry Waller,Monitor,Electronics,South,Hyderabad,1,12000,1900.79
ORD02874,10-06-2024,CUST1106,Joseph Acosta,Monitor,Electronics,North,Hyderabad,5,60000,6838.7
ORD02875,27-04-2024,CUST1881,Lindsey Gray,Keyboard,Electronics,West,Delhi,1,1200,267.54
ORD02876,15-06-2025,CUST1356,Ronald Hines,Printer,Office Supplies,South,Pune,6,54000,4756.4
ORD02877,22-08-2025,CUST1135,Amanda Wright,Notebook,Office Supplies,South,Delhi,6,600,162.36
ORD02878,11-10-2024,CUST1580,Charles Burton,Monitor,Electronics,West,Pune,1,12000,1306.34
ORD02879,17-09-2025,CUST1228,Vincent Rosario,Notebook,Office Supplies,North,Delhi,2,200,47.34
ORD02880,27-04-2024,CUST1208,Noah Morgan,Keyboard,Electronics,West,Chennai,6,7200,1100.13
ORD02881,01-09-2025,CUST1401,Christina Castillo,Notebook,Office Supplies,South,Chennai,6,600,183.11
ORD02882,22-07-2025,CUST1962,Jill Martin,Desk,Furniture,West,Mumbai,8,120000,18407.6
ORD02883,04-01-2025,CUST1565,Christopher Brown,Monitor,Electronics,East,Ahmedabad,2,24000,3083.96
ORD02884,14-08-2024,CUST1086,Lori Martinez,Chair,Furniture,North,Ahmedabad,6,42000,9848.26
ORD02885,30-10-2024,CUST1911,Ashley Phillips,Desk,Furniture,South,Ahmedabad,1,15000,2215.82
ORD02886,18-05-2024,CUST1034,Sara Thomas,Notebook,Office Supplies,South,Ahmedabad,3,300,113.37
ORD02887,28-09-2024,CUST1416,Allison Simmons,Chair,Furniture,South,Mumbai,8,56000,12259.14
ORD02888,06-04-2025,CUST1731,Matthew Perez,Laptop,Electronics,West,Kolkata,5,250000,37763.75
ORD02889,28-10-2025,CUST1321,Janice Henson,Laptop,Electronics,South,Pune,1,50000,9281.71
ORD02890,31-10-2025,CUST1091,Ashley Jackson,Notebook,Office Supplies,West,Hyderabad,1,100,23.75
ORD02891,11-07-2024,CUST1038,Brian Sosa,Chair,Furniture,East,Ahmedabad,2,14000,3428.21
ORD02892,03-07-2025,CUST1812,Luis Wilson,Desk,Furniture,East,Delhi,1,15000,1427.58
ORD02893,16-09-2025,CUST1966,Tamara Huang,Keyboard,Electronics,East,Kolkata,3,3600,856.11
ORD02894,10-12-2024,CUST1747,Cassandra Moreno,Notebook,Office Supplies,South,Ahmedabad,6,600,145.57
ORD02895,05-06-2024,CUST1638,Meghan Hernandez,Monitor,Electronics,South,Delhi,3,36000,5465.82
ORD02896,14-02-2025,CUST1587,Elizabeth Roth,Keyboard,Electronics,North,Ahmedabad,1,1200,187.36
ORD02897,12-08-2024,CUST1202,Brian Hendricks,Monitor,Electronics,East,Kolkata,1,12000,1508.1
ORD02898,09-12-2025,CUST1125,Tasha Cochran,Printer,Office Supplies,West,Hyderabad,8,72000,5332.55
ORD02899,13-03-2025,CUST1145,Angela Smith,Desk,Furniture,West,Chennai,1,15000,1732.54
ORD02900,28-02-2024,CUST1177,Brittany Rios,Desk,Furniture,East,Chennai,4,60000,8922.15
ORD02901,26-06-2024,CUST1932,James Griffith,Monitor,Electronics,South,Pune,1,12000,1344.5
ORD02902,09-08-2024,CUST1277,Karen Jones,Printer,Office Supplies,South,Delhi,3,27000,2270.68
ORD02903,18-08-2025,CUST1828,Tina Ramirez,Keyboard,Electronics,North,Mumbai,5,6000,1170.09
ORD02904,08-11-2025,CUST1816,Zachary White,Printer,Office Supplies,South,Pune,3,27000,3441.33
ORD02905,27-02-2025,CUST1938,Francisco Coleman,Laptop,Electronics,East,Hyderabad,6,300000,39695.07
ORD02906,08-12-2025,CUST1507,Jennifer Leon,Mouse,Electronics,East,Pune,8,4000,955.08
ORD02907,07-09-2025,CUST1958,Robert Valdez,Notebook,Office Supplies,South,Pune,2,200,64.4
ORD02908,08-07-2025,CUST1232,Jason Crawford,Laptop,Electronics,West,Bengaluru,7,350000,57698.96
ORD02909,06-03-2024,CUST1184,Kim Underwood,Printer,Office Supplies,South,Chennai,3,27000,2439.96
ORD02910,30-06-2025,CUST1288,Kevin Fisher,Laptop,Electronics,East,Bengaluru,6,300000,50282.99
ORD02911,11-07-2024,CUST1462,Melissa Goodman,Monitor,Electronics,North,Bengaluru,8,96000,12232.26
ORD02912,18-02-2024,CUST1122,Cynthia Smith,Mouse,Electronics,West,Delhi,3,1500,247.74
ORD02913,20-07-2025,CUST1425,Alicia Grant DVM,Monitor,Electronics,North,Mumbai,6,72000,13926.73
ORD02914,11-05-2025,CUST1298,Amy Bailey,Printer,Office Supplies,North,Ahmedabad,1,9000,1096
ORD02915,26-09-2025,CUST1632,Sharon Fuentes,Keyboard,Electronics,East,Chennai,6,7200,1097.48
ORD02916,22-04-2024,CUST1505,Charles Castaneda,Keyboard,Electronics,North,Bengaluru,6,7200,1643.23
ORD02917,01-02-2025,CUST1766,Susan Sanchez,Keyboard,Electronics,East,Ahmedabad,3,3600,895.1
ORD02918,22-01-2024,CUST1369,Amy Taylor,Monitor,Electronics,East,Bengaluru,8,96000,11650.65
ORD02919,20-01-2025,CUST1695,Michele Bennett,Keyboard,Electronics,East,Pune,2,2400,444.2
ORD02920,02-01-2024,CUST1708,Vincent Watson,Notebook,Office Supplies,South,Ahmedabad,4,400,149.43
ORD02921,19-01-2024,CUST1312,Mary Jones,Chair,Furniture,West,Chennai,5,35000,7710.72
ORD02922,19-06-2024,CUST1010,Sheila Johnson,Laptop,Electronics,East,Kolkata,5,250000,44044.87
ORD02923,16-11-2024,CUST1194,Bob Jones,Desk,Furniture,West,Hyderabad,2,30000,3842.09
ORD02924,11-10-2025,CUST1673,Robin Hernandez,Chair,Furniture,South,Bengaluru,3,21000,4926.37
ORD02925,08-07-2024,CUST1463,Patrick Adkins,Desk,Furniture,West,Hyderabad,7,105000,10582.78
ORD02926,02-01-2025,CUST1580,Elizabeth Jenkins,Desk,Furniture,South,Delhi,3,45000,4298.46
ORD02927,23-12-2024,CUST1555,Richard Dominguez,Notebook,Office Supplies,North,Bengaluru,2,200,73.89
ORD02928,09-08-2025,CUST1742,Christopher Ibarra,Keyboard,Electronics,South,Bengaluru,1,1200,262.19
ORD02929,24-02-2025,CUST1223,Paul Gordon,Chair,Furniture,North,Bengaluru,2,14000,2599.81
ORD02930,18-12-2025,CUST1595,Ronnie Frazier,Desk,Furniture,West,Ahmedabad,6,90000,12468.28
ORD02931,06-06-2024,CUST1661,Kristen Gallegos,Notebook,Office Supplies,West,Bengaluru,4,400,117.36
ORD02932,21-01-2025,CUST1077,Kathryn Fletcher,Chair,Furniture,East,Pune,3,21000,3809.65
ORD02933,28-07-2024,CUST1741,Christopher Dudley,Laptop,Electronics,North,Ahmedabad,6,300000,40945.91
ORD02934,01-07-2025,CUST1872,Vanessa Martinez,Laptop,Electronics,South,Bengaluru,1,50000,7772.1
ORD02935,04-06-2024,CUST1096,Manuel Robinson,Mouse,Electronics,South,Mumbai,2,1000,177.33
ORD02936,25-04-2024,CUST1728,Paul Hansen,Desk,Furniture,East,Bengaluru,5,75000,9061.35
ORD02937,15-02-2025,CUST1305,Rose Mcdonald,Notebook,Office Supplies,North,Mumbai,7,700,214.51
ORD02938,04-07-2025,CUST1059,Martin Wilcox,Mouse,Electronics,West,Pune,6,3000,565.81
ORD02939,20-11-2025,CUST1000,Robert Lucas,Chair,Furniture,North,Kolkata,3,21000,6312.09
ORD02940,21-06-2025,CUST1491,Brian Miller,Keyboard,Electronics,South,Chennai,8,9600,1853.47
ORD02941,15-10-2024,CUST1968,Sarah Johnson,Desk,Furniture,West,Pune,7,105000,13641.81
ORD02942,10-08-2024,CUST1303,Joshua Jones,Mouse,Electronics,South,Mumbai,7,3500,873.59
ORD02943,02-07-2024,CUST1076,Nicole Parker,Keyboard,Electronics,South,Bengaluru,7,8400,1991.13
ORD02944,16-02-2024,CUST1291,Margaret Johnson,Laptop,Electronics,South,Pune,5,250000,50134.78
ORD02945,12-05-2025,CUST1960,William Cunningham,Monitor,Electronics,North,Mumbai,2,24000,3127.83
ORD02946,20-02-2025,CUST1602,Rachel Williams,Printer,Office Supplies,East,Mumbai,8,72000,5702.79
ORD02947,16-07-2025,CUST1020,Tony Smith,Keyboard,Electronics,North,Ahmedabad,4,4800,735.87
ORD02948,05-12-2025,CUST1763,Douglas Sanders,Notebook,Office Supplies,South,Delhi,7,700,198.64
ORD02949,20-07-2024,CUST1765,Paul Swanson,Laptop,Electronics,South,Chennai,1,50000,8178.31
ORD02950,08-04-2024,CUST1003,Michele Davis,Monitor,Electronics,East,Delhi,7,84000,10245.45
ORD02951,26-06-2025,CUST1920,Patrick Garcia,Desk,Furniture,South,Delhi,3,45000,4655.3
ORD02952,22-09-2025,CUST1175,Brittany Matthews,Desk,Furniture,North,Delhi,3,45000,6776.69
ORD02953,18-03-2025,CUST1167,Kevin Christian,Printer,Office Supplies,West,Kolkata,7,63000,6428.45
ORD02954,23-07-2025,CUST1910,Christian Ford,Monitor,Electronics,South,Kolkata,4,48000,5805.98
ORD02955,21-02-2025,CUST1921,Anna Higgins,Monitor,Electronics,North,Chennai,4,48000,8558.89
ORD02956,10-04-2025,CUST1107,Rhonda Pena,Mouse,Electronics,South,Kolkata,7,3500,620.79
ORD02957,17-03-2024,CUST1194,Candace Stuart,Chair,Furniture,South,Bengaluru,2,14000,2451.72
ORD02958,05-06-2024,CUST1101,Monica Curtis,Monitor,Electronics,South,Chennai,4,48000,8136.99
ORD02959,05-03-2024,CUST1541,Gloria Floyd,Keyboard,Electronics,West,Chennai,8,9600,2193.22
ORD02960,08-05-2025,CUST1504,Isaac Chase,Laptop,Electronics,West,Mumbai,7,350000,80110.83
ORD02961,14-01-2025,CUST1845,Steven Schroeder,Laptop,Electronics,South,Delhi,7,350000,72658.57
ORD02962,17-03-2024,CUST1636,Daniel Bishop,Mouse,Electronics,South,Hyderabad,5,2500,466.63
ORD02963,30-05-2025,CUST1711,Christian Burton,Printer,Office Supplies,North,Chennai,7,63000,4851.42
ORD02964,02-11-2024,CUST1358,Robert Thomas PhD,Notebook,Office Supplies,West,Bengaluru,4,400,122.95
ORD02965,20-01-2025,CUST1377,Tracy Harrington,Laptop,Electronics,West,Kolkata,3,150000,30264.22
ORD02966,06-04-2024,CUST1141,Brandon Edwards,Keyboard,Electronics,East,Hyderabad,6,7200,1504.58
ORD02967,30-08-2025,CUST1579,Candice Ramirez,Monitor,Electronics,South,Chennai,5,60000,9630.41
ORD02968,18-11-2025,CUST1445,Brandon White,Desk,Furniture,North,Hyderabad,4,60000,7642.13
ORD02969,14-09-2025,CUST1023,Deanna Kennedy,Chair,Furniture,West,Pune,3,21000,5499.89
ORD02970,25-02-2025,CUST1433,Shawn Santos,Printer,Office Supplies,East,Mumbai,3,27000,3129.03
ORD02971,29-07-2025,CUST1003,Caleb Carroll,Printer,Office Supplies,West,Pune,7,63000,6241.15
ORD02972,03-12-2025,CUST1632,Scott Morales,Printer,Office Supplies,East,Kolkata,5,45000,4659.7
ORD02973,17-07-2024,CUST1821,Sylvia Anderson,Chair,Furniture,East,Mumbai,2,14000,4452.58
ORD02974,14-04-2025,CUST1531,Ryan Crane,Notebook,Office Supplies,East,Ahmedabad,8,800,202.92
ORD02975,26-10-2024,CUST1795,Michael Hunter,Notebook,Office Supplies,North,Pune,2,200,77.9
ORD02976,11-09-2025,CUST1170,Shawn Fleming,Chair,Furniture,West,Delhi,6,42000,7412.22
ORD02977,02-02-2024,CUST1167,Maria Figueroa,Desk,Furniture,West,Bengaluru,3,45000,4163.19
ORD02978,23-10-2024,CUST1566,Roberto Smith,Printer,Office Supplies,North,Delhi,1,9000,844.22
ORD02979,15-09-2024,CUST1367,Donna Moore,Keyboard,Electronics,North,Ahmedabad,5,6000,1224.94
ORD02980,12-02-2024,CUST1337,Benjamin Price,Laptop,Electronics,West,Pune,4,200000,44098.58
ORD02981,18-04-2024,CUST1566,Brandon Owens,Monitor,Electronics,East,Kolkata,8,96000,12342.92
ORD02982,02-04-2025,CUST1807,Stephanie Marshall,Monitor,Electronics,East,Delhi,1,12000,1421.33
ORD02983,26-11-2025,CUST1353,Nicholas Lowery,Laptop,Electronics,West,Kolkata,1,50000,7449.41
ORD02984,18-01-2024,CUST1933,Patricia Gonzalez,Mouse,Electronics,East,Kolkata,6,3000,717.44
ORD02985,01-08-2025,CUST1196,Evan Davies,Chair,Furniture,West,Pune,2,14000,3621.71
ORD02986,29-05-2025,CUST1779,Dr. John Ramirez,Notebook,Office Supplies,West,Delhi,8,800,250.01
ORD02987,20-10-2025,CUST1822,Christopher Harrison,Mouse,Electronics,North,Delhi,8,4000,701.53
ORD02988,05-12-2025,CUST1125,Erica Johnson,Mouse,Electronics,North,Ahmedabad,4,2000,420.92
ORD02989,15-09-2024,CUST1134,Jamie Mayer,Chair,Furniture,North,Kolkata,5,35000,7715.83
ORD02990,08-03-2025,CUST1572,Jeffrey Kennedy,Printer,Office Supplies,West,Chennai,5,45000,4946.22
ORD02991,21-01-2025,CUST1145,Sean Cisneros,Keyboard,Electronics,South,Mumbai,5,6000,1516.8
ORD02992,22-03-2025,CUST1893,Debra Reid,Desk,Furniture,West,Bengaluru,6,90000,11521.11
ORD02993,07-07-2024,CUST1961,Benjamin Sullivan,Desk,Furniture,South,Mumbai,7,105000,14626.98
ORD02994,12-10-2025,CUST1663,Michael Savage,Laptop,Electronics,East,Hyderabad,6,300000,45443.54
ORD02995,06-05-2025,CUST1922,Mckenzie Green,Laptop,Electronics,West,Pune,5,250000,44970.41
ORD02996,16-08-2024,CUST1615,Anna Valenzuela,Chair,Furniture,West,Chennai,6,42000,9695.9
ORD02997,25-08-2024,CUST1547,Paul Martin,Keyboard,Electronics,South,Chennai,2,2400,580.25
ORD02998,20-05-2024,CUST1294,Jason Alvarez,Laptop,Electronics,East,Chennai,8,400000,86274.87
ORD02999,02-09-2025,CUST1057,Caitlyn Horton,Monitor,Electronics,North,Ahmedabad,2,24000,2879.04
ORD03000,03-04-2024,CUST1952,Michael Price,Notebook,Office Supplies,North,Hyderabad,3,300,98.55
ORD03001,19-04-2025,CUST1506,Richard Harper,Monitor,Electronics,South,Kolkata,3,36000,5831.92
ORD03002,23-07-2025,CUST1328,Michael Jensen,Chair,Furniture,East,Chennai,4,28000,7493.44
ORD03003,08-11-2024,CUST1174,William Mcmillan,Keyboard,Electronics,East,Bengaluru,3,3600,756.48
ORD03004,29-05-2025,CUST1335,Nancy Stewart,Desk,Furniture,West,Chennai,2,30000,3397.13
ORD03005,10-12-2024,CUST1938,Jimmy Hernandez,Mouse,Electronics,North,Delhi,8,4000,651.14
ORD03006,21-09-2024,CUST1458,Ashley Cordova,Desk,Furniture,West,Pune,5,75000,9536.15
ORD03007,09-01-2025,CUST1653,Joseph Smith,Chair,Furniture,South,Chennai,8,56000,11734.7
ORD03008,25-06-2025,CUST1749,Ronnie Martinez,Keyboard,Electronics,East,Mumbai,5,6000,1155.62
ORD03009,03-11-2024,CUST1719,Wayne Davis,Printer,Office Supplies,West,Ahmedabad,2,18000,1644.92
ORD03010,09-09-2025,CUST1208,William Fisher,Chair,Furniture,North,Chennai,5,35000,10573.88
ORD03011,01-02-2024,CUST1227,Carol Gray,Monitor,Electronics,South,Mumbai,8,96000,14491.11
ORD03012,11-03-2024,CUST1704,Tristan Bonilla,Monitor,Electronics,South,Ahmedabad,7,84000,9448.58
ORD03013,09-06-2025,CUST1485,Alexis Cervantes,Keyboard,Electronics,South,Mumbai,7,8400,2119.83
ORD03014,01-05-2025,CUST1201,Steven Shaw,Desk,Furniture,North,Pune,3,45000,5334.94
ORD03015,05-03-2024,CUST1320,Melissa Banks,Notebook,Office Supplies,South,Mumbai,3,300,80.06
ORD03016,07-11-2025,CUST1217,Jason Bell,Printer,Office Supplies,East,Ahmedabad,5,45000,4253.2
ORD03017,01-08-2025,CUST1884,Kelly Hubbard,Printer,Office Supplies,North,Chennai,1,9000,684.82
ORD03018,12-10-2024,CUST1890,Christopher Patterson,Notebook,Office Supplies,West,Hyderabad,8,800,195.07
ORD03019,22-01-2025,CUST1955,Kurt Daniels,Mouse,Electronics,South,Kolkata,8,4000,849.74
ORD03020,09-02-2025,CUST1139,Ryan Barker,Mouse,Electronics,East,Kolkata,5,2500,459.08
ORD03021,15-12-2024,CUST1053,Douglas Oliver,Notebook,Office Supplies,North,Delhi,5,500,192.45
ORD03022,21-07-2025,CUST1348,Shannon Cowan,Mouse,Electronics,West,Ahmedabad,1,500,112.13
ORD03023,01-12-2025,CUST1725,Ashley Banks,Laptop,Electronics,East,Bengaluru,4,200000,43185.46
ORD03024,23-02-2025,CUST1679,Jennifer Crawford,Mouse,Electronics,East,Pune,2,1000,225.32
ORD03025,10-06-2025,CUST1795,Tammy Garcia,Keyboard,Electronics,East,Hyderabad,5,6000,1120.7
ORD03026,14-01-2025,CUST1843,Kevin Johnson,Desk,Furniture,West,Chennai,8,120000,11554.82
ORD03027,23-04-2024,CUST1862,Jason Walker,Desk,Furniture,North,Bengaluru,3,45000,6843.25
ORD03028,20-08-2025,CUST1473,James Gonzalez,Keyboard,Electronics,North,Bengaluru,2,2400,463.04
ORD03029,07-04-2025,CUST1920,Caleb Ponce,Chair,Furniture,North,Hyderabad,4,28000,7585.05
ORD03030,25-06-2025,CUST1306,Jennifer Hoover,Laptop,Electronics,East,Chennai,6,300000,62119.85
ORD03031,30-07-2024,CUST1435,Natalie Smith,Mouse,Electronics,West,Bengaluru,5,2500,647.29
ORD03032,10-08-2024,CUST1653,Danny Campbell,Notebook,Office Supplies,North,Ahmedabad,2,200,44.99
ORD03033,26-04-2024,CUST1793,Deborah Roberson,Desk,Furniture,North,Ahmedabad,7,105000,15237.84
ORD03034,10-12-2024,CUST1590,Jennifer Allen,Printer,Office Supplies,North,Delhi,2,18000,1557.11
ORD03035,13-08-2025,CUST1048,Jennifer Smith,Keyboard,Electronics,East,Chennai,2,2400,464.24
ORD03036,22-08-2025,CUST1212,James Montoya,Keyboard,Electronics,South,Chennai,7,8400,2108.01
ORD03037,05-07-2025,CUST1768,Lindsay Rogers,Mouse,Electronics,North,Hyderabad,6,3000,756.83
ORD03038,20-11-2025,CUST1404,Wendy Allen,Laptop,Electronics,North,Mumbai,6,300000,44123.15
ORD03039,22-03-2024,CUST1010,Cheryl Newman,Mouse,Electronics,South,Bengaluru,4,2000,515.84
ORD03040,18-11-2024,CUST1357,Rebecca Lane,Printer,Office Supplies,North,Ahmedabad,5,45000,3512.88
ORD03041,07-12-2025,CUST1543,Mark Madden,Notebook,Office Supplies,East,Mumbai,1,100,31.33
ORD03042,03-03-2024,CUST1900,Tanner Holmes,Mouse,Electronics,South,Pune,1,500,95.7
ORD03043,12-03-2024,CUST1927,Brett Owen,Monitor,Electronics,East,Hyderabad,8,96000,11864.89
ORD03044,23-05-2024,CUST1936,Lynn Mueller,Monitor,Electronics,West,Mumbai,7,84000,14546.9
ORD03045,05-09-2025,CUST1410,Lori Green,Monitor,Electronics,South,Ahmedabad,6,72000,10862.58
ORD03046,02-03-2024,CUST1721,Tiffany Harris,Desk,Furniture,North,Chennai,4,60000,8489.43
ORD03047,10-10-2025,CUST1978,Jeffrey Fuller,Desk,Furniture,East,Hyderabad,7,105000,9503.03
ORD03048,30-01-2025,CUST1840,Alyssa Zimmerman,Monitor,Electronics,West,Ahmedabad,2,24000,3925.43
ORD03049,28-04-2024,CUST1103,Angela Reyes,Printer,Office Supplies,West,Pune,3,27000,2468.45
ORD03050,20-09-2025,CUST1043,Bianca Chavez,Monitor,Electronics,South,Ahmedabad,7,84000,16051.28
ORD03051,29-01-2024,CUST1875,Heather Allen,Printer,Office Supplies,South,Kolkata,8,72000,5824.99
ORD03052,12-09-2024,CUST1302,Elizabeth Nichols,Notebook,Office Supplies,South,Mumbai,7,700,147.59
ORD03053,22-12-2025,CUST1699,Richard Hartman,Notebook,Office Supplies,West,Mumbai,5,500,128.08
ORD03054,14-12-2025,CUST1472,Mary Hill,Laptop,Electronics,East,Ahmedabad,2,100000,19333.28
ORD03055,28-09-2024,CUST1043,Lori Little,Desk,Furniture,East,Mumbai,5,75000,8511.81
ORD03056,13-07-2025,CUST1001,Ashley Stevens,Laptop,Electronics,South,Hyderabad,4,200000,39656.42
ORD03057,13-05-2025,CUST1429,Ashley Campbell,Monitor,Electronics,South,Kolkata,1,12000,1545.18
ORD03058,22-09-2024,CUST1692,Anna Snyder,Keyboard,Electronics,East,Hyderabad,2,2400,411.83
ORD03059,04-08-2024,CUST1948,Ryan Myers,Mouse,Electronics,North,Kolkata,4,2000,464.28
ORD03060,23-09-2024,CUST1711,Alex Jones DVM,Laptop,Electronics,North,Bengaluru,7,350000,62822.23
ORD03061,05-06-2025,CUST1465,Michael Brooks,Keyboard,Electronics,East,Chennai,5,6000,1515.71
ORD03062,30-08-2024,CUST1851,Terry Stokes,Desk,Furniture,East,Hyderabad,2,30000,4368.27
ORD03063,29-09-2024,CUST1909,Adam White,Keyboard,Electronics,South,Delhi,8,9600,1486.03
ORD03064,27-01-2025,CUST1859,Lisa Johnson,Notebook,Office Supplies,East,Delhi,2,200,70.4
ORD03065,27-08-2025,CUST1515,Wendy Webb,Monitor,Electronics,North,Hyderabad,5,60000,11414.4
ORD03066,02-01-2025,CUST1984,Kimberly Moore,Monitor,Electronics,South,Ahmedabad,8,96000,13909.14
ORD03067,01-05-2025,CUST1460,Tammy Lee,Monitor,Electronics,North,Pune,7,84000,10966.77
ORD03068,11-09-2025,CUST1012,Alexander Hunt,Mouse,Electronics,North,Chennai,4,2000,497.41
ORD03069,09-07-2024,CUST1558,Sean Wilson,Monitor,Electronics,South,Kolkata,7,84000,16148.09
ORD03070,19-06-2024,CUST1993,Garrett Robinson,Keyboard,Electronics,North,Pune,6,7200,1236.53
ORD03071,26-08-2024,CUST1915,Teresa Adams,Mouse,Electronics,North,Delhi,3,1500,401.75
ORD03072,08-01-2024,CUST1274,Dr. Gregory Arnold,Desk,Furniture,East,Mumbai,8,120000,14070.17
ORD03073,21-05-2025,CUST1706,Patrick Simpson,Laptop,Electronics,East,Mumbai,1,50000,10119.29
ORD03074,02-09-2024,CUST1860,Jennifer Lee,Monitor,Electronics,North,Delhi,3,36000,4657.14
ORD03075,11-10-2025,CUST1945,Michael Clay,Printer,Office Supplies,South,Bengaluru,5,45000,3416.73
ORD03076,25-07-2025,CUST1486,James Silva,Chair,Furniture,South,Kolkata,8,56000,10036.55
ORD03077,30-06-2024,CUST1382,Emily Bauer,Chair,Furniture,North,Hyderabad,7,49000,10079.44
ORD03078,15-01-2024,CUST1271,Katherine Andrade,Chair,Furniture,South,Bengaluru,3,21000,4259.39
ORD03079,28-09-2025,CUST1052,Paul Cabrera,Notebook,Office Supplies,North,Ahmedabad,2,200,45.88
ORD03080,11-04-2024,CUST1704,Lisa Patterson,Chair,Furniture,West,Ahmedabad,7,49000,12439.93
ORD03081,13-07-2025,CUST1408,Jacqueline Chen,Laptop,Electronics,West,Bengaluru,8,400000,50918.37
ORD03082,02-02-2024,CUST1608,Christopher Johnson,Laptop,Electronics,East,Ahmedabad,3,150000,31520.38
ORD03083,12-03-2024,CUST1584,Laurie Carter,Notebook,Office Supplies,East,Ahmedabad,7,700,237.9
ORD03084,21-04-2025,CUST1487,Maria Sanford,Notebook,Office Supplies,East,Delhi,1,100,21.18
ORD03085,19-05-2024,CUST1341,Allen White,Laptop,Electronics,North,Delhi,2,100000,17945.27
ORD03086,01-04-2024,CUST1194,Richard Howard,Printer,Office Supplies,North,Hyderabad,4,36000,3849.13
ORD03087,28-07-2024,CUST1553,Matthew Watson,Keyboard,Electronics,West,Delhi,3,3600,544.4
ORD03088,22-05-2025,CUST1145,Barbara Flores,Printer,Office Supplies,South,Mumbai,2,18000,1967.49
ORD03089,27-12-2025,CUST1792,Gary Marshall,Laptop,Electronics,East,Kolkata,5,250000,40037.76
ORD03090,20-06-2024,CUST1560,Stephanie Hoffman,Mouse,Electronics,North,Hyderabad,8,4000,674.59
ORD03091,07-09-2024,CUST1416,Lance Rose,Laptop,Electronics,North,Bengaluru,8,400000,61495.29
ORD03092,14-05-2024,CUST1188,Donald Franklin,Monitor,Electronics,East,Bengaluru,5,60000,7882.93
ORD03093,16-12-2024,CUST1185,Shannon Jones,Mouse,Electronics,South,Pune,7,3500,546.11
ORD03094,11-11-2025,CUST1747,Jennifer Avila,Mouse,Electronics,North,Pune,3,1500,419.96
ORD03095,30-04-2025,CUST1904,Francisco Gonzalez,Chair,Furniture,South,Kolkata,8,56000,16501.82
ORD03096,06-03-2025,CUST1656,Kathleen Mooney,Laptop,Electronics,East,Chennai,4,200000,39767.1
ORD03097,26-04-2025,CUST1418,Caleb Jackson,Mouse,Electronics,North,Hyderabad,4,2000,551.66
ORD03098,24-11-2025,CUST1137,James Ray,Chair,Furniture,East,Chennai,1,7000,2244.04
ORD03099,07-02-2024,CUST1134,Mason Chase,Desk,Furniture,North,Mumbai,6,90000,8285.41
ORD03100,03-07-2025,CUST1595,Susan Mitchell DVM,Mouse,Electronics,North,Bengaluru,6,3000,840.21
ORD03101,20-12-2025,CUST1292,Steven Hull,Notebook,Office Supplies,West,Pune,7,700,272.16
ORD03102,10-06-2025,CUST1690,Matthew Jones,Printer,Office Supplies,West,Bengaluru,7,63000,7400.6
ORD03103,01-03-2024,CUST1929,Robert Cummings,Monitor,Electronics,North,Pune,8,96000,13357.75
ORD03104,07-06-2025,CUST1767,Paul Ross,Chair,Furniture,South,Hyderabad,8,56000,11974.07
ORD03105,17-05-2025,CUST1298,Emily Salazar,Mouse,Electronics,South,Mumbai,2,1000,229.49
ORD03106,17-02-2025,CUST1584,Michael Gibson,Notebook,Office Supplies,South,Kolkata,5,500,108.93
ORD03107,23-08-2024,CUST1285,Tracy Martinez,Keyboard,Electronics,East,Kolkata,4,4800,1124.4
ORD03108,10-02-2024,CUST1516,Luke Johnson,Chair,Furniture,South,Mumbai,8,56000,17734.21
ORD03109,18-03-2025,CUST1191,Adam Garcia,Monitor,Electronics,South,Delhi,7,84000,11228.32
ORD03110,23-07-2024,CUST1761,Michael Graham,Keyboard,Electronics,West,Bengaluru,2,2400,623.39
ORD03111,02-01-2024,CUST1899,Corey Barrera,Laptop,Electronics,South,Ahmedabad,6,300000,67046.26
ORD03112,15-07-2025,CUST1531,Steven Mayo,Laptop,Electronics,West,Ahmedabad,1,50000,6411.35
ORD03113,30-08-2025,CUST1113,Shawna Green,Chair,Furniture,North,Delhi,7,49000,11907.76
ORD03114,19-02-2025,CUST1817,Ashley Valentine,Mouse,Electronics,North,Delhi,2,1000,187.28
ORD03115,04-10-2025,CUST1155,Gary Salazar,Mouse,Electronics,South,Bengaluru,7,3500,801.29
ORD03116,18-08-2025,CUST1689,Debra Jackson,Printer,Office Supplies,West,Delhi,4,36000,4537.05
ORD03117,10-12-2024,CUST1307,Joe Martinez,Notebook,Office Supplies,North,Kolkata,1,100,30.75
ORD03118,11-02-2024,CUST1051,Nicole Barron,Printer,Office Supplies,North,Pune,5,45000,4198.97
ORD03119,09-04-2024,CUST1740,Jennifer Griffin,Monitor,Electronics,South,Hyderabad,4,48000,6917.31
ORD03120,28-03-2024,CUST1325,Joseph Lane,Mouse,Electronics,North,Chennai,2,1000,223.09
ORD03121,10-08-2025,CUST1985,Vanessa Morris,Chair,Furniture,East,Bengaluru,6,42000,10507.87
ORD03122,11-11-2025,CUST1012,Courtney Baker,Laptop,Electronics,North,Chennai,4,200000,38935.91
ORD03123,11-10-2024,CUST1422,Bradley Hansen,Monitor,Electronics,West,Delhi,6,72000,12501.9
ORD03124,11-08-2025,CUST1621,Mary Moss,Printer,Office Supplies,East,Pune,6,54000,4995.2
ORD03125,31-05-2024,CUST1733,Blake Bonilla,Chair,Furniture,North,Mumbai,7,49000,11749.78
ORD03126,21-10-2025,CUST1738,Adam Robinson,Laptop,Electronics,North,Bengaluru,3,150000,23225.34
ORD03127,30-10-2025,CUST1227,Chelsea Garcia,Mouse,Electronics,West,Pune,3,1500,413.29
ORD03128,04-02-2025,CUST1144,Kevin Rose,Laptop,Electronics,North,Chennai,3,150000,34467.75
ORD03129,28-11-2024,CUST1926,Paige Collins,Mouse,Electronics,South,Hyderabad,8,4000,754.38
ORD03130,16-07-2024,CUST1421,Christian Wagner,Monitor,Electronics,East,Bengaluru,6,72000,11688.88
ORD03131,18-01-2024,CUST1008,Colleen Cox,Monitor,Electronics,East,Mumbai,6,72000,14012.43
ORD03132,27-07-2025,CUST1973,Shawna Palmer,Keyboard,Electronics,South,Chennai,2,2400,621.84
ORD03133,12-03-2024,CUST1643,Chelsea Ramirez,Mouse,Electronics,South,Chennai,2,1000,244.63
ORD03134,11-02-2025,CUST1117,Eric Kane,Desk,Furniture,North,Delhi,1,15000,1569.81
ORD03135,27-09-2024,CUST1436,Bridget Walter,Printer,Office Supplies,West,Delhi,3,27000,2244.88
ORD03136,05-09-2024,CUST1534,Cynthia Shannon,Laptop,Electronics,South,Hyderabad,2,100000,13980.1
ORD03137,28-06-2024,CUST1205,Allen Stanley,Mouse,Electronics,South,Kolkata,1,500,82.92
ORD03138,31-01-2024,CUST1670,Derek Mcintosh,Mouse,Electronics,East,Chennai,6,3000,497.47
ORD03139,21-03-2025,CUST1769,Jeffrey Hernandez,Laptop,Electronics,East,Ahmedabad,8,400000,82170.51
ORD03140,17-02-2024,CUST1993,Katie Brown,Chair,Furniture,East,Bengaluru,5,35000,8129.64
ORD03141,12-08-2024,CUST1872,Brent Wong,Keyboard,Electronics,East,Kolkata,8,9600,1826.64
ORD03142,06-12-2024,CUST1242,Jenny Carter,Laptop,Electronics,North,Chennai,2,100000,19318.02
ORD03143,12-11-2024,CUST1503,Kirk Moreno,Printer,Office Supplies,South,Pune,4,36000,4602.32
ORD03144,07-03-2025,CUST1085,Jeffrey Maldonado DDS,Monitor,Electronics,West,Kolkata,6,72000,11178.01
ORD03145,13-04-2024,CUST1767,Colleen Brown,Keyboard,Electronics,South,Hyderabad,3,3600,910.17
ORD03146,04-01-2024,CUST1521,Derek Jones,Keyboard,Electronics,West,Kolkata,7,8400,1632.69
ORD03147,13-02-2025,CUST1975,Darrell Oliver,Notebook,Office Supplies,South,Bengaluru,6,600,226.64
ORD03148,28-09-2025,CUST1900,Jenna Garcia,Chair,Furniture,West,Kolkata,2,14000,4458.42
ORD03149,27-10-2024,CUST1484,Sherry Adams,Printer,Office Supplies,West,Mumbai,5,45000,5283.29
ORD03150,05-01-2025,CUST1015,Richard Bailey,Keyboard,Electronics,North,Kolkata,1,1200,260.03
ORD03151,09-05-2025,CUST1308,Kyle Gross,Mouse,Electronics,South,Bengaluru,5,2500,550.2
ORD03152,02-08-2024,CUST1314,Jonathan Graves,Monitor,Electronics,North,Pune,6,72000,13159.33
ORD03153,23-04-2024,CUST1154,Eric Knox,Notebook,Office Supplies,North,Chennai,7,700,216.01
ORD03154,30-12-2024,CUST1167,Ethan Jones,Notebook,Office Supplies,East,Pune,5,500,159.41
ORD03155,06-11-2025,CUST1707,Steven Thomas,Keyboard,Electronics,East,Pune,1,1200,307.67
ORD03156,28-12-2025,CUST1627,John Cook,Mouse,Electronics,West,Ahmedabad,2,1000,167.34
ORD03157,03-01-2024,CUST1877,Dennis Jones,Mouse,Electronics,West,Ahmedabad,3,1500,322.79
ORD03158,23-08-2025,CUST1807,Sarah Wheeler,Chair,Furniture,East,Bengaluru,4,28000,6316.93
ORD03159,05-03-2025,CUST1549,Lauren Freeman,Mouse,Electronics,North,Kolkata,5,2500,578.61
ORD03160,19-01-2024,CUST1355,Brian Fuentes,Notebook,Office Supplies,North,Mumbai,5,500,182.96
ORD03161,14-01-2025,CUST1318,Wanda Conley,Laptop,Electronics,South,Pune,3,150000,20375.95
ORD03162,31-01-2024,CUST1121,Carol Thomas,Mouse,Electronics,West,Delhi,3,1500,279.93
ORD03163,02-09-2024,CUST1508,Eric Fitzgerald,Chair,Furniture,South,Mumbai,7,49000,8605.81
ORD03164,26-07-2024,CUST1167,Nicholas Fritz,Notebook,Office Supplies,North,Ahmedabad,1,100,38.77
ORD03165,29-08-2025,CUST1637,John Diaz,Mouse,Electronics,North,Mumbai,8,4000,906.8
ORD03166,14-01-2024,CUST1214,Harold Mckinney,Mouse,Electronics,East,Hyderabad,5,2500,395.7
ORD03167,07-12-2025,CUST1508,Patricia Vincent,Mouse,Electronics,North,Hyderabad,4,2000,336.23
ORD03168,17-04-2024,CUST1905,Linda Rodriguez,Notebook,Office Supplies,West,Bengaluru,1,100,35.05
ORD03169,21-09-2024,CUST1100,Monica Smith,Desk,Furniture,East,Hyderabad,1,15000,2039.5
ORD03170,05-10-2025,CUST1123,Selena Hopkins,Desk,Furniture,North,Ahmedabad,6,90000,13529.79
ORD03171,26-06-2025,CUST1169,Jonathan Sanchez,Printer,Office Supplies,North,Delhi,6,54000,4504
ORD03172,23-11-2025,CUST1888,Valerie Howard,Printer,Office Supplies,West,Delhi,3,27000,2794.14
ORD03173,05-09-2025,CUST1778,Cheryl Blevins,Printer,Office Supplies,North,Ahmedabad,3,27000,3152.61
ORD03174,18-04-2024,CUST1436,Tracie Wiley,Printer,Office Supplies,North,Mumbai,2,18000,2281.13
ORD03175,26-07-2024,CUST1693,Stephanie Cole,Printer,Office Supplies,West,Pune,3,27000,2100.24
ORD03176,02-07-2025,CUST1202,Kelsey Baker,Printer,Office Supplies,West,Chennai,8,72000,8387.54
ORD03177,05-03-2025,CUST1573,Stacy Myers,Monitor,Electronics,North,Delhi,1,12000,1743.2
ORD03178,20-11-2025,CUST1740,Xavier Parker,Keyboard,Electronics,East,Chennai,5,6000,1233.86
ORD03179,28-10-2025,CUST1263,Joseph Cooper,Printer,Office Supplies,East,Ahmedabad,1,9000,637.95
ORD03180,09-07-2024,CUST1166,Jessica Gibson,Keyboard,Electronics,North,Kolkata,4,4800,1176.77
ORD03181,26-01-2025,CUST1564,Rebecca Roberts,Laptop,Electronics,East,Hyderabad,7,350000,66873.17
ORD03182,21-01-2024,CUST1398,Kathryn Jennings,Chair,Furniture,West,Chennai,7,49000,13472.91
ORD03183,01-05-2024,CUST1251,Chris Levy,Mouse,Electronics,East,Bengaluru,7,3500,825.32
ORD03184,28-04-2024,CUST1858,Mary Torres,Mouse,Electronics,West,Pune,6,3000,483.75
ORD03185,06-05-2025,CUST1950,Robert Smith,Keyboard,Electronics,North,Ahmedabad,7,8400,1249.28
ORD03186,26-10-2025,CUST1535,Douglas Watkins,Monitor,Electronics,East,Bengaluru,6,72000,7860.81
ORD03187,12-12-2025,CUST1115,Eric Jordan,Chair,Furniture,South,Bengaluru,4,28000,7851.83
ORD03188,13-08-2024,CUST1024,April King,Chair,Furniture,North,Pune,5,35000,8767.79
ORD03189,17-03-2024,CUST1833,Douglas Trevino,Mouse,Electronics,North,Chennai,7,3500,816.52
ORD03190,12-01-2025,CUST1933,Patricia Moore,Monitor,Electronics,North,Kolkata,1,12000,1419.15
ORD03191,17-07-2025,CUST1397,Devin Ferrell,Printer,Office Supplies,East,Kolkata,6,54000,6254.23
ORD03192,21-09-2025,CUST1883,Kevin Miller,Monitor,Electronics,East,Ahmedabad,4,48000,7924.67
ORD03193,29-11-2024,CUST1017,John Gomez,Chair,Furniture,North,Pune,2,14000,2646.29
ORD03194,08-06-2024,CUST1502,Mandy Henderson,Printer,Office Supplies,West,Mumbai,7,63000,5391.2
ORD03195,11-12-2024,CUST1328,Annette Green,Desk,Furniture,North,Bengaluru,8,120000,12212.2
ORD03196,03-12-2024,CUST1826,Eric Elliott,Mouse,Electronics,North,Bengaluru,8,4000,1095.22
ORD03197,24-05-2025,CUST1518,Erica Lane,Monitor,Electronics,North,Chennai,6,72000,12517.7
ORD03198,16-10-2025,CUST1046,Christina Taylor,Desk,Furniture,West,Bengaluru,5,75000,7135.73
ORD03199,29-10-2024,CUST1805,Elizabeth Miller,Monitor,Electronics,East,Kolkata,7,84000,8962.59
ORD03200,18-04-2025,CUST1479,Lori Gardner,Desk,Furniture,South,Delhi,5,75000,8583.4
ORD03201,28-01-2024,CUST1471,Shawn Kim,Desk,Furniture,South,Delhi,2,30000,3473.73
ORD03202,26-09-2024,CUST1772,Jeremy Edwards,Printer,Office Supplies,West,Ahmedabad,2,18000,1650.59
ORD03203,13-05-2025,CUST1325,Michelle Mcdonald,Printer,Office Supplies,East,Ahmedabad,1,9000,746.92
ORD03204,30-10-2024,CUST1841,Jason Jenkins,Laptop,Electronics,North,Pune,3,150000,33296.41
ORD03205,27-01-2025,CUST1051,Justin Bernard,Desk,Furniture,South,Bengaluru,8,120000,15883.65
ORD03206,07-02-2025,CUST1701,Peter Gilbert,Desk,Furniture,West,Bengaluru,5,75000,10461.12
ORD03207,03-11-2024,CUST1046,David Hunt,Printer,Office Supplies,West,Kolkata,3,27000,2789.1
ORD03208,01-04-2025,CUST1668,Joshua Cunningham,Notebook,Office Supplies,West,Ahmedabad,5,500,117.25
ORD03209,24-12-2025,CUST1211,Pedro Long,Keyboard,Electronics,East,Ahmedabad,8,9600,2433.33
ORD03210,21-05-2024,CUST1366,Aaron Aguirre,Notebook,Office Supplies,South,Ahmedabad,8,800,228.13
ORD03211,20-02-2025,CUST1917,Julia Brown,Notebook,Office Supplies,North,Pune,8,800,255.46
ORD03212,11-12-2025,CUST1342,Ronald Santos,Notebook,Office Supplies,East,Ahmedabad,4,400,96.7
ORD03213,27-01-2024,CUST1703,Brent Roberts,Chair,Furniture,South,Hyderabad,1,7000,1589.2
ORD03214,01-12-2024,CUST1610,Mr. Antonio Yang,Monitor,Electronics,West,Kolkata,7,84000,14431.06
ORD03215,29-11-2025,CUST1671,Nancy Brown,Chair,Furniture,East,Kolkata,1,7000,1554.98
ORD03216,27-05-2025,CUST1609,Charles Yang,Printer,Office Supplies,West,Hyderabad,1,9000,1027.84
ORD03217,22-03-2025,CUST1870,Danny Lowe PhD,Desk,Furniture,North,Delhi,6,90000,9210.4
ORD03218,04-07-2024,CUST1488,Eric Hays,Monitor,Electronics,South,Kolkata,5,60000,7094.68
ORD03219,03-07-2024,CUST1061,John Watts,Keyboard,Electronics,South,Bengaluru,8,9600,2183.4
ORD03220,17-03-2024,CUST1855,Aaron Munoz,Keyboard,Electronics,West,Chennai,8,9600,1462.99
ORD03221,18-05-2025,CUST1109,Brent Harris,Printer,Office Supplies,West,Bengaluru,7,63000,6703.5
ORD03222,10-07-2025,CUST1380,Ross Wallace,Laptop,Electronics,North,Pune,5,250000,35755.59
ORD03223,26-08-2024,CUST1033,Bryan Sullivan,Chair,Furniture,East,Bengaluru,7,49000,12816.86
ORD03224,09-01-2024,CUST1212,Dr. Sarah Payne,Mouse,Electronics,South,Bengaluru,7,3500,980.37
ORD03225,05-08-2025,CUST1813,Melanie Villarreal,Laptop,Electronics,North,Mumbai,3,150000,30999.41
ORD03226,02-10-2024,CUST1507,Jessica Fields,Chair,Furniture,North,Delhi,3,21000,5812.62
ORD03227,06-04-2025,CUST1475,Robert Sandoval,Notebook,Office Supplies,North,Ahmedabad,1,100,36.63
ORD03228,01-04-2025,CUST1908,Patrick Payne,Mouse,Electronics,North,Chennai,7,3500,965.82
ORD03229,22-07-2024,CUST1213,Dylan Contreras,Laptop,Electronics,South,Kolkata,1,50000,7872.51
ORD03230,13-10-2024,CUST1385,Katherine Contreras,Printer,Office Supplies,South,Mumbai,3,27000,2301.16
ORD03231,30-03-2025,CUST1443,Michael Rodriguez,Printer,Office Supplies,South,Delhi,3,27000,2802.39
ORD03232,28-11-2024,CUST1266,Jeffery Johnson,Monitor,Electronics,North,Bengaluru,1,12000,2060.75
ORD03233,10-09-2025,CUST1224,Justin Smith,Desk,Furniture,South,Bengaluru,6,90000,8264.54
ORD03234,20-05-2025,CUST1184,Matthew Barry,Printer,Office Supplies,North,Bengaluru,3,27000,3495.92
ORD03235,29-10-2025,CUST1048,Amanda Meadows,Mouse,Electronics,East,Kolkata,7,3500,641.66
ORD03236,05-03-2025,CUST1463,Julie Sharp,Laptop,Electronics,West,Chennai,3,150000,32353.21
ORD03237,20-07-2025,CUST1659,William Howard,Keyboard,Electronics,East,Chennai,8,9600,2338.19
ORD03238,03-10-2025,CUST1600,Kathy Bailey,Monitor,Electronics,East,Delhi,8,96000,12367.66
ORD03239,13-07-2025,CUST1445,Jeanette Brown,Printer,Office Supplies,East,Delhi,1,9000,903.06
ORD03240,26-02-2025,CUST1866,Heather Ball,Notebook,Office Supplies,North,Bengaluru,8,800,311.1
ORD03241,15-04-2024,CUST1578,Mike Buchanan,Laptop,Electronics,South,Delhi,1,50000,9891.58
ORD03242,15-01-2025,CUST1795,Phillip Turner,Keyboard,Electronics,East,Ahmedabad,3,3600,837.35
ORD03243,09-08-2025,CUST1935,Thomas Brewer,Laptop,Electronics,North,Ahmedabad,5,250000,38494.3
ORD03244,16-07-2024,CUST1253,John Hopkins,Keyboard,Electronics,South,Bengaluru,3,3600,654.55
ORD03245,09-03-2024,CUST1041,Tammy Rowe,Laptop,Electronics,South,Chennai,3,150000,22863.79
ORD03246,01-03-2024,CUST1116,Beverly Nguyen,Desk,Furniture,South,Chennai,6,90000,13090.73
ORD03247,30-11-2025,CUST1919,Hannah Williamson,Chair,Furniture,North,Ahmedabad,6,42000,12366.15
ORD03248,01-08-2024,CUST1638,Andrew Christian,Notebook,Office Supplies,South,Ahmedabad,5,500,167.56
ORD03249,09-09-2024,CUST1403,Brent Rodriguez,Monitor,Electronics,South,Kolkata,3,36000,4734.32
ORD03250,28-01-2024,CUST1355,Karen Wolf,Keyboard,Electronics,South,Mumbai,1,1200,284.91
ORD03251,02-04-2024,CUST1165,Dr. Morgan Young,Keyboard,Electronics,North,Hyderabad,5,6000,1381.91
ORD03252,18-09-2025,CUST1615,Carrie Stafford,Desk,Furniture,South,Delhi,7,105000,11186.71
ORD03253,23-05-2025,CUST1411,Jennifer Brown,Mouse,Electronics,South,Mumbai,3,1500,279.06
ORD03254,15-01-2025,CUST1284,Ashley Bradford,Printer,Office Supplies,South,Mumbai,8,72000,6374.84
ORD03255,01-10-2024,CUST1656,Phillip Obrien,Laptop,Electronics,North,Ahmedabad,7,350000,50989.14
ORD03256,10-04-2024,CUST1600,Tammy Morris,Printer,Office Supplies,South,Bengaluru,6,54000,5795.71
ORD03257,22-08-2024,CUST1102,Jamie Zhang,Notebook,Office Supplies,West,Chennai,8,800,178.95
ORD03258,09-03-2025,CUST1875,Christina King,Monitor,Electronics,East,Hyderabad,7,84000,9788.5
ORD03259,04-06-2025,CUST1644,Dustin Harris,Desk,Furniture,West,Pune,3,45000,5943.61
ORD03260,25-05-2024,CUST1718,Robert Stokes,Notebook,Office Supplies,North,Kolkata,2,200,74.3
ORD03261,22-08-2024,CUST1027,Kevin Soto,Mouse,Electronics,North,Bengaluru,8,4000,1042.97
ORD03262,03-10-2024,CUST1062,Christina Patrick,Chair,Furniture,South,Bengaluru,6,42000,12859.73
ORD03263,23-08-2024,CUST1880,Heather Russell,Mouse,Electronics,East,Chennai,2,1000,200.71
ORD03264,02-08-2024,CUST1737,Andrea Lopez,Laptop,Electronics,South,Mumbai,6,300000,40848.42
ORD03265,20-02-2024,CUST1529,Susan May,Mouse,Electronics,West,Hyderabad,5,2500,463.46
ORD03266,11-09-2025,CUST1997,Ronnie Hudson MD,Printer,Office Supplies,South,Chennai,3,27000,2312.7
ORD03267,05-04-2024,CUST1513,Luke Hansen,Chair,Furniture,South,Pune,3,21000,4157.98
ORD03268,08-01-2024,CUST1309,Austin Patterson,Desk,Furniture,West,Hyderabad,2,30000,3795.91
ORD03269,26-01-2025,CUST1849,Benjamin Miller,Laptop,Electronics,South,Ahmedabad,7,350000,62724.41
ORD03270,25-07-2025,CUST1440,Elizabeth Wilson,Monitor,Electronics,East,Mumbai,3,36000,5688.07
ORD03271,23-04-2025,CUST1733,Kyle Rivera,Desk,Furniture,East,Kolkata,1,15000,1439.2
ORD03272,07-12-2024,CUST1651,Todd Nielsen,Chair,Furniture,East,Ahmedabad,1,7000,2152.59
ORD03273,28-12-2025,CUST1812,Michael Jones,Keyboard,Electronics,West,Bengaluru,6,7200,1612.34
ORD03274,04-06-2025,CUST1272,Tracy Jones,Notebook,Office Supplies,West,Hyderabad,3,300,63.97
ORD03275,09-08-2024,CUST1882,Sarah Frederick,Keyboard,Electronics,East,Chennai,3,3600,660.56
ORD03276,11-06-2024,CUST1176,Jennifer Brown,Mouse,Electronics,South,Chennai,7,3500,616.97
ORD03277,27-12-2024,CUST1746,Ashley Ruiz,Laptop,Electronics,West,Bengaluru,2,100000,18359.46
ORD03278,25-02-2025,CUST1193,Deborah Johnson,Chair,Furniture,East,Bengaluru,8,56000,11245.67
ORD03279,22-06-2024,CUST1811,Dean Cook,Laptop,Electronics,South,Ahmedabad,2,100000,21791.68
ORD03280,10-08-2025,CUST1179,Brenda Payne,Chair,Furniture,North,Delhi,2,14000,3053.69
ORD03281,11-12-2025,CUST1454,Tammy Alvarado,Notebook,Office Supplies,North,Bengaluru,7,700,168.45
ORD03282,16-12-2024,CUST1847,Cynthia Jones,Notebook,Office Supplies,North,Chennai,7,700,147.03
ORD03283,03-05-2025,CUST1856,Sue Warner,Notebook,Office Supplies,East,Delhi,4,400,97.33
ORD03284,21-02-2024,CUST1755,Amanda Zavala,Laptop,Electronics,North,Ahmedabad,4,200000,38473.7
ORD03285,05-07-2025,CUST1634,Linda Salazar,Monitor,Electronics,South,Bengaluru,6,72000,12504.34
ORD03286,05-04-2024,CUST1088,Juan Potts,Keyboard,Electronics,South,Kolkata,5,6000,1442.17
ORD03287,22-01-2024,CUST1954,Andrew Johnson,Laptop,Electronics,South,Hyderabad,1,50000,8567.31
ORD03288,14-10-2024,CUST1409,Marie Reynolds,Printer,Office Supplies,North,Kolkata,1,9000,803
ORD03289,12-05-2024,CUST1400,Samuel Mata,Laptop,Electronics,East,Ahmedabad,8,400000,92546.63
ORD03290,29-11-2024,CUST1233,Anthony Ayala,Desk,Furniture,West,Bengaluru,1,15000,1275.9
ORD03291,31-03-2025,CUST1845,Kimberly Dalton,Monitor,Electronics,West,Bengaluru,5,60000,8587.76
ORD03292,21-07-2024,CUST1805,Nancy Tran,Monitor,Electronics,West,Mumbai,2,24000,2964.07
ORD03293,05-04-2024,CUST1988,Ralph Dominguez,Laptop,Electronics,West,Pune,5,250000,39144.09
ORD03294,02-02-2025,CUST1357,Jeffery Taylor,Keyboard,Electronics,East,Pune,4,4800,1084.08
ORD03295,20-04-2025,CUST1481,Steven Haas,Mouse,Electronics,West,Chennai,4,2000,429.38
ORD03296,02-02-2024,CUST1432,Cory Kim,Printer,Office Supplies,South,Pune,7,63000,7790.44
ORD03297,16-02-2024,CUST1838,David Chapman,Chair,Furniture,East,Kolkata,3,21000,5639.58
ORD03298,14-12-2024,CUST1102,Paul Beasley,Mouse,Electronics,West,Delhi,8,4000,789.08
ORD03299,01-08-2025,CUST1193,Laura Ritter,Mouse,Electronics,South,Pune,8,4000,943.21
ORD03300,20-10-2024,CUST1573,Nathan Hess,Keyboard,Electronics,South,Hyderabad,1,1200,295.04
ORD03301,20-03-2024,CUST1787,Cameron White,Chair,Furniture,West,Bengaluru,5,35000,10175.35
ORD03302,09-12-2024,CUST1815,Gregory Rios,Monitor,Electronics,South,Kolkata,5,60000,8164.89
ORD03303,12-01-2024,CUST1169,Eduardo Obrien,Chair,Furniture,East,Pune,8,56000,14590.29
ORD03304,20-05-2024,CUST1428,Bryan Jones,Desk,Furniture,North,Pune,4,60000,6675.12
ORD03305,20-03-2025,CUST1751,Joshua Simpson,Printer,Office Supplies,East,Mumbai,3,27000,2210.53
ORD03306,20-08-2024,CUST1512,Heather Herman,Laptop,Electronics,East,Chennai,1,50000,9516.35
ORD03307,04-02-2025,CUST1743,Micheal Pugh,Printer,Office Supplies,East,Ahmedabad,5,45000,3620.83
ORD03308,03-02-2024,CUST1595,Eileen Valdez,Desk,Furniture,South,Hyderabad,1,15000,2162.05
ORD03309,21-02-2024,CUST1312,Debra Wolfe,Mouse,Electronics,West,Kolkata,5,2500,606.75
ORD03310,01-06-2025,CUST1979,Amy Mccullough,Mouse,Electronics,East,Pune,5,2500,458.3
ORD03311,19-01-2025,CUST1084,Lisa Ramirez,Monitor,Electronics,West,Chennai,8,96000,10522.62
ORD03312,23-04-2025,CUST1134,Chad Daugherty,Notebook,Office Supplies,West,Ahmedabad,5,500,185.65
ORD03313,31-10-2024,CUST1903,Patrick Clark,Notebook,Office Supplies,North,Chennai,2,200,55.24
ORD03314,01-05-2025,CUST1946,Robert Thomas,Laptop,Electronics,South,Mumbai,1,50000,7105.42
ORD03315,15-12-2025,CUST1465,Melissa Santos,Laptop,Electronics,West,Delhi,5,250000,40532.08
ORD03316,14-03-2025,CUST1034,Brian Porter,Chair,Furniture,East,Delhi,4,28000,6426.03
ORD03317,11-03-2025,CUST1606,Donald Cruz,Monitor,Electronics,South,Ahmedabad,4,48000,6958.97
ORD03318,26-03-2025,CUST1681,Angela Ramirez,Laptop,Electronics,South,Delhi,7,350000,62359.18
ORD03319,03-05-2024,CUST1561,Kathleen Roy,Notebook,Office Supplies,South,Bengaluru,8,800,268.92
ORD03320,01-05-2025,CUST1933,Andrew Harris,Keyboard,Electronics,East,Mumbai,7,8400,1589.6
ORD03321,03-06-2025,CUST1441,Jeffrey Williams,Laptop,Electronics,East,Ahmedabad,8,400000,72349.28
ORD03322,29-07-2024,CUST1586,Joshua Bailey,Desk,Furniture,West,Ahmedabad,1,15000,1678.19
ORD03323,11-12-2025,CUST1632,Lee Barry,Chair,Furniture,West,Kolkata,3,21000,5868.58
ORD03324,14-10-2025,CUST1330,Susan Patrick,Laptop,Electronics,North,Pune,6,300000,63681.77
ORD03325,12-12-2025,CUST1466,Nicole Peterson,Keyboard,Electronics,North,Pune,3,3600,861.88
ORD03326,15-02-2025,CUST1699,Jessica Patterson,Notebook,Office Supplies,West,Delhi,2,200,61.62
ORD03327,03-03-2024,CUST1780,Nancy Brown,Notebook,Office Supplies,North,Kolkata,7,700,172.95
ORD03328,17-08-2025,CUST1595,James Griffith,Keyboard,Electronics,South,Mumbai,1,1200,236.34
ORD03329,06-06-2024,CUST1428,Shannon Hurley,Keyboard,Electronics,East,Ahmedabad,8,9600,1482.24
ORD03330,07-01-2024,CUST1546,Kenneth Carroll,Monitor,Electronics,West,Pune,8,96000,10861.38
ORD03331,25-10-2024,CUST1161,Carla James,Chair,Furniture,North,Ahmedabad,3,21000,4951.46
ORD03332,31-08-2024,CUST1980,Tammy Anderson,Monitor,Electronics,East,Pune,2,24000,3977.08
ORD03333,02-08-2025,CUST1625,Robert Tapia,Laptop,Electronics,West,Hyderabad,2,100000,15648.59
ORD03334,06-03-2024,CUST1631,David Daniels,Laptop,Electronics,East,Hyderabad,7,350000,66735.18
ORD03335,13-09-2025,CUST1543,James Gilbert,Monitor,Electronics,South,Pune,1,12000,1657.29
ORD03336,08-09-2024,CUST1831,Matthew Patton,Monitor,Electronics,North,Bengaluru,5,60000,9856.92
ORD03337,24-04-2024,CUST1424,Lisa Martinez,Mouse,Electronics,West,Delhi,8,4000,998.63
ORD03338,04-10-2024,CUST1679,Erica Baker,Notebook,Office Supplies,South,Mumbai,7,700,267.18
ORD03339,28-10-2025,CUST1871,Joel Gonzales,Desk,Furniture,East,Bengaluru,1,15000,1371.19
ORD03340,04-04-2025,CUST1793,Vincent Castillo,Mouse,Electronics,North,Mumbai,6,3000,462.58
ORD03341,08-06-2024,CUST1422,Claudia Brown,Printer,Office Supplies,East,Delhi,1,9000,1135.93
ORD03342,09-06-2025,CUST1644,Destiny Bishop,Printer,Office Supplies,North,Mumbai,1,9000,739.94
ORD03343,25-06-2025,CUST1169,Austin White,Printer,Office Supplies,West,Bengaluru,3,27000,2541.42
ORD03344,30-11-2024,CUST1770,Desiree Booth,Chair,Furniture,North,Delhi,5,35000,10547.85
ORD03345,06-11-2025,CUST1593,Mark Thomas,Printer,Office Supplies,East,Bengaluru,3,27000,2726.47
ORD03346,05-03-2025,CUST1552,Amber Wilson,Printer,Office Supplies,North,Kolkata,5,45000,3389.81
ORD03347,24-06-2024,CUST1819,Michael Valencia,Mouse,Electronics,West,Kolkata,7,3500,935.66
ORD03348,03-02-2024,CUST1543,Amanda Love,Notebook,Office Supplies,South,Delhi,3,300,63.84
ORD03349,12-10-2025,CUST1775,Miguel Green,Monitor,Electronics,South,Kolkata,2,24000,3505.59
ORD03350,11-08-2024,CUST1333,Michael Mathews,Monitor,Electronics,West,Bengaluru,5,60000,7815.3
ORD03351,27-11-2025,CUST1841,Nathan Burke,Chair,Furniture,West,Delhi,6,42000,13639.41
ORD03352,29-10-2024,CUST1829,Billy Wallace,Mouse,Electronics,South,Pune,3,1500,233.17
ORD03353,02-09-2025,CUST1019,Cynthia Nguyen,Keyboard,Electronics,North,Bengaluru,6,7200,1193.72
ORD03354,10-01-2024,CUST1187,Rodney Perry,Monitor,Electronics,East,Hyderabad,8,96000,13226.96
ORD03355,20-01-2025,CUST1664,Sherri Thomas,Notebook,Office Supplies,West,Delhi,1,100,25.5
ORD03356,21-11-2024,CUST1136,Richard Rogers,Keyboard,Electronics,East,Delhi,5,6000,1014.44
ORD03357,11-03-2025,CUST1261,Matthew Ruiz,Desk,Furniture,North,Hyderabad,6,90000,9000.54
ORD03358,05-09-2024,CUST1894,Lisa Martin,Desk,Furniture,West,Pune,5,75000,9970.22
ORD03359,06-08-2025,CUST1462,Timothy Buck,Keyboard,Electronics,West,Ahmedabad,2,2400,437.46
ORD03360,13-02-2025,CUST1420,Lee Morton,Desk,Furniture,South,Ahmedabad,5,75000,11370.98
ORD03361,25-01-2025,CUST1412,Priscilla Romero,Keyboard,Electronics,West,Kolkata,4,4800,918.46
ORD03362,18-08-2025,CUST1317,Hailey Lewis,Chair,Furniture,West,Bengaluru,2,14000,2721.63
ORD03363,09-07-2024,CUST1619,Amanda Barber,Keyboard,Electronics,West,Bengaluru,1,1200,304.99
ORD03364,11-05-2024,CUST1011,Zachary Miller,Keyboard,Electronics,West,Kolkata,7,8400,1744.18
ORD03365,05-08-2025,CUST1597,Timothy Walker,Notebook,Office Supplies,West,Bengaluru,2,200,76.79
ORD03366,27-08-2025,CUST1930,Laura Kelley,Monitor,Electronics,South,Ahmedabad,6,72000,10002.67
ORD03367,03-05-2025,CUST1885,Nicholas Abbott,Monitor,Electronics,West,Hyderabad,6,72000,12429.69
ORD03368,16-01-2025,CUST1938,Amber Kennedy,Printer,Office Supplies,West,Delhi,8,72000,7679.15
ORD03369,21-06-2025,CUST1176,Jessica Adams,Chair,Furniture,North,Pune,2,14000,2968.82
ORD03370,09-09-2025,CUST1540,Eileen Sanchez,Monitor,Electronics,South,Mumbai,2,24000,3227.12
ORD03371,31-01-2024,CUST1004,Randall Cox,Keyboard,Electronics,North,Pune,3,3600,677.86
ORD03372,05-11-2025,CUST1715,Paul Wilson,Chair,Furniture,West,Kolkata,1,7000,1909.99
ORD03373,08-11-2024,CUST1758,Nicholas Beard,Keyboard,Electronics,South,Delhi,2,2400,611.5
ORD03374,01-05-2024,CUST1017,Harold Wagner,Chair,Furniture,South,Hyderabad,2,14000,2907.23
ORD03375,10-07-2025,CUST1481,Martha Jacobs,Desk,Furniture,South,Delhi,3,45000,6699.67
ORD03376,27-01-2025,CUST1304,Jason Hudson,Notebook,Office Supplies,South,Bengaluru,6,600,215.94
ORD03377,27-12-2025,CUST1664,Beth Medina,Chair,Furniture,South,Delhi,1,7000,1570.98
ORD03378,25-08-2024,CUST1031,Jennifer Richards,Keyboard,Electronics,West,Kolkata,4,4800,866.02
ORD03379,24-09-2024,CUST1572,David Mitchell,Notebook,Office Supplies,West,Bengaluru,2,200,64.41
ORD03380,14-05-2024,CUST1900,Brad Fisher,Laptop,Electronics,North,Mumbai,6,300000,50834.46
ORD03381,03-01-2024,CUST1459,Ms. Mackenzie Barton,Printer,Office Supplies,West,Kolkata,6,54000,4577.06
ORD03382,06-05-2025,CUST1156,Sherri Smith,Mouse,Electronics,East,Delhi,7,3500,803.2
ORD03383,10-11-2024,CUST1502,Dennis Spencer,Chair,Furniture,East,Mumbai,4,28000,8240.69
ORD03384,15-03-2024,CUST1672,Natalie Martinez,Keyboard,Electronics,South,Hyderabad,6,7200,1202.87
ORD03385,23-02-2024,CUST1508,Jeffrey Vaughn,Desk,Furniture,West,Hyderabad,7,105000,9552.81
ORD03386,24-12-2024,CUST1063,Brandi Camacho DVM,Monitor,Electronics,South,Kolkata,3,36000,4017.41
ORD03387,30-05-2024,CUST1711,Heather Morales,Mouse,Electronics,East,Mumbai,3,1500,422.27
ORD03388,15-04-2025,CUST1041,Michelle Wilson,Monitor,Electronics,South,Pune,8,96000,11750.77
ORD03389,13-11-2024,CUST1281,Stephanie Vargas,Keyboard,Electronics,West,Pune,5,6000,1453.28
ORD03390,27-01-2024,CUST1454,Wendy Williams,Laptop,Electronics,West,Bengaluru,5,250000,44821.32
ORD03391,06-01-2024,CUST1708,Heather Cole,Monitor,Electronics,West,Kolkata,6,72000,13952.16
ORD03392,14-09-2025,CUST1073,Jerry Davenport,Desk,Furniture,West,Delhi,2,30000,4199.17
ORD03393,01-09-2024,CUST1984,John Taylor,Desk,Furniture,South,Chennai,2,30000,3563.97
ORD03394,16-07-2024,CUST1994,Ralph Hendricks,Mouse,Electronics,East,Delhi,5,2500,501.05
ORD03395,18-12-2024,CUST1354,Angela Huang,Mouse,Electronics,North,Mumbai,6,3000,663.52
ORD03396,26-09-2025,CUST1401,Jacqueline Banks,Desk,Furniture,East,Ahmedabad,8,120000,12331.34
ORD03397,18-05-2025,CUST1840,Jeffrey Romero,Mouse,Electronics,West,Delhi,7,3500,560.66
ORD03398,08-09-2024,CUST1913,Theresa Davis,Laptop,Electronics,North,Pune,5,250000,31805.31
ORD03399,09-10-2024,CUST1018,Glenn Elliott,Desk,Furniture,South,Bengaluru,5,75000,6933.04
ORD03400,25-01-2024,CUST1697,Lauren Anthony,Keyboard,Electronics,South,Kolkata,2,2400,567.63
ORD03401,10-02-2024,CUST1244,Frank Flores,Notebook,Office Supplies,East,Kolkata,3,300,104.43
ORD03402,30-06-2025,CUST1553,Charles Cervantes,Chair,Furniture,North,Bengaluru,1,7000,1918.08
ORD03403,15-12-2025,CUST1346,Virginia Clark,Notebook,Office Supplies,North,Kolkata,6,600,143
ORD03404,30-07-2024,CUST1887,Laura Gilbert,Chair,Furniture,South,Ahmedabad,7,49000,13788.31
ORD03405,26-02-2024,CUST1954,Dustin Wilson,Desk,Furniture,South,Hyderabad,7,105000,9819.06
ORD03406,30-05-2025,CUST1929,Jeffrey Mcclure,Chair,Furniture,North,Kolkata,5,35000,10587.52
ORD03407,11-09-2025,CUST1571,Thomas Zhang,Printer,Office Supplies,West,Delhi,1,9000,903.02
ORD03408,30-04-2024,CUST1613,Tammy Estrada,Keyboard,Electronics,North,Pune,1,1200,308.98
ORD03409,28-11-2025,CUST1876,Daniel Roberson,Monitor,Electronics,South,Kolkata,2,24000,2718.45
ORD03410,04-07-2025,CUST1282,Alyssa Orr,Notebook,Office Supplies,East,Delhi,2,200,45.46
ORD03411,03-09-2024,CUST1190,Kimberly Lloyd,Desk,Furniture,North,Mumbai,3,45000,6373.11
ORD03412,10-04-2025,CUST1817,Ronnie Johnson,Notebook,Office Supplies,South,Bengaluru,1,100,26.31
ORD03413,26-04-2025,CUST1694,Tom Duncan,Laptop,Electronics,North,Hyderabad,6,300000,45118.85
ORD03414,12-10-2024,CUST1303,Kelly Guerra,Printer,Office Supplies,West,Delhi,5,45000,4131.07
ORD03415,06-03-2024,CUST1296,Brian Mccarthy,Keyboard,Electronics,West,Mumbai,4,4800,718.04
ORD03416,07-03-2025,CUST1897,Jill Reynolds,Desk,Furniture,West,Kolkata,4,60000,7530.82
ORD03417,03-07-2024,CUST1254,Sean Kaiser,Notebook,Office Supplies,East,Kolkata,3,300,110.13
ORD03418,14-01-2024,CUST1141,Audrey Gomez,Laptop,Electronics,West,Mumbai,6,300000,45319.69
ORD03419,12-05-2025,CUST1832,Ricky Luna,Chair,Furniture,West,Delhi,1,7000,1361.23
ORD03420,19-02-2024,CUST1338,Jonathon Hill,Monitor,Electronics,North,Kolkata,7,84000,12728.04
ORD03421,01-09-2024,CUST1444,Kayla Waters,Monitor,Electronics,North,Chennai,1,12000,1687.92
ORD03422,18-10-2025,CUST1089,Emily Middleton,Laptop,Electronics,West,Pune,3,150000,30741.13
ORD03423,09-08-2024,CUST1600,Timothy Bauer,Laptop,Electronics,North,Mumbai,2,100000,12718.25
ORD03424,30-08-2024,CUST1654,Ryan Guerrero,Keyboard,Electronics,North,Bengaluru,1,1200,283.99
ORD03425,25-09-2024,CUST1347,Amanda Walters,Desk,Furniture,South,Ahmedabad,3,45000,3855.51
ORD03426,13-12-2025,CUST1611,Chad Bennett,Printer,Office Supplies,East,Ahmedabad,6,54000,5621.69
ORD03427,12-02-2024,CUST1050,Megan Baker,Mouse,Electronics,West,Delhi,3,1500,422.9
ORD03428,19-05-2025,CUST1956,Robert Gross,Keyboard,Electronics,East,Chennai,8,9600,1745.84
ORD03429,27-08-2025,CUST1974,Craig Liu,Chair,Furniture,South,Delhi,5,35000,11277.78
ORD03430,11-09-2025,CUST1288,Shannon Curry,Desk,Furniture,East,Chennai,5,75000,10334.7
ORD03431,17-01-2024,CUST1645,Austin Grant,Monitor,Electronics,North,Kolkata,2,24000,2788.61
ORD03432,17-10-2024,CUST1907,Christopher Barnes,Desk,Furniture,East,Chennai,6,90000,10990.46
ORD03433,20-06-2024,CUST1611,James Silva,Notebook,Office Supplies,East,Bengaluru,7,700,166.77
ORD03434,23-02-2024,CUST1322,Kari Sandoval,Mouse,Electronics,West,Kolkata,8,4000,941.53
ORD03435,22-02-2025,CUST1105,Eric Hall,Laptop,Electronics,West,Bengaluru,4,200000,46141.36
ORD03436,11-01-2024,CUST1303,John Robles,Chair,Furniture,West,Bengaluru,7,49000,8799.05
ORD03437,20-07-2024,CUST1361,Howard Castillo,Notebook,Office Supplies,North,Chennai,7,700,149.02
ORD03438,22-07-2024,CUST1697,Brian Ibarra,Desk,Furniture,North,Mumbai,1,15000,1336.69
ORD03439,12-10-2025,CUST1973,Donna Montes,Printer,Office Supplies,North,Kolkata,4,36000,3987.48
ORD03440,25-02-2024,CUST1355,Matthew Wilson,Printer,Office Supplies,West,Delhi,2,18000,1601.32
ORD03441,05-11-2024,CUST1076,Francis Wilson,Desk,Furniture,South,Ahmedabad,3,45000,4360.75
ORD03442,28-09-2024,CUST1057,Michele Ayala,Desk,Furniture,West,Pune,5,75000,8688.62
ORD03443,23-11-2024,CUST1711,Dr. John Jenkins,Desk,Furniture,West,Delhi,4,60000,5459.36
ORD03444,22-03-2024,CUST1776,Earl Romero,Desk,Furniture,West,Kolkata,8,120000,11143.66
ORD03445,15-03-2025,CUST1338,Rachel Brown,Chair,Furniture,West,Mumbai,7,49000,12843.41
ORD03446,31-12-2025,CUST1621,Deborah Stewart,Monitor,Electronics,West,Pune,4,48000,8846.38
ORD03447,08-01-2024,CUST1383,Jeremy Ross,Printer,Office Supplies,West,Delhi,7,63000,6477.43
ORD03448,11-12-2025,CUST1489,Debra Chandler,Keyboard,Electronics,West,Mumbai,4,4800,1244.44
ORD03449,19-10-2025,CUST1102,Robert Parker,Chair,Furniture,South,Bengaluru,4,28000,8493.26
ORD03450,04-09-2024,CUST1222,Kenneth Jackson,Laptop,Electronics,South,Bengaluru,6,300000,51812.57
ORD03451,16-05-2024,CUST1215,Mario Gould,Printer,Office Supplies,West,Pune,4,36000,4218.05
ORD03452,28-07-2025,CUST1943,Erin Jacobs,Chair,Furniture,South,Chennai,1,7000,1420.35
ORD03453,16-04-2025,CUST1385,Nathan Lang,Monitor,Electronics,South,Pune,3,36000,6422.15
ORD03454,30-08-2024,CUST1636,Michael Barr,Keyboard,Electronics,South,Ahmedabad,8,9600,1889.35
ORD03455,01-09-2024,CUST1702,Kristen Pena,Desk,Furniture,South,Delhi,3,45000,3931.42
ORD03456,01-01-2024,CUST1066,Heidi Gonzalez,Mouse,Electronics,West,Ahmedabad,5,2500,612.28
ORD03457,27-10-2024,CUST1141,Joseph Heath,Monitor,Electronics,South,Pune,3,36000,5452.7
ORD03458,21-06-2025,CUST1152,Robert Lozano,Printer,Office Supplies,North,Hyderabad,2,18000,1913.02
ORD03459,02-12-2024,CUST1862,Daniel Quinn,Desk,Furniture,East,Chennai,6,90000,13145.87
ORD03460,29-03-2025,CUST1331,Amanda Smith,Keyboard,Electronics,West,Mumbai,7,8400,1234.04
ORD03461,04-01-2024,CUST1733,Ashley Sanders,Monitor,Electronics,West,Pune,4,48000,5577.05
ORD03462,07-07-2024,CUST1792,Mr. Eric Hall,Monitor,Electronics,West,Bengaluru,4,48000,7949.24
ORD03463,23-04-2025,CUST1223,Danielle Nelson,Keyboard,Electronics,South,Mumbai,8,9600,1861.71
ORD03464,15-02-2025,CUST1950,Richard Rios,Notebook,Office Supplies,East,Hyderabad,1,100,38.19
ORD03465,25-07-2025,CUST1370,Patrick Nelson,Laptop,Electronics,North,Ahmedabad,8,400000,50549
ORD03466,16-11-2024,CUST1173,Benjamin Bowen,Notebook,Office Supplies,East,Bengaluru,1,100,27.03
ORD03467,08-02-2024,CUST1655,Jennifer Smith,Chair,Furniture,West,Pune,2,14000,3978.64
ORD03468,03-10-2024,CUST1018,Lisa Hernandez,Laptop,Electronics,West,Hyderabad,3,150000,33444.47
ORD03469,06-03-2025,CUST1141,Rebecca Lee,Desk,Furniture,East,Delhi,3,45000,5166.81
ORD03470,10-02-2024,CUST1250,Emily Morris,Notebook,Office Supplies,West,Ahmedabad,3,300,63.74
ORD03471,25-09-2024,CUST1968,Allison Hill,Desk,Furniture,West,Mumbai,7,105000,15495.77
ORD03472,01-09-2025,CUST1497,Dennis Douglas,Chair,Furniture,South,Mumbai,8,56000,12045.03
ORD03473,08-07-2025,CUST1725,Eddie Davis,Monitor,Electronics,East,Mumbai,8,96000,16547.57
ORD03474,27-09-2025,CUST1910,Kristina Webb,Chair,Furniture,East,Chennai,7,49000,8827.71
ORD03475,08-11-2025,CUST1212,Kim Sanchez,Laptop,Electronics,South,Kolkata,5,250000,47624.82
ORD03476,14-05-2024,CUST1763,Jonathan Long,Notebook,Office Supplies,South,Pune,5,500,124.48
ORD03477,09-06-2024,CUST1735,Joshua Rodriguez,Notebook,Office Supplies,North,Mumbai,2,200,46.71
ORD03478,13-12-2024,CUST1233,William Sanders,Desk,Furniture,East,Delhi,5,75000,9336.88
ORD03479,06-04-2025,CUST1447,Jacob Hart,Laptop,Electronics,South,Bengaluru,2,100000,14570.49
ORD03480,03-11-2024,CUST1176,Evelyn Pacheco,Monitor,Electronics,South,Chennai,5,60000,11370.85
ORD03481,13-12-2025,CUST1503,Anna Jackson,Notebook,Office Supplies,North,Bengaluru,8,800,275.5
ORD03482,20-10-2025,CUST1559,Katherine Wright,Keyboard,Electronics,West,Delhi,4,4800,931.34
ORD03483,18-06-2025,CUST1050,Luis Wells,Desk,Furniture,West,Mumbai,5,75000,6663.92
ORD03484,13-01-2025,CUST1410,Lacey Hall,Monitor,Electronics,East,Hyderabad,5,60000,9407.89
ORD03485,26-11-2025,CUST1332,Darlene Collins,Chair,Furniture,West,Hyderabad,7,49000,8755.09
ORD03486,25-11-2025,CUST1554,Chris Morris,Chair,Furniture,South,Delhi,7,49000,9992.06
ORD03487,02-05-2024,CUST1051,Jennifer Smith,Printer,Office Supplies,North,Bengaluru,3,27000,2216.16
ORD03488,15-05-2024,CUST1007,Nicole Norton,Notebook,Office Supplies,North,Kolkata,2,200,55.83
ORD03489,05-04-2025,CUST1700,Emily Pearson,Desk,Furniture,West,Pune,6,90000,13397.63
ORD03490,19-06-2025,CUST1969,Michael Robertson,Desk,Furniture,West,Chennai,8,120000,15830
ORD03491,26-12-2024,CUST1102,Wendy Miller,Desk,Furniture,South,Pune,6,90000,13317.27
ORD03492,08-01-2024,CUST1053,Michael Bennett,Printer,Office Supplies,West,Hyderabad,7,63000,5447.98
ORD03493,15-05-2024,CUST1298,Carla Goodman,Desk,Furniture,North,Chennai,7,105000,14931.18
ORD03494,18-09-2024,CUST1332,Jeffrey Stanton,Mouse,Electronics,North,Bengaluru,7,3500,715.77
ORD03495,23-09-2024,CUST1070,Jeff Jackson,Keyboard,Electronics,West,Pune,5,6000,1460.33
ORD03496,25-07-2024,CUST1206,Katelyn Curry,Laptop,Electronics,West,Kolkata,3,150000,31887.14
ORD03497,26-04-2025,CUST1888,Jennifer Phillips,Laptop,Electronics,North,Mumbai,4,200000,43268.34
ORD03498,22-02-2025,CUST1198,Edward Weeks,Printer,Office Supplies,North,Pune,1,9000,1147.5
ORD03499,08-06-2025,CUST1658,Kelly Gilbert,Chair,Furniture,West,Delhi,3,21000,6561.37
ORD03500,06-12-2024,CUST1748,Matthew Thomas,Keyboard,Electronics,North,Ahmedabad,1,1200,282.81
ORD03501,05-08-2024,CUST1275,Christine Mendez,Laptop,Electronics,North,Kolkata,5,250000,51661.1
ORD03502,12-08-2025,CUST1898,Kelly King,Mouse,Electronics,West,Bengaluru,8,4000,930.89
ORD03503,22-07-2025,CUST1275,Timothy Ho,Chair,Furniture,North,Ahmedabad,6,42000,13587.21
ORD03504,23-06-2025,CUST1013,Sarah Taylor,Desk,Furniture,East,Chennai,7,105000,13427.01
ORD03505,21-01-2025,CUST1769,Sandra Smith,Laptop,Electronics,West,Pune,8,400000,59240.62
ORD03506,16-10-2025,CUST1976,Chris Jones,Laptop,Electronics,South,Pune,6,300000,53943.8
ORD03507,05-10-2025,CUST1779,Emily Lopez,Laptop,Electronics,North,Bengaluru,6,300000,56737.09
ORD03508,23-09-2025,CUST1256,Kimberly Rivera,Notebook,Office Supplies,East,Bengaluru,1,100,24.03
ORD03509,28-12-2024,CUST1933,John Moore,Laptop,Electronics,South,Chennai,4,200000,46140.05
ORD03510,15-11-2024,CUST1157,Justin Perez,Chair,Furniture,North,Ahmedabad,1,7000,1717.08
ORD03511,27-04-2025,CUST1292,Tanya Hill,Mouse,Electronics,West,Hyderabad,8,4000,967.11
ORD03512,26-04-2024,CUST1672,Shawna Silva,Desk,Furniture,East,Mumbai,6,90000,13752.73
ORD03513,04-12-2025,CUST1535,Marcus Powell,Notebook,Office Supplies,South,Ahmedabad,5,500,194.41
ORD03514,23-11-2024,CUST1805,Joshua Hopkins,Laptop,Electronics,West,Pune,3,150000,32493.4
ORD03515,24-10-2025,CUST1784,Christian Cross,Mouse,Electronics,South,Bengaluru,7,3500,612.54
ORD03516,04-01-2025,CUST1739,Dennis Garcia,Notebook,Office Supplies,West,Pune,1,100,34.26
ORD03517,07-05-2025,CUST1299,Laurie Miranda,Keyboard,Electronics,South,Mumbai,8,9600,1827.83
ORD03518,28-01-2025,CUST1412,Raymond Vargas,Printer,Office Supplies,South,Ahmedabad,4,36000,4031.55
ORD03519,26-06-2025,CUST1945,Robert Savage,Mouse,Electronics,North,Hyderabad,6,3000,498.54
ORD03520,25-01-2025,CUST1843,Kara Jackson,Keyboard,Electronics,East,Chennai,5,6000,1400.84
ORD03521,30-08-2025,CUST1856,Virginia Davis,Chair,Furniture,North,Kolkata,7,49000,13153
ORD03522,27-05-2024,CUST1225,Brianna Martin,Keyboard,Electronics,West,Mumbai,4,4800,748.91
ORD03523,24-06-2024,CUST1233,Erica Huang,Printer,Office Supplies,West,Delhi,1,9000,1159.58
ORD03524,06-10-2024,CUST1893,Jorge Gonzales,Laptop,Electronics,West,Delhi,7,350000,56058.35
ORD03525,17-08-2025,CUST1330,Erin Mason,Chair,Furniture,East,Mumbai,8,56000,18069.22
ORD03526,17-11-2024,CUST1207,Justin Bennett,Printer,Office Supplies,North,Delhi,7,63000,6286.39
ORD03527,08-03-2024,CUST1361,John Collins,Printer,Office Supplies,North,Chennai,4,36000,3519.58
ORD03528,05-11-2024,CUST1378,Kerry Ware,Printer,Office Supplies,West,Bengaluru,1,9000,931.23
ORD03529,17-07-2025,CUST1524,Tina Dougherty,Notebook,Office Supplies,West,Kolkata,4,400,120.4
ORD03530,18-01-2024,CUST1701,Michelle Larsen,Monitor,Electronics,West,Kolkata,1,12000,2190.14
ORD03531,12-02-2025,CUST1697,Katherine Mccormick,Mouse,Electronics,North,Bengaluru,3,1500,278.08
ORD03532,07-12-2024,CUST1755,Kristin Graham,Mouse,Electronics,North,Mumbai,1,500,118.71
ORD03533,10-04-2024,CUST1523,Alexander Diaz,Keyboard,Electronics,South,Delhi,7,8400,2030.11
ORD03534,01-02-2025,CUST1732,Michael Chandler,Printer,Office Supplies,North,Mumbai,1,9000,1124.32
ORD03535,12-08-2024,CUST1492,Justin Cuevas,Laptop,Electronics,South,Bengaluru,8,400000,75721.09
ORD03536,24-12-2025,CUST1523,Janet White,Notebook,Office Supplies,West,Pune,4,400,100.12
ORD03537,19-11-2024,CUST1045,Alexandra Ramos,Printer,Office Supplies,West,Hyderabad,1,9000,761.01
ORD03538,27-02-2025,CUST1882,Abigail Collins,Desk,Furniture,South,Ahmedabad,8,120000,14495.32
ORD03539,14-01-2024,CUST1819,Jacob King,Desk,Furniture,West,Hyderabad,6,90000,12034.55
ORD03540,04-11-2025,CUST1920,Lisa Johnson,Monitor,Electronics,South,Mumbai,2,24000,4174.44
ORD03541,13-02-2024,CUST1697,John Williams,Desk,Furniture,East,Hyderabad,6,90000,9764.91
ORD03542,05-04-2024,CUST1537,Dawn Garrett,Laptop,Electronics,West,Ahmedabad,6,300000,41914.1
ORD03543,14-11-2024,CUST1376,Samantha Roy,Chair,Furniture,South,Mumbai,5,35000,7507.89
ORD03544,09-05-2025,CUST1973,Yolanda Chen,Mouse,Electronics,North,Mumbai,5,2500,406.08
ORD03545,26-11-2024,CUST1871,John Golden DDS,Keyboard,Electronics,North,Ahmedabad,4,4800,1235.2
ORD03546,04-10-2025,CUST1768,Amanda Johnson,Notebook,Office Supplies,West,Mumbai,8,800,184.39
ORD03547,06-04-2025,CUST1632,Brittany Fitzgerald,Laptop,Electronics,West,Delhi,8,400000,88344.35
ORD03548,05-11-2024,CUST1823,Bonnie Barnes,Keyboard,Electronics,East,Chennai,4,4800,1039.95
ORD03549,29-04-2025,CUST1588,Amy Walsh,Notebook,Office Supplies,East,Delhi,5,500,128.71
ORD03550,13-03-2025,CUST1976,Brent Stephens,Monitor,Electronics,East,Delhi,7,84000,14305.76
ORD03551,17-05-2024,CUST1627,Mrs. Lisa Smith,Mouse,Electronics,East,Hyderabad,7,3500,639.68
ORD03552,01-08-2024,CUST1889,Sarah Stewart,Monitor,Electronics,North,Chennai,8,96000,14452.12
ORD03553,13-06-2024,CUST1615,Susan Matthews,Printer,Office Supplies,South,Hyderabad,6,54000,5247.74
ORD03554,26-07-2025,CUST1792,Kelli Shepard,Monitor,Electronics,South,Delhi,2,24000,3619.53
ORD03555,12-01-2025,CUST1943,Ryan Caldwell,Keyboard,Electronics,East,Bengaluru,2,2400,431.45
ORD03556,02-04-2024,CUST1384,Roger Mason,Monitor,Electronics,East,Mumbai,4,48000,5796.22
ORD03557,20-08-2025,CUST1443,Angela Ramos,Desk,Furniture,West,Delhi,5,75000,9202.74
ORD03558,28-01-2025,CUST1866,Craig Wagner,Printer,Office Supplies,West,Pune,4,36000,3167.76
ORD03559,19-12-2024,CUST1760,Paul Massey,Notebook,Office Supplies,East,Pune,3,300,102.27
ORD03560,16-09-2025,CUST1117,Donald Bell,Mouse,Electronics,West,Mumbai,8,4000,757.36
ORD03561,14-06-2024,CUST1919,Keith Horton,Printer,Office Supplies,South,Mumbai,1,9000,811.8
ORD03562,14-03-2024,CUST1661,Julie Wilson,Mouse,Electronics,East,Mumbai,7,3500,799.82
ORD03563,14-11-2025,CUST1491,Nicholas Lopez,Monitor,Electronics,West,Delhi,5,60000,10824
ORD03564,05-04-2025,CUST1294,Tracy Wang,Chair,Furniture,North,Bengaluru,4,28000,7814.78
ORD03565,14-10-2025,CUST1247,Claudia Brooks,Keyboard,Electronics,South,Delhi,7,8400,1466.92
ORD03566,11-10-2025,CUST1356,Nathaniel Wright,Keyboard,Electronics,North,Kolkata,7,8400,2145.44
ORD03567,12-07-2024,CUST1425,Maria Valenzuela,Keyboard,Electronics,West,Hyderabad,2,2400,496.66
ORD03568,21-01-2025,CUST1425,Peter Anderson,Printer,Office Supplies,West,Kolkata,2,18000,1907.77
ORD03569,16-11-2024,CUST1764,Michael Thompson,Mouse,Electronics,West,Ahmedabad,1,500,86.21
ORD03570,02-02-2024,CUST1137,Ethan Perez,Chair,Furniture,South,Bengaluru,3,21000,6230.62
ORD03571,11-07-2025,CUST1040,Stephen Thompson,Monitor,Electronics,North,Ahmedabad,5,60000,9614.08
ORD03572,07-03-2025,CUST1499,Michael Baker,Printer,Office Supplies,East,Delhi,7,63000,6503.09
ORD03573,21-09-2025,CUST1073,Kenneth Bailey DDS,Mouse,Electronics,East,Bengaluru,8,4000,1072.32
ORD03574,03-05-2024,CUST1280,Mark Decker,Chair,Furniture,East,Delhi,5,35000,10399.83
ORD03575,24-12-2024,CUST1064,Ruben Cruz,Keyboard,Electronics,West,Pune,4,4800,813.3
ORD03576,10-11-2024,CUST1143,Christine Park,Notebook,Office Supplies,West,Delhi,6,600,172.9
ORD03577,11-05-2024,CUST1388,Robert Hogan,Mouse,Electronics,South,Mumbai,7,3500,652.81
ORD03578,10-10-2025,CUST1342,Michael Gordon,Desk,Furniture,East,Bengaluru,7,105000,15575.83
ORD03579,19-01-2025,CUST1871,Rebecca Davis,Keyboard,Electronics,East,Mumbai,8,9600,2133.48
ORD03580,14-07-2025,CUST1331,Deanna Mcdonald,Chair,Furniture,North,Bengaluru,1,7000,1252.64
ORD03581,01-08-2024,CUST1851,Brian Barrett,Desk,Furniture,East,Pune,6,90000,7971.78
ORD03582,03-07-2024,CUST1546,Charles Willis,Chair,Furniture,South,Delhi,7,49000,12111.17
ORD03583,27-08-2024,CUST1067,James Chapman,Chair,Furniture,East,Chennai,8,56000,16142.24
ORD03584,13-12-2025,CUST1085,Michael Soto,Chair,Furniture,East,Hyderabad,7,49000,13949.43
ORD03585,05-04-2024,CUST1117,Aimee Fisher,Chair,Furniture,East,Hyderabad,4,28000,5525.03
ORD03586,17-05-2024,CUST1895,Matthew Garcia,Printer,Office Supplies,North,Pune,6,54000,4472.25
ORD03587,27-03-2025,CUST1507,Elizabeth Owens,Laptop,Electronics,West,Kolkata,6,300000,47047.44
ORD03588,25-06-2025,CUST1823,Alex Lamb,Mouse,Electronics,East,Delhi,4,2000,321.67
ORD03589,02-07-2025,CUST1491,Kenneth Graham,Laptop,Electronics,South,Mumbai,2,100000,20409.34
ORD03590,28-11-2024,CUST1094,Roy King,Chair,Furniture,North,Pune,4,28000,7345.65
ORD03591,26-02-2025,CUST1174,George Gregory,Monitor,Electronics,North,Delhi,7,84000,12459.24
ORD03592,09-04-2024,CUST1046,Wesley Rich,Printer,Office Supplies,West,Chennai,2,18000,1852.7
ORD03593,10-04-2025,CUST1859,Stephanie Hunter,Notebook,Office Supplies,North,Kolkata,5,500,116.6
ORD03594,15-08-2025,CUST1672,Raymond Finley,Laptop,Electronics,South,Ahmedabad,3,150000,32892.34
ORD03595,02-07-2024,CUST1723,Allen Hunt,Mouse,Electronics,South,Delhi,6,3000,835.06
ORD03596,18-07-2024,CUST1055,Stacie Sanford,Notebook,Office Supplies,South,Kolkata,1,100,21.95
ORD03597,20-01-2024,CUST1691,Christina Compton,Desk,Furniture,East,Bengaluru,6,90000,13456.5
ORD03598,08-04-2024,CUST1296,Beverly Cook,Keyboard,Electronics,South,Delhi,5,6000,1373.45
ORD03599,15-04-2024,CUST1322,Tracy Parker,Notebook,Office Supplies,North,Pune,7,700,207.53
ORD03600,15-02-2025,CUST1434,Rebecca Ellis,Desk,Furniture,South,Ahmedabad,3,45000,3841.86
ORD03601,19-05-2024,CUST1284,Aaron Hernandez,Keyboard,Electronics,North,Delhi,3,3600,562.62
ORD03602,24-08-2025,CUST1133,Elizabeth Miller,Desk,Furniture,South,Bengaluru,4,60000,8794.34
ORD03603,01-11-2025,CUST1028,Dalton Davis,Laptop,Electronics,North,Delhi,6,300000,50040.1
ORD03604,19-09-2024,CUST1547,Michael Singleton,Mouse,Electronics,East,Ahmedabad,2,1000,254.08
ORD03605,19-10-2025,CUST1178,John Cooper,Monitor,Electronics,East,Bengaluru,2,24000,2935.68
ORD03606,11-06-2024,CUST1249,Michael Hale,Notebook,Office Supplies,East,Chennai,2,200,70.68
ORD03607,09-08-2024,CUST1311,Mary Guerra,Notebook,Office Supplies,South,Kolkata,5,500,134.99
ORD03608,14-03-2025,CUST1812,Pamela Davis,Chair,Furniture,North,Bengaluru,5,35000,9324.41
ORD03609,01-10-2024,CUST1178,Phillip Anderson,Chair,Furniture,North,Chennai,7,49000,11731.08
ORD03610,13-10-2025,CUST1686,Stephanie Weiss,Monitor,Electronics,West,Ahmedabad,7,84000,14492.68
ORD03611,28-04-2025,CUST1850,Jessica Long,Chair,Furniture,South,Chennai,6,42000,8467.29
ORD03612,30-06-2024,CUST1392,John Yang,Notebook,Office Supplies,West,Chennai,2,200,54.05
ORD03613,03-02-2025,CUST1983,Connie Franklin,Desk,Furniture,South,Chennai,2,30000,3097.82
ORD03614,02-03-2025,CUST1426,Jackie Morgan,Monitor,Electronics,East,Mumbai,1,12000,1929.16
ORD03615,13-01-2025,CUST1224,Lisa Walton,Chair,Furniture,South,Kolkata,8,56000,16375.15
ORD03616,28-03-2025,CUST1796,Maria Taylor,Desk,Furniture,East,Kolkata,3,45000,4714.88
ORD03617,12-12-2024,CUST1213,Daniel Graham,Notebook,Office Supplies,West,Bengaluru,6,600,198.03
ORD03618,26-07-2024,CUST1898,Matthew Simmons,Desk,Furniture,West,Hyderabad,4,60000,5705.69
ORD03619,01-05-2025,CUST1083,James Nicholson,Keyboard,Electronics,South,Hyderabad,5,6000,914.35
ORD03620,14-07-2025,CUST1953,Tyler Fisher,Notebook,Office Supplies,South,Chennai,4,400,137.64
ORD03621,20-10-2024,CUST1420,Michael Flowers,Chair,Furniture,East,Kolkata,4,28000,8848.78
ORD03622,13-04-2024,CUST1402,Bradley Parks,Monitor,Electronics,South,Pune,1,12000,1706
ORD03623,13-07-2025,CUST1806,Scott Lara,Printer,Office Supplies,North,Kolkata,4,36000,3850.37
ORD03624,20-11-2025,CUST1969,Francis Andrews,Mouse,Electronics,North,Mumbai,6,3000,802.74
ORD03625,31-03-2024,CUST1029,Jesse Tucker,Notebook,Office Supplies,South,Delhi,4,400,134.01
ORD03626,23-01-2025,CUST1060,Jennifer Wise,Printer,Office Supplies,West,Bengaluru,4,36000,3543.81
ORD03627,20-09-2025,CUST1433,David Walters,Laptop,Electronics,West,Delhi,2,100000,15557.79
ORD03628,10-08-2025,CUST1212,Rebekah Cole,Keyboard,Electronics,North,Bengaluru,7,8400,1913.77
ORD03629,20-07-2024,CUST1606,John Rogers,Mouse,Electronics,East,Hyderabad,5,2500,516.42
ORD03630,11-10-2024,CUST1858,Holly Floyd,Notebook,Office Supplies,South,Bengaluru,3,300,80.46
ORD03631,19-02-2025,CUST1210,Ms. Janet Leonard,Notebook,Office Supplies,South,Mumbai,5,500,136
ORD03632,22-08-2025,CUST1881,George Villa,Printer,Office Supplies,East,Delhi,3,27000,3101.84
ORD03633,25-09-2024,CUST1517,Christina Hess,Monitor,Electronics,North,Mumbai,7,84000,15024.19
ORD03634,27-01-2025,CUST1735,Jordan Williams,Keyboard,Electronics,East,Hyderabad,7,8400,1884.14
ORD03635,19-11-2025,CUST1026,Bryan Burns,Mouse,Electronics,West,Ahmedabad,7,3500,747.59
ORD03636,23-04-2024,CUST1033,Stephen Parks,Monitor,Electronics,North,Kolkata,6,72000,8989.97
ORD03637,07-08-2025,CUST1028,George Phillips,Mouse,Electronics,North,Kolkata,3,1500,300.28
ORD03638,04-02-2024,CUST1779,Kimberly White,Monitor,Electronics,North,Ahmedabad,5,60000,10249.46
ORD03639,05-10-2024,CUST1220,Alan Nguyen,Monitor,Electronics,West,Kolkata,4,48000,6215.8
ORD03640,07-10-2024,CUST1546,Linda Howard,Printer,Office Supplies,North,Pune,4,36000,4587.11
ORD03641,04-03-2024,CUST1977,Parker Wright,Laptop,Electronics,North,Kolkata,5,250000,33892.49
ORD03642,14-09-2024,CUST1930,Brandon Acosta,Printer,Office Supplies,North,Mumbai,4,36000,2601.43
ORD03643,15-08-2025,CUST1670,Jessica Hill,Notebook,Office Supplies,North,Delhi,1,100,38.56
ORD03644,14-06-2024,CUST1915,Melissa Sanchez,Laptop,Electronics,North,Bengaluru,5,250000,49216.24
ORD03645,17-02-2025,CUST1937,Sandy Oconnor,Notebook,Office Supplies,North,Mumbai,7,700,263.65
ORD03646,04-05-2024,CUST1977,Judy Jones,Laptop,Electronics,South,Pune,4,200000,31506.73
ORD03647,08-06-2024,CUST1061,Charles Davila,Desk,Furniture,South,Chennai,5,75000,9288.99
ORD03648,13-12-2025,CUST1489,Sonia Reyes,Monitor,Electronics,North,Hyderabad,2,24000,3439.01
ORD03649,26-01-2025,CUST1060,Mrs. Tammy Curry,Mouse,Electronics,North,Chennai,4,2000,551.09
ORD03650,29-03-2024,CUST1809,Alex Clements,Printer,Office Supplies,West,Mumbai,2,18000,2183.63
ORD03651,10-04-2024,CUST1596,Matthew Andrade,Monitor,Electronics,East,Delhi,3,36000,6315.92
ORD03652,16-11-2025,CUST1888,Jessica Wilson,Keyboard,Electronics,North,Bengaluru,5,6000,1492.47
ORD03653,15-05-2024,CUST1860,Dean Turner,Mouse,Electronics,West,Pune,5,2500,415.37
ORD03654,14-12-2025,CUST1076,Sarah Sanchez,Desk,Furniture,South,Kolkata,3,45000,6723.99
ORD03655,28-10-2024,CUST1880,Jacqueline Kennedy,Printer,Office Supplies,West,Ahmedabad,6,54000,5370.38
ORD03656,22-03-2024,CUST1038,Jessica Burgess,Mouse,Electronics,West,Pune,4,2000,454.28
ORD03657,14-08-2025,CUST1293,Destiny Powers,Mouse,Electronics,South,Ahmedabad,7,3500,595.42
ORD03658,19-02-2024,CUST1077,Susan Gregory,Keyboard,Electronics,South,Mumbai,2,2400,436.33
ORD03659,24-02-2025,CUST1611,Jason Smith,Desk,Furniture,West,Bengaluru,4,60000,6472.06
ORD03660,16-09-2024,CUST1833,Carlos Adams,Notebook,Office Supplies,East,Chennai,2,200,56.63
ORD03661,02-11-2025,CUST1508,Vanessa Flores,Keyboard,Electronics,East,Mumbai,6,7200,1159.63
ORD03662,16-10-2024,CUST1498,Albert Nguyen,Laptop,Electronics,North,Hyderabad,3,150000,29154.54
ORD03663,11-09-2025,CUST1289,Dwayne Joseph,Chair,Furniture,South,Delhi,6,42000,10033.29
ORD03664,05-10-2025,CUST1717,Leah Walters,Laptop,Electronics,East,Kolkata,6,300000,41233.33
ORD03665,15-02-2025,CUST1213,James Spears,Printer,Office Supplies,East,Chennai,6,54000,6822.62
ORD03666,07-07-2024,CUST1459,Gilbert Reed,Chair,Furniture,North,Hyderabad,3,21000,6357.97
ORD03667,31-10-2025,CUST1370,Joel Newton,Keyboard,Electronics,West,Chennai,7,8400,1583.44
ORD03668,09-01-2024,CUST1487,Michael Chambers,Laptop,Electronics,North,Delhi,5,250000,41835.1
ORD03669,31-10-2025,CUST1943,Andrew Phelps,Mouse,Electronics,East,Mumbai,5,2500,668.48
ORD03670,22-01-2025,CUST1521,Lynn Hoffman,Monitor,Electronics,West,Bengaluru,1,12000,2325.77
ORD03671,08-06-2025,CUST1455,Daniel Mercer,Chair,Furniture,North,Delhi,1,7000,2051.83
ORD03672,05-09-2025,CUST1060,Edgar Stewart,Laptop,Electronics,East,Mumbai,7,350000,59566.93
ORD03673,08-01-2024,CUST1483,Alyssa Weber,Printer,Office Supplies,West,Bengaluru,3,27000,2758.8
ORD03674,06-11-2025,CUST1165,Guy Reynolds,Monitor,Electronics,South,Ahmedabad,2,24000,2782.9
ORD03675,23-07-2025,CUST1158,Allison Mcpherson DDS,Keyboard,Electronics,East,Delhi,3,3600,582.18
ORD03676,08-06-2024,CUST1538,David Morse Jr.,Chair,Furniture,South,Chennai,8,56000,12544.63
ORD03677,04-04-2024,CUST1039,Sarah Davis,Chair,Furniture,East,Hyderabad,1,7000,1226.35
ORD03678,14-04-2024,CUST1721,Willie Duncan,Mouse,Electronics,North,Ahmedabad,4,2000,406.48
ORD03679,17-11-2024,CUST1198,Christopher Waters,Desk,Furniture,East,Hyderabad,1,15000,2152.13
ORD03680,27-06-2025,CUST1606,Jennifer Ortiz,Keyboard,Electronics,South,Delhi,3,3600,834.97
ORD03681,18-12-2025,CUST1958,Jennifer Greene,Notebook,Office Supplies,East,Hyderabad,5,500,115.59
ORD03682,30-01-2024,CUST1130,Jack Garcia,Laptop,Electronics,North,Mumbai,8,400000,73045.04
ORD03683,21-10-2024,CUST1931,Toni Gill,Laptop,Electronics,East,Ahmedabad,5,250000,34262.82
ORD03684,09-05-2024,CUST1805,Joseph Myers,Chair,Furniture,North,Pune,2,14000,3737.86
ORD03685,10-04-2025,CUST1294,Kathleen Marshall,Chair,Furniture,South,Delhi,8,56000,14467.63
ORD03686,21-11-2025,CUST1568,Joanna Bradshaw,Keyboard,Electronics,South,Delhi,2,2400,520.77
ORD03687,24-05-2025,CUST1934,Dylan Patel,Notebook,Office Supplies,North,Ahmedabad,4,400,138.43
ORD03688,09-04-2024,CUST1227,John Jackson,Printer,Office Supplies,West,Pune,2,18000,1981.05
ORD03689,15-01-2024,CUST1326,Janet Delgado,Monitor,Electronics,East,Chennai,7,84000,13327.74
ORD03690,29-08-2025,CUST1585,Jennifer Fields,Desk,Furniture,East,Delhi,8,120000,16855.9
ORD03691,01-01-2024,CUST1854,Brenda Harvey,Chair,Furniture,West,Kolkata,3,21000,5489.12
ORD03692,05-06-2024,CUST1532,Ms. Monique Dougherty MD,Laptop,Electronics,West,Delhi,5,250000,41200.72
ORD03693,01-02-2025,CUST1339,Keith Kennedy,Notebook,Office Supplies,West,Hyderabad,2,200,68.2
ORD03694,06-10-2024,CUST1380,Jacob Paul,Monitor,Electronics,West,Delhi,4,48000,6994.14
ORD03695,30-03-2025,CUST1424,Martha Arnold,Mouse,Electronics,North,Ahmedabad,7,3500,686.08
ORD03696,19-07-2025,CUST1059,Sarah Martin,Notebook,Office Supplies,South,Chennai,2,200,52.76
ORD03697,18-07-2024,CUST1490,Shaun Thompson,Monitor,Electronics,West,Bengaluru,1,12000,1812.99
ORD03698,15-04-2025,CUST1792,Tammy Morris,Notebook,Office Supplies,West,Bengaluru,5,500,129.24
ORD03699,22-11-2025,CUST1188,Steven Clark,Desk,Furniture,South,Bengaluru,1,15000,1834.02
ORD03700,08-06-2025,CUST1004,David Morrison,Chair,Furniture,North,Pune,3,21000,4344.66
ORD03701,11-11-2024,CUST1113,Rebecca Kaufman DDS,Mouse,Electronics,East,Chennai,8,4000,990.58
ORD03702,01-12-2024,CUST1547,Larry Rivera,Monitor,Electronics,East,Chennai,7,84000,13358.67
ORD03703,21-08-2025,CUST1950,Caitlin Ford,Printer,Office Supplies,North,Kolkata,5,45000,5433.78
ORD03704,22-01-2025,CUST1015,Adriana Johnson,Keyboard,Electronics,South,Pune,8,9600,1992.69
ORD03705,01-09-2024,CUST1781,Sharon Cowan,Keyboard,Electronics,South,Ahmedabad,6,7200,1398.68
ORD03706,25-10-2024,CUST1367,Andrea Butler,Keyboard,Electronics,South,Ahmedabad,6,7200,1591.77
ORD03707,22-05-2024,CUST1537,Mike Martinez,Mouse,Electronics,West,Ahmedabad,6,3000,715.45
ORD03708,23-05-2024,CUST1619,Maria Ferguson,Laptop,Electronics,West,Kolkata,5,250000,32046.91
ORD03709,11-04-2024,CUST1497,John Barber,Keyboard,Electronics,East,Bengaluru,2,2400,463.48
ORD03710,30-03-2024,CUST1417,James Short,Keyboard,Electronics,West,Bengaluru,3,3600,515.42
ORD03711,27-08-2025,CUST1180,Heidi Moran,Mouse,Electronics,West,Kolkata,6,3000,733.06
ORD03712,06-01-2024,CUST1405,Marie Patterson,Monitor,Electronics,South,Bengaluru,8,96000,17496.9
ORD03713,04-05-2024,CUST1859,Charles Baker,Desk,Furniture,South,Bengaluru,1,15000,2308.87
ORD03714,01-01-2025,CUST1007,Nicole Rodriguez,Laptop,Electronics,South,Bengaluru,5,250000,45854.25
ORD03715,22-08-2025,CUST1049,Jason Morgan,Laptop,Electronics,North,Ahmedabad,7,350000,47699.3
ORD03716,19-08-2024,CUST1501,Rebecca Clark,Monitor,Electronics,West,Mumbai,4,48000,6654.26
ORD03717,23-01-2024,CUST1188,Martin Jones,Laptop,Electronics,East,Kolkata,1,50000,6613.93
ORD03718,14-12-2024,CUST1385,Katherine Sanchez,Mouse,Electronics,East,Hyderabad,7,3500,606.56
ORD03719,06-09-2025,CUST1316,Edward Wallace,Mouse,Electronics,North,Hyderabad,6,3000,602.14
ORD03720,18-12-2024,CUST1744,Melissa Carroll,Keyboard,Electronics,South,Bengaluru,4,4800,672.27
ORD03721,28-10-2025,CUST1642,Pam Hernandez,Monitor,Electronics,West,Hyderabad,2,24000,4598.73
ORD03722,23-10-2024,CUST1451,Daniel Wood,Mouse,Electronics,East,Ahmedabad,5,2500,494.39
ORD03723,01-05-2024,CUST1629,Eddie Duffy,Printer,Office Supplies,East,Chennai,1,9000,1052.48
ORD03724,17-11-2025,CUST1462,Mark Alvarez,Monitor,Electronics,West,Kolkata,2,24000,4507.19
ORD03725,18-12-2024,CUST1181,Edward Manning,Notebook,Office Supplies,West,Kolkata,7,700,189.84
ORD03726,12-08-2025,CUST1163,Bridget Carter,Mouse,Electronics,North,Chennai,3,1500,236.25
ORD03727,16-03-2024,CUST1816,Mark Johnson,Printer,Office Supplies,North,Bengaluru,1,9000,849.66
ORD03728,26-04-2024,CUST1400,Eric Silva,Keyboard,Electronics,West,Hyderabad,4,4800,711.89
ORD03729,04-05-2025,CUST1647,Nathan Mcgee,Laptop,Electronics,West,Ahmedabad,7,350000,67883.74
ORD03730,22-07-2024,CUST1700,Jennifer Montgomery MD,Desk,Furniture,West,Mumbai,4,60000,5625.29
ORD03731,21-05-2024,CUST1387,Christopher Farrell,Desk,Furniture,East,Chennai,3,45000,4012.02
ORD03732,26-03-2024,CUST1085,James Grimes,Notebook,Office Supplies,East,Bengaluru,4,400,149.64
ORD03733,30-01-2024,CUST1961,Mr. Joseph Thompson,Chair,Furniture,South,Hyderabad,4,28000,4990.61
ORD03734,04-07-2025,CUST1578,Alexis Arroyo,Desk,Furniture,South,Ahmedabad,4,60000,7501.53
ORD03735,23-03-2025,CUST1352,Eric Walker,Mouse,Electronics,West,Kolkata,4,2000,345.81
ORD03736,02-07-2025,CUST1730,Richard Mccormick,Monitor,Electronics,East,Mumbai,3,36000,6925.71
ORD03737,23-05-2025,CUST1422,Heather Stevens,Printer,Office Supplies,East,Mumbai,4,36000,4251.13
ORD03738,22-05-2024,CUST1042,Susan Larsen,Desk,Furniture,North,Mumbai,4,60000,9011.59
ORD03739,27-12-2024,CUST1167,Rachel Warren,Chair,Furniture,West,Kolkata,1,7000,2080.25
ORD03740,13-08-2024,CUST1892,Dale Beck,Chair,Furniture,East,Mumbai,3,21000,5032.91
ORD03741,13-10-2024,CUST1323,Brett Rivera,Keyboard,Electronics,East,Ahmedabad,8,9600,1554.91
ORD03742,09-01-2025,CUST1688,Juan Nichols,Monitor,Electronics,West,Chennai,8,96000,18289.57
ORD03743,23-09-2024,CUST1541,Shelia Waller,Notebook,Office Supplies,West,Pune,8,800,308.75
ORD03744,14-08-2025,CUST1294,Keith Wright,Notebook,Office Supplies,East,Mumbai,3,300,71.89
ORD03745,21-05-2024,CUST1322,Patrick Norris,Laptop,Electronics,North,Kolkata,5,250000,42483.49
ORD03746,30-06-2025,CUST1951,Danielle Norris,Keyboard,Electronics,East,Mumbai,7,8400,1505.61
ORD03747,09-05-2024,CUST1768,Andrew Lynch,Keyboard,Electronics,West,Kolkata,1,1200,292.76
ORD03748,24-08-2024,CUST1757,Anna Lee,Printer,Office Supplies,East,Delhi,3,27000,2857.59
ORD03749,02-10-2024,CUST1887,Amy Leach,Printer,Office Supplies,South,Mumbai,4,36000,3075.99
ORD03750,03-11-2025,CUST1380,Amy Perez,Keyboard,Electronics,North,Bengaluru,2,2400,422.73
ORD03751,20-05-2025,CUST1472,Lauren Marshall,Keyboard,Electronics,North,Pune,4,4800,840.6
ORD03752,19-04-2025,CUST1878,Rachael Flores,Desk,Furniture,South,Chennai,8,120000,16327.06
ORD03753,23-02-2024,CUST1469,Christina Wilson,Mouse,Electronics,North,Ahmedabad,5,2500,615.38
ORD03754,08-04-2025,CUST1568,Craig Daniels,Monitor,Electronics,South,Ahmedabad,3,36000,4083.29
ORD03755,08-06-2024,CUST1710,John Hudson,Monitor,Electronics,North,Pune,8,96000,15653.73
ORD03756,08-02-2025,CUST1499,Shannon Rodriguez,Desk,Furniture,West,Hyderabad,2,30000,4070.38
ORD03757,07-10-2025,CUST1224,Paula Lee,Laptop,Electronics,South,Kolkata,7,350000,51551.53
ORD03758,21-05-2024,CUST1904,Lisa Bryant,Monitor,Electronics,South,Delhi,1,12000,1381.85
ORD03759,01-10-2024,CUST1129,Paul Guzman,Laptop,Electronics,West,Pune,5,250000,45091.25
ORD03760,05-08-2024,CUST1433,Christopher Hunter MD,Monitor,Electronics,West,Kolkata,4,48000,9329.12
ORD03761,08-12-2025,CUST1553,Elizabeth Camacho,Laptop,Electronics,West,Hyderabad,3,150000,34103.78
ORD03762,09-12-2024,CUST1655,Donald Hoffman,Mouse,Electronics,East,Pune,4,2000,408.63
ORD03763,14-01-2025,CUST1939,Jeremiah Rowland,Notebook,Office Supplies,West,Pune,3,300,64.3
ORD03764,29-05-2024,CUST1267,Katherine Flores,Laptop,Electronics,East,Mumbai,2,100000,21964.54
ORD03765,30-10-2025,CUST1992,Julie Martin,Monitor,Electronics,North,Mumbai,6,72000,7883.47
ORD03766,22-04-2024,CUST1486,Jeffrey Torres,Mouse,Electronics,East,Delhi,6,3000,577.54
ORD03767,05-06-2025,CUST1590,Jessica Little,Laptop,Electronics,North,Pune,4,200000,45755.83
ORD03768,03-03-2024,CUST1278,Catherine Maxwell,Chair,Furniture,South,Mumbai,2,14000,2578.63
ORD03769,05-06-2025,CUST1348,Cindy Shaw,Desk,Furniture,North,Ahmedabad,7,105000,11730.31
ORD03770,01-11-2025,CUST1105,Joseph Garcia,Desk,Furniture,East,Ahmedabad,4,60000,7296.94
ORD03771,26-12-2024,CUST1517,Leon Duncan,Printer,Office Supplies,North,Ahmedabad,5,45000,4386.82
ORD03772,16-02-2025,CUST1528,Christopher Miranda,Laptop,Electronics,East,Kolkata,1,50000,6856.79
ORD03773,06-04-2025,CUST1562,Sarah Bishop,Chair,Furniture,East,Delhi,8,56000,10723.91
ORD03774,18-04-2025,CUST1809,Tyler Zavala,Mouse,Electronics,North,Kolkata,1,500,87.21
ORD03775,22-03-2025,CUST1095,Rachel Chan,Monitor,Electronics,North,Chennai,8,96000,16142.92
ORD03776,13-06-2025,CUST1432,Timothy Kennedy,Notebook,Office Supplies,North,Mumbai,7,700,270.6
ORD03777,16-08-2025,CUST1753,Elizabeth Thomas,Printer,Office Supplies,South,Ahmedabad,7,63000,6067.68
ORD03778,12-02-2024,CUST1736,Hector Mcgee,Keyboard,Electronics,East,Delhi,7,8400,1242.2
ORD03779,18-09-2024,CUST1365,Jeffery Long,Desk,Furniture,North,Chennai,4,60000,6659.67
ORD03780,02-06-2024,CUST1558,Philip Powell,Notebook,Office Supplies,East,Ahmedabad,6,600,173.49
ORD03781,15-08-2025,CUST1671,Heather Trujillo,Desk,Furniture,South,Pune,4,60000,9305.52
ORD03782,25-05-2024,CUST1096,Pamela Smith,Keyboard,Electronics,West,Hyderabad,7,8400,1579.38
ORD03783,04-12-2024,CUST1552,Christine Moran,Desk,Furniture,East,Kolkata,1,15000,1331.86
ORD03784,01-08-2024,CUST1004,James Morris,Notebook,Office Supplies,South,Delhi,8,800,255.08
ORD03785,18-04-2025,CUST1183,Erika Castro,Keyboard,Electronics,West,Kolkata,6,7200,1184.7
ORD03786,12-03-2024,CUST1653,Daniel Shaw,Notebook,Office Supplies,East,Delhi,4,400,102.36
ORD03787,14-06-2025,CUST1379,Ashley Sanchez,Keyboard,Electronics,East,Kolkata,6,7200,1116.68
ORD03788,11-07-2025,CUST1478,John Griffith,Mouse,Electronics,South,Delhi,4,2000,309.17
ORD03789,09-01-2024,CUST1654,Wesley Williams,Printer,Office Supplies,West,Ahmedabad,3,27000,3325.32
ORD03790,25-04-2025,CUST1466,Melissa Stout,Keyboard,Electronics,North,Mumbai,8,9600,2257.95
ORD03791,10-12-2025,CUST1750,Mr. Lawrence Brooks,Chair,Furniture,West,Kolkata,3,21000,4679.97
ORD03792,03-03-2024,CUST1008,Mark Hill,Monitor,Electronics,West,Mumbai,1,12000,2102.65
ORD03793,24-05-2024,CUST1733,Thomas Rodriguez,Keyboard,Electronics,East,Bengaluru,2,2400,349.84
ORD03794,15-05-2025,CUST1221,Paul Nguyen,Monitor,Electronics,North,Chennai,5,60000,9945.73
ORD03795,06-04-2024,CUST1775,Jennifer Hernandez,Printer,Office Supplies,West,Mumbai,8,72000,9297.17
ORD03796,27-12-2025,CUST1624,Edwin Gonzalez,Printer,Office Supplies,West,Chennai,2,18000,1666.29
ORD03797,20-02-2025,CUST1303,David Armstrong,Notebook,Office Supplies,North,Kolkata,7,700,243.98
ORD03798,29-09-2024,CUST1016,Debbie Schmidt,Monitor,Electronics,North,Chennai,4,48000,6282.31
ORD03799,15-10-2024,CUST1967,Alex Barton,Keyboard,Electronics,South,Kolkata,3,3600,908.43
ORD03800,01-10-2025,CUST1205,Richard Dawson,Desk,Furniture,South,Bengaluru,4,60000,8411.03
ORD03801,06-09-2024,CUST1638,Scott Stein,Mouse,Electronics,North,Hyderabad,2,1000,254.35
ORD03802,04-05-2025,CUST1687,Stephen Lopez,Laptop,Electronics,South,Kolkata,6,300000,60262.25
ORD03803,17-10-2025,CUST1600,Joel Cook,Laptop,Electronics,North,Mumbai,2,100000,16213.41
ORD03804,08-04-2024,CUST1044,Michele Scott,Desk,Furniture,North,Kolkata,1,15000,2064.84
ORD03805,31-05-2025,CUST1033,Allison Wilson,Keyboard,Electronics,South,Kolkata,7,8400,1184.98
ORD03806,24-04-2025,CUST1931,James Tucker,Desk,Furniture,East,Hyderabad,4,60000,7931.91
ORD03807,03-06-2025,CUST1512,Joseph Durham,Monitor,Electronics,South,Chennai,4,48000,6416.54
ORD03808,20-04-2024,CUST1290,Alexis Kim,Printer,Office Supplies,West,Hyderabad,2,18000,1908.13
ORD03809,28-12-2025,CUST1517,Jonathan Yates,Mouse,Electronics,West,Kolkata,5,2500,511.85
ORD03810,24-01-2024,CUST1897,Katherine Andrews,Chair,Furniture,South,Mumbai,4,28000,8311.71
ORD03811,21-02-2025,CUST1433,Morgan Cunningham,Printer,Office Supplies,East,Bengaluru,3,27000,3214
ORD03812,07-12-2024,CUST1270,Phyllis Schmidt,Keyboard,Electronics,South,Hyderabad,5,6000,1122.85
ORD03813,05-02-2024,CUST1705,Sarah Miller,Keyboard,Electronics,South,Delhi,5,6000,841.88
ORD03814,13-11-2025,CUST1764,Lisa Kaiser,Notebook,Office Supplies,West,Delhi,1,100,22.55
ORD03815,26-07-2025,CUST1784,Pamela Jordan,Desk,Furniture,East,Pune,2,30000,3792.73
ORD03816,27-04-2024,CUST1410,Jerry Gilmore,Monitor,Electronics,South,Delhi,3,36000,5385.44
ORD03817,06-03-2025,CUST1865,Marie Jones,Monitor,Electronics,South,Kolkata,4,48000,6423.56
ORD03818,29-02-2024,CUST1058,Gina Rose,Monitor,Electronics,North,Delhi,1,12000,1356.56
ORD03819,17-06-2025,CUST1116,Samantha Reynolds,Monitor,Electronics,North,Pune,2,24000,3714.58
ORD03820,24-08-2024,CUST1343,Kenneth Smith,Laptop,Electronics,East,Mumbai,3,150000,27432.98
ORD03821,21-02-2024,CUST1636,Alicia Perez,Desk,Furniture,South,Delhi,3,45000,5804.98
ORD03822,03-03-2025,CUST1434,David Walker,Chair,Furniture,North,Ahmedabad,4,28000,7560.1
ORD03823,20-10-2025,CUST1025,Erin Ellis,Notebook,Office Supplies,North,Bengaluru,7,700,168.47
ORD03824,23-12-2024,CUST1873,Patricia Andrews,Keyboard,Electronics,East,Hyderabad,7,8400,1700.07
ORD03825,21-12-2024,CUST1933,Spencer Camacho,Chair,Furniture,South,Mumbai,8,56000,16913.16
ORD03826,28-11-2025,CUST1561,Raymond Harris,Mouse,Electronics,South,Ahmedabad,1,500,141.65
ORD03827,26-07-2024,CUST1619,Alexander Guzman,Laptop,Electronics,West,Pune,7,350000,62893.96
ORD03828,07-05-2024,CUST1764,Penny Fernandez,Keyboard,Electronics,East,Bengaluru,2,2400,496.62
ORD03829,21-02-2025,CUST1751,Erin Stewart,Notebook,Office Supplies,East,Delhi,4,400,118.15
ORD03830,13-03-2025,CUST1490,Daniel Turner,Mouse,Electronics,North,Hyderabad,7,3500,914.28
ORD03831,08-05-2024,CUST1673,Devin Mayer,Printer,Office Supplies,South,Kolkata,7,63000,7697.59
ORD03832,11-11-2025,CUST1682,Henry Taylor,Monitor,Electronics,East,Delhi,7,84000,12938.29
ORD03833,17-10-2025,CUST1165,Jessica Flowers,Mouse,Electronics,West,Kolkata,7,3500,945.14
ORD03834,18-03-2025,CUST1445,Jeremy Manning,Keyboard,Electronics,West,Delhi,3,3600,583.52
ORD03835,28-03-2024,CUST1972,Jamie Griffin,Monitor,Electronics,West,Chennai,8,96000,15640.54
ORD03836,18-10-2025,CUST1616,Daniel James,Keyboard,Electronics,North,Hyderabad,3,3600,741.73
ORD03837,02-08-2025,CUST1548,Anna Thompson,Chair,Furniture,North,Bengaluru,4,28000,8295.38
ORD03838,06-05-2025,CUST1476,Misty Martinez,Desk,Furniture,South,Kolkata,6,90000,11593.72
ORD03839,26-01-2024,CUST1562,Barbara Burns,Desk,Furniture,South,Chennai,8,120000,13364.77
ORD03840,15-03-2024,CUST1940,Nicole Stewart,Laptop,Electronics,East,Mumbai,6,300000,38750.17
ORD03841,31-01-2025,CUST1337,William Marsh,Printer,Office Supplies,West,Ahmedabad,2,18000,2223.3
ORD03842,26-12-2024,CUST1888,David Rodriguez,Mouse,Electronics,West,Chennai,3,1500,347.87
ORD03843,26-04-2024,CUST1861,Adam Lara,Mouse,Electronics,East,Kolkata,8,4000,658.39
ORD03844,04-01-2025,CUST1792,Scott Gomez,Laptop,Electronics,North,Delhi,1,50000,11014.4
ORD03845,21-12-2025,CUST1653,Sara Hamilton,Keyboard,Electronics,South,Hyderabad,5,6000,1034.23
ORD03846,20-02-2024,CUST1641,Elizabeth Key,Printer,Office Supplies,South,Delhi,6,54000,5851.82
ORD03847,14-04-2024,CUST1748,Mason Price,Keyboard,Electronics,South,Chennai,4,4800,682.38
ORD03848,04-02-2025,CUST1855,Trevor Hill,Laptop,Electronics,North,Hyderabad,2,100000,19552.46
ORD03849,24-01-2024,CUST1411,Erica Taylor,Chair,Furniture,East,Bengaluru,3,21000,5475.61
ORD03850,12-07-2024,CUST1417,Justin Anderson,Keyboard,Electronics,South,Mumbai,3,3600,602.09
ORD03851,12-02-2024,CUST1013,Michael Farmer,Laptop,Electronics,West,Ahmedabad,7,350000,50456
ORD03852,25-06-2024,CUST1926,Robert Cline,Laptop,Electronics,West,Kolkata,3,150000,32060.66
ORD03853,10-08-2025,CUST1462,Jacqueline Perry,Keyboard,Electronics,East,Ahmedabad,5,6000,1345.26
ORD03854,15-12-2025,CUST1828,Christopher Mayer,Printer,Office Supplies,East,Hyderabad,5,45000,5834.18
ORD03855,10-11-2025,CUST1984,Natalie Patrick,Mouse,Electronics,East,Kolkata,5,2500,485.67
ORD03856,24-01-2025,CUST1555,Shawn Rodriguez,Printer,Office Supplies,West,Ahmedabad,5,45000,3284.19
ORD03857,16-01-2025,CUST1224,Jonathan Torres,Desk,Furniture,East,Chennai,5,75000,7667.02
ORD03858,15-03-2025,CUST1917,Susan Baker,Mouse,Electronics,West,Chennai,5,2500,510.67
ORD03859,30-10-2024,CUST1575,Richard Rivera,Monitor,Electronics,South,Chennai,5,60000,9036.05
ORD03860,21-05-2025,CUST1221,Amanda Wiggins,Notebook,Office Supplies,West,Kolkata,3,300,109.15
ORD03861,31-01-2024,CUST1881,Amber Bennett,Chair,Furniture,West,Hyderabad,6,42000,8864.13
ORD03862,04-06-2025,CUST1922,Kelly Moore,Desk,Furniture,East,Ahmedabad,8,120000,10119.53
ORD03863,16-09-2025,CUST1574,Steven Davis,Keyboard,Electronics,South,Pune,7,8400,1953.63
ORD03864,16-03-2025,CUST1611,Ashley Alvarez DVM,Chair,Furniture,East,Delhi,4,28000,8559.32
ORD03865,08-11-2024,CUST1326,Kimberly Taylor,Desk,Furniture,North,Chennai,1,15000,2084.21
ORD03866,14-02-2025,CUST1474,Mallory Collins,Laptop,Electronics,South,Delhi,3,150000,27518.59
ORD03867,25-06-2024,CUST1939,Steven Anderson,Laptop,Electronics,South,Delhi,8,400000,58913.59
ORD03868,16-05-2025,CUST1928,Holly Austin,Printer,Office Supplies,South,Chennai,8,72000,6021.83
ORD03869,03-12-2025,CUST1004,Karen Goodman,Chair,Furniture,South,Delhi,6,42000,11551.81
ORD03870,26-07-2025,CUST1359,Christina Robinson,Mouse,Electronics,North,Chennai,7,3500,602.62
ORD03871,13-10-2025,CUST1004,Tom Perez,Laptop,Electronics,East,Chennai,3,150000,30063.87
ORD03872,06-04-2024,CUST1319,Brandon Powell,Laptop,Electronics,South,Chennai,3,150000,34442.63
ORD03873,20-04-2025,CUST1610,Ashley Perez,Monitor,Electronics,East,Ahmedabad,2,24000,2820.82
ORD03874,04-12-2024,CUST1192,Matthew Murphy,Monitor,Electronics,North,Mumbai,8,96000,15440.61
ORD03875,27-12-2024,CUST1589,Mary Meyer,Mouse,Electronics,North,Pune,3,1500,278.32
ORD03876,16-04-2025,CUST1836,Sophia Wolf,Keyboard,Electronics,East,Bengaluru,7,8400,1536.83
ORD03877,14-11-2025,CUST1352,Javier Stanley,Notebook,Office Supplies,North,Delhi,7,700,261.17
ORD03878,16-07-2024,CUST1567,Taylor Johnson,Desk,Furniture,East,Chennai,8,120000,12010.56
ORD03879,22-09-2024,CUST1647,Janice Williams,Chair,Furniture,West,Delhi,6,42000,13363.73
ORD03880,21-03-2024,CUST1488,Christopher Thomas,Mouse,Electronics,East,Chennai,4,2000,393.58
ORD03881,13-08-2024,CUST1705,Robert Martin,Desk,Furniture,West,Delhi,6,90000,12457.58
ORD03882,10-07-2025,CUST1865,Kenneth Webb,Notebook,Office Supplies,North,Kolkata,3,300,88.59
ORD03883,13-09-2024,CUST1394,Mark Montoya,Printer,Office Supplies,North,Bengaluru,4,36000,3054.49
ORD03884,18-01-2025,CUST1986,Jodi Lewis,Mouse,Electronics,West,Bengaluru,6,3000,790.86
ORD03885,26-06-2024,CUST1771,Kimberly Wilson,Notebook,Office Supplies,West,Delhi,5,500,184.47
ORD03886,01-11-2025,CUST1452,Randy Bradshaw,Chair,Furniture,West,Bengaluru,2,14000,3523.44
ORD03887,27-08-2024,CUST1085,Steven Scott,Laptop,Electronics,West,Ahmedabad,1,50000,8589.04
ORD03888,04-09-2025,CUST1344,Katherine Dunn,Laptop,Electronics,North,Kolkata,4,200000,45135.66
ORD03889,03-02-2024,CUST1729,Mary Peterson,Printer,Office Supplies,East,Bengaluru,1,9000,797.81
ORD03890,23-11-2025,CUST1823,Amy Diaz,Keyboard,Electronics,North,Bengaluru,7,8400,1620.24
ORD03891,27-06-2025,CUST1941,Traci Martinez,Monitor,Electronics,North,Pune,5,60000,10520.88
ORD03892,27-10-2025,CUST1155,Jim Rodriguez,Desk,Furniture,North,Bengaluru,2,30000,3940.35
ORD03893,10-01-2025,CUST1047,Elizabeth Marks,Desk,Furniture,South,Bengaluru,4,60000,6771.19
ORD03894,15-05-2024,CUST1482,Jeffrey Joyce,Monitor,Electronics,East,Chennai,2,24000,3052.04
ORD03895,12-09-2025,CUST1624,Sean Wagner,Printer,Office Supplies,North,Mumbai,7,63000,6173.59
ORD03896,19-10-2024,CUST1643,Todd Lutz,Desk,Furniture,East,Ahmedabad,5,75000,9488.54
ORD03897,11-09-2024,CUST1446,Ryan Walker,Mouse,Electronics,East,Ahmedabad,4,2000,478.78
ORD03898,09-06-2024,CUST1680,Nicholas Gomez,Mouse,Electronics,West,Hyderabad,1,500,122.25
ORD03899,21-02-2025,CUST1150,Brittany Heath,Mouse,Electronics,North,Hyderabad,2,1000,196.33
ORD03900,13-12-2024,CUST1828,Rebecca Cox,Keyboard,Electronics,North,Hyderabad,7,8400,2086.48
ORD03901,13-03-2025,CUST1144,Travis Schmidt,Monitor,Electronics,North,Delhi,3,36000,5429.92
ORD03902,08-06-2024,CUST1160,Brett Martin,Printer,Office Supplies,North,Ahmedabad,4,36000,4291.41
ORD03903,29-03-2025,CUST1223,Lisa Bridges,Notebook,Office Supplies,West,Kolkata,2,200,70.33
ORD03904,02-01-2025,CUST1140,Brittany Dunlap,Printer,Office Supplies,West,Hyderabad,2,18000,2094.71
ORD03905,20-12-2024,CUST1870,Shannon Ramirez,Laptop,Electronics,North,Chennai,8,400000,78197.87
ORD03906,21-11-2024,CUST1052,Tiffany Phillips,Monitor,Electronics,North,Bengaluru,1,12000,1534.64
ORD03907,21-01-2025,CUST1760,Valerie English,Laptop,Electronics,South,Hyderabad,3,150000,31473.04
ORD03908,13-11-2024,CUST1653,Chad Hurley,Laptop,Electronics,East,Delhi,4,200000,41287.16
ORD03909,08-04-2025,CUST1779,David Peters,Keyboard,Electronics,West,Delhi,6,7200,1442.59
ORD03910,11-09-2025,CUST1799,Thomas Austin,Monitor,Electronics,South,Pune,1,12000,1553.98
ORD03911,31-10-2024,CUST1640,Amy Jenkins,Notebook,Office Supplies,North,Bengaluru,8,800,265.84
ORD03912,08-04-2024,CUST1045,Rodney Duran,Monitor,Electronics,North,Ahmedabad,7,84000,12915.28
ORD03913,19-02-2024,CUST1892,Tiffany Sanchez,Keyboard,Electronics,East,Mumbai,8,9600,1542.75
ORD03914,02-03-2024,CUST1102,Maria Myers,Monitor,Electronics,East,Bengaluru,4,48000,6253.13
ORD03915,02-07-2025,CUST1673,Ruben Jones,Keyboard,Electronics,South,Chennai,1,1200,182.19
ORD03916,17-07-2025,CUST1757,Desiree Stafford,Monitor,Electronics,South,Mumbai,3,36000,3882.15
ORD03917,14-10-2025,CUST1420,Patrick Blackburn,Notebook,Office Supplies,South,Kolkata,2,200,68.05
ORD03918,23-11-2025,CUST1683,Jeremy Chambers,Laptop,Electronics,North,Hyderabad,4,200000,36809.37
ORD03919,22-04-2025,CUST1767,Alexandra Wilson,Monitor,Electronics,East,Hyderabad,7,84000,13357.76
ORD03920,13-02-2024,CUST1023,Brian Fuller,Notebook,Office Supplies,East,Bengaluru,8,800,194.52
ORD03921,12-04-2024,CUST1799,Matthew Evans,Mouse,Electronics,North,Hyderabad,5,2500,615.59
ORD03922,04-09-2024,CUST1275,Patrick Gibson,Laptop,Electronics,East,Delhi,8,400000,55330.84
ORD03923,14-04-2025,CUST1006,William Lozano,Desk,Furniture,East,Mumbai,2,30000,2909.46
ORD03924,20-10-2025,CUST1311,Dillon Travis,Mouse,Electronics,East,Pune,2,1000,236.13
ORD03925,25-05-2024,CUST1631,Steven Rodriguez,Desk,Furniture,West,Chennai,7,105000,13397.64
ORD03926,06-09-2025,CUST1190,Kevin Walter,Desk,Furniture,West,Kolkata,7,105000,15039.63
ORD03927,01-04-2025,CUST1751,Rebecca Blake,Printer,Office Supplies,North,Kolkata,2,18000,1515.23
ORD03928,28-12-2024,CUST1410,Brian Bright,Keyboard,Electronics,North,Bengaluru,7,8400,1418.44
ORD03929,27-03-2025,CUST1556,Linda Cox,Notebook,Office Supplies,South,Delhi,7,700,263.38
ORD03930,14-04-2025,CUST1100,Mary Copeland,Desk,Furniture,South,Hyderabad,6,90000,10763.83
ORD03931,23-05-2024,CUST1222,Jennifer Little,Chair,Furniture,East,Kolkata,1,7000,1399.17
ORD03932,04-02-2025,CUST1907,Diana Ramsey,Mouse,Electronics,West,Bengaluru,5,2500,483.05
ORD03933,11-08-2024,CUST1000,David Romero,Printer,Office Supplies,East,Mumbai,7,63000,5184.12
ORD03934,09-04-2024,CUST1700,Russell Bird,Mouse,Electronics,East,Bengaluru,8,4000,835.7
ORD03935,07-06-2025,CUST1232,Brian Shaffer,Mouse,Electronics,North,Kolkata,6,3000,535.49
ORD03936,01-03-2025,CUST1268,Jon Garza,Notebook,Office Supplies,West,Delhi,4,400,147.88
ORD03937,05-07-2025,CUST1578,Ashley Norman,Chair,Furniture,West,Hyderabad,7,49000,10876.97
ORD03938,26-07-2025,CUST1798,Kristina Monroe,Laptop,Electronics,South,Delhi,4,200000,33351.94
ORD03939,13-05-2025,CUST1699,Joseph Schaefer,Laptop,Electronics,South,Kolkata,5,250000,46114.66
ORD03940,13-08-2025,CUST1998,Kyle Garza,Monitor,Electronics,South,Bengaluru,2,24000,4173.5
ORD03941,29-02-2024,CUST1392,Tiffany Johnston,Mouse,Electronics,East,Ahmedabad,3,1500,326.55
ORD03942,27-09-2024,CUST1051,Phillip Ward,Chair,Furniture,West,Bengaluru,2,14000,2541.73
ORD03943,23-06-2024,CUST1131,Stephanie Fisher,Mouse,Electronics,South,Pune,2,1000,225.7
ORD03944,21-01-2024,CUST1089,Patrick Reed,Printer,Office Supplies,North,Hyderabad,2,18000,1820.08
ORD03945,06-05-2025,CUST1342,Sarah Berry,Notebook,Office Supplies,West,Pune,1,100,36.26
ORD03946,04-04-2025,CUST1639,Teresa Li,Printer,Office Supplies,North,Chennai,5,45000,4720.42
ORD03947,07-05-2024,CUST1113,Paula Caldwell,Keyboard,Electronics,East,Kolkata,3,3600,549.99
ORD03948,07-04-2024,CUST1566,Keith Johnson,Desk,Furniture,North,Delhi,7,105000,11510.95
ORD03949,09-10-2025,CUST1820,Annette Knapp,Notebook,Office Supplies,East,Kolkata,2,200,59.73
ORD03950,23-07-2024,CUST1848,Monica Atkinson,Monitor,Electronics,North,Bengaluru,2,24000,4665.21
ORD03951,04-04-2025,CUST1837,Robert Cooper,Printer,Office Supplies,South,Kolkata,6,54000,6478.28
ORD03952,15-09-2025,CUST1420,Danielle Griffin,Mouse,Electronics,South,Hyderabad,7,3500,814.67
ORD03953,04-08-2024,CUST1538,Jimmy Ritter,Mouse,Electronics,North,Kolkata,2,1000,229.76
ORD03954,31-07-2024,CUST1658,Riley Clark,Keyboard,Electronics,North,Hyderabad,1,1200,184.39
ORD03955,22-12-2024,CUST1193,Kimberly Morris,Mouse,Electronics,South,Mumbai,7,3500,996.89
ORD03956,08-12-2025,CUST1199,Gregory Ochoa,Notebook,Office Supplies,West,Mumbai,4,400,141.78
ORD03957,23-06-2025,CUST1337,Shannon Cook,Monitor,Electronics,East,Delhi,2,24000,3535.65
ORD03958,27-02-2024,CUST1248,Natalie Huff,Laptop,Electronics,West,Bengaluru,5,250000,50109.67
ORD03959,06-12-2024,CUST1515,Ronald Garcia,Desk,Furniture,South,Chennai,5,75000,8306.49
ORD03960,23-08-2025,CUST1561,Margaret Edwards,Notebook,Office Supplies,North,Bengaluru,4,400,132.97
ORD03961,11-08-2024,CUST1618,Cody Reyes III,Printer,Office Supplies,South,Bengaluru,5,45000,5847.81
ORD03962,05-10-2024,CUST1071,Heather Shaffer,Desk,Furniture,South,Chennai,6,90000,8245.85
ORD03963,07-03-2025,CUST1919,Nicole Chung,Mouse,Electronics,South,Mumbai,5,2500,659.58
ORD03964,08-02-2024,CUST1124,Brian Perkins,Keyboard,Electronics,West,Ahmedabad,4,4800,905.75
ORD03965,31-07-2024,CUST1740,Melody Castro,Chair,Furniture,East,Chennai,6,42000,8976.71
ORD03966,10-08-2024,CUST1794,Kimberly Sanders,Monitor,Electronics,North,Ahmedabad,2,24000,3198.13
ORD03967,17-06-2025,CUST1677,Christina Davis,Laptop,Electronics,East,Delhi,8,400000,76225.64
ORD03968,16-08-2025,CUST1551,Sherri Sullivan,Notebook,Office Supplies,West,Bengaluru,5,500,137.61
ORD03969,17-09-2025,CUST1619,Mike Patel,Chair,Furniture,South,Mumbai,1,7000,1815.52
ORD03970,11-07-2024,CUST1336,Thomas Garcia,Printer,Office Supplies,North,Kolkata,8,72000,7787.74
ORD03971,30-07-2024,CUST1220,Robin Clay,Notebook,Office Supplies,West,Ahmedabad,2,200,44.4
ORD03972,10-12-2025,CUST1139,Kelly Miller,Notebook,Office Supplies,North,Hyderabad,8,800,172.14
ORD03973,24-12-2025,CUST1941,Mrs. Amanda Kelley DDS,Monitor,Electronics,South,Pune,5,60000,11562.95
ORD03974,03-10-2024,CUST1096,Johnny Whitaker,Keyboard,Electronics,South,Delhi,3,3600,783.22
ORD03975,28-08-2024,CUST1444,Mrs. Courtney Wong,Notebook,Office Supplies,East,Pune,4,400,97.31
ORD03976,12-04-2024,CUST1664,Adam Sanchez,Laptop,Electronics,East,Pune,2,100000,22228.85
ORD03977,20-07-2025,CUST1893,Logan Massey,Chair,Furniture,East,Bengaluru,3,21000,4609.07
ORD03978,07-09-2024,CUST1827,Juan Carroll,Laptop,Electronics,East,Delhi,3,150000,30128.66
ORD03979,19-12-2025,CUST1915,Ryan Carpenter,Chair,Furniture,North,Mumbai,8,56000,13255.36
ORD03980,02-03-2025,CUST1280,Stacy Werner,Notebook,Office Supplies,North,Pune,2,200,77.28
ORD03981,16-07-2024,CUST1635,Michelle Holden,Mouse,Electronics,North,Ahmedabad,5,2500,548.35
ORD03982,13-10-2025,CUST1137,Deborah Wood,Printer,Office Supplies,East,Chennai,1,9000,802.76
ORD03983,02-07-2024,CUST1394,Taylor Flores,Mouse,Electronics,North,Mumbai,1,500,110.57
ORD03984,23-11-2024,CUST1631,Tyler Taylor,Laptop,Electronics,East,Bengaluru,4,200000,32075.41
ORD03985,27-06-2024,CUST1247,Victoria Wright,Keyboard,Electronics,West,Kolkata,1,1200,259.32
ORD03986,09-03-2025,CUST1614,Betty Pollard,Notebook,Office Supplies,South,Bengaluru,7,700,220.47
ORD03987,27-01-2025,CUST1095,Katie Alvarez,Desk,Furniture,East,Mumbai,4,60000,6041
ORD03988,17-01-2024,CUST1855,Robert Munoz,Mouse,Electronics,South,Pune,4,2000,468.73
ORD03989,01-06-2024,CUST1301,Michelle Newman,Keyboard,Electronics,North,Kolkata,5,6000,1310.67
ORD03990,11-07-2024,CUST1276,Victoria Marshall,Notebook,Office Supplies,West,Ahmedabad,3,300,90.67
ORD03991,05-07-2025,CUST1619,Amy Montgomery,Monitor,Electronics,South,Ahmedabad,5,60000,9942.55
ORD03992,14-04-2024,CUST1961,Jeffrey Benton Jr.,Chair,Furniture,West,Kolkata,4,28000,6885.09
ORD03993,05-01-2025,CUST1831,Kristin Brown,Chair,Furniture,East,Bengaluru,1,7000,1758.12
ORD03994,29-06-2024,CUST1392,Sean Hernandez,Chair,Furniture,South,Chennai,4,28000,7955.33
ORD03995,28-07-2024,CUST1348,Ana Higgins,Desk,Furniture,North,Chennai,1,15000,1745.75
ORD03996,06-05-2025,CUST1863,Theresa Luna,Keyboard,Electronics,North,Ahmedabad,6,7200,1533.98
ORD03997,02-08-2024,CUST1330,Katherine Padilla,Notebook,Office Supplies,North,Hyderabad,7,700,182.71
ORD03998,13-04-2025,CUST1127,Victoria Lewis,Notebook,Office Supplies,South,Delhi,6,600,130.84
ORD03999,17-07-2025,CUST1520,Joshua Leonard,Laptop,Electronics,West,Ahmedabad,6,300000,46676.59
ORD04000,17-09-2025,CUST1660,Kelly Liu,Chair,Furniture,West,Kolkata,5,35000,10007.75
ORD04001,05-07-2025,CUST1625,Brianna Ryan,Notebook,Office Supplies,East,Hyderabad,7,700,203.7
ORD04002,13-04-2025,CUST1717,Emily Smith,Laptop,Electronics,North,Kolkata,7,350000,70590.1
ORD04003,28-09-2025,CUST1450,Michelle Howard,Laptop,Electronics,North,Mumbai,2,100000,21739.82
ORD04004,23-09-2024,CUST1815,William Austin,Laptop,Electronics,West,Mumbai,4,200000,42445.89
ORD04005,02-01-2025,CUST1428,Monica Oconnor,Desk,Furniture,West,Chennai,7,105000,12452.08
ORD04006,01-06-2025,CUST1432,Kyle Blake,Laptop,Electronics,North,Mumbai,6,300000,40280.98
ORD04007,24-09-2024,CUST1576,Christopher Banks,Notebook,Office Supplies,South,Ahmedabad,8,800,263.35
ORD04008,11-01-2025,CUST1625,Bryan Davis DVM,Chair,Furniture,West,Chennai,4,28000,8972.56
ORD04009,18-01-2024,CUST1661,Tiffany Hughes,Laptop,Electronics,East,Kolkata,5,250000,40253.54
ORD04010,14-11-2024,CUST1046,Michael Taylor,Notebook,Office Supplies,South,Pune,4,400,118.88
ORD04011,20-12-2025,CUST1549,Brendan Kelly,Keyboard,Electronics,South,Chennai,7,8400,1248.68
ORD04012,04-02-2024,CUST1864,Sherry Porter,Printer,Office Supplies,South,Chennai,2,18000,1584.72
ORD04013,23-12-2025,CUST1502,James Perez,Laptop,Electronics,West,Bengaluru,4,200000,36840.61
ORD04014,14-03-2024,CUST1644,Miss Gina Walton,Notebook,Office Supplies,West,Ahmedabad,5,500,151.27
ORD04015,20-02-2025,CUST1880,Alicia Obrien,Chair,Furniture,North,Kolkata,4,28000,8086.71
ORD04016,14-08-2024,CUST1019,Mrs. Jacqueline Jackson,Monitor,Electronics,North,Delhi,6,72000,10878.73
ORD04017,14-08-2025,CUST1386,Kendra Smith,Mouse,Electronics,East,Mumbai,3,1500,317.98
ORD04018,20-10-2025,CUST1942,Alexander Stein,Monitor,Electronics,East,Bengaluru,1,12000,2079.82
ORD04019,20-01-2025,CUST1777,Shannon Sosa,Printer,Office Supplies,West,Delhi,8,72000,6553.2
ORD04020,30-05-2024,CUST1052,Marc White,Monitor,Electronics,South,Kolkata,7,84000,11296.26
ORD04021,15-10-2024,CUST1216,Gregory Wiggins,Monitor,Electronics,East,Kolkata,5,60000,7941.84
ORD04022,04-07-2025,CUST1073,Linda Berry,Notebook,Office Supplies,South,Ahmedabad,4,400,100.75
ORD04023,07-03-2025,CUST1090,Michelle Hobbs,Monitor,Electronics,West,Delhi,6,72000,10409.54
ORD04024,02-04-2025,CUST1308,Charles Fuentes,Printer,Office Supplies,East,Chennai,4,36000,4330.51
ORD04025,26-06-2024,CUST1691,Andrew Medina,Printer,Office Supplies,West,Bengaluru,8,72000,8868.13
ORD04026,31-03-2025,CUST1551,Teresa Aguirre,Notebook,Office Supplies,East,Delhi,4,400,151.91
ORD04027,22-05-2025,CUST1989,Eddie Bailey,Printer,Office Supplies,East,Pune,8,72000,6184.65
ORD04028,29-05-2025,CUST1729,Joseph Mccullough,Chair,Furniture,East,Bengaluru,4,28000,8851.99
ORD04029,15-04-2025,CUST1806,Mr. Zachary Mora DVM,Desk,Furniture,East,Delhi,4,60000,6967.26
ORD04030,05-03-2025,CUST1570,Kimberly Price,Monitor,Electronics,West,Pune,8,96000,13443.49
ORD04031,24-01-2024,CUST1981,Bruce Spencer,Laptop,Electronics,West,Kolkata,5,250000,55047.22
ORD04032,03-09-2025,CUST1455,Jacob Allen,Printer,Office Supplies,East,Ahmedabad,6,54000,4040.88
ORD04033,27-04-2025,CUST1784,Chelsea Powell,Chair,Furniture,South,Ahmedabad,2,14000,2609.67
ORD04034,20-10-2025,CUST1734,Thomas Morse,Laptop,Electronics,North,Pune,1,50000,10559.34
ORD04035,31-12-2024,CUST1743,Susan Zimmerman,Laptop,Electronics,South,Ahmedabad,7,350000,58184.3
ORD04036,21-06-2025,CUST1981,Annette Meyer,Chair,Furniture,East,Kolkata,5,35000,7927.88
ORD04037,03-07-2024,CUST1935,Erica Rose,Desk,Furniture,South,Bengaluru,4,60000,6517.25
ORD04038,08-10-2025,CUST1699,Kim Long,Notebook,Office Supplies,North,Delhi,7,700,270.97
ORD04039,07-08-2025,CUST1754,Christina Flores,Chair,Furniture,North,Mumbai,8,56000,10042.79
ORD04040,21-08-2025,CUST1771,Craig Raymond,Laptop,Electronics,East,Kolkata,4,200000,42802.55
ORD04041,04-09-2025,CUST1513,Jeffrey Miller,Mouse,Electronics,West,Chennai,2,1000,233.2
ORD04042,30-11-2025,CUST1908,Brian Hoffman,Mouse,Electronics,East,Ahmedabad,2,1000,226.29
ORD04043,19-03-2024,CUST1319,Elizabeth Gay,Printer,Office Supplies,East,Hyderabad,5,45000,4234.84
ORD04044,06-06-2025,CUST1658,Patricia Hale,Printer,Office Supplies,West,Hyderabad,7,63000,7900.14
ORD04045,20-08-2025,CUST1421,Amanda Arroyo,Laptop,Electronics,West,Kolkata,5,250000,50954.77
ORD04046,30-12-2025,CUST1136,Kevin Mccullough,Keyboard,Electronics,East,Kolkata,1,1200,274.61
ORD04047,19-10-2025,CUST1633,Margaret Stevenson,Desk,Furniture,North,Pune,6,90000,7668.71
ORD04048,04-01-2024,CUST1747,Amber Turner,Keyboard,Electronics,South,Bengaluru,4,4800,1070.39
ORD04049,18-01-2024,CUST1323,Victor Williams,Printer,Office Supplies,East,Hyderabad,7,63000,7843.25
ORD04050,08-06-2024,CUST1068,Shelly Rodgers,Monitor,Electronics,East,Delhi,7,84000,10141
ORD04051,31-03-2024,CUST1544,Cassandra Wood,Desk,Furniture,West,Kolkata,2,30000,2987.17
ORD04052,06-04-2025,CUST1888,Susan Garcia,Laptop,Electronics,South,Ahmedabad,5,250000,44582.94
ORD04053,27-05-2025,CUST1347,Stephanie Joseph,Mouse,Electronics,South,Pune,5,2500,534.75
ORD04054,11-05-2024,CUST1002,Dalton Clark,Printer,Office Supplies,South,Chennai,5,45000,5484.81
ORD04055,19-11-2025,CUST1170,Alexis Weeks,Chair,Furniture,South,Hyderabad,5,35000,6666.34
ORD04056,04-07-2025,CUST1937,Michael Glass,Monitor,Electronics,West,Kolkata,6,72000,13988.89
ORD04057,07-04-2024,CUST1208,David Cervantes,Chair,Furniture,North,Ahmedabad,8,56000,13824.15
ORD04058,11-07-2024,CUST1008,Victoria Benitez,Desk,Furniture,South,Chennai,2,30000,3611.84
ORD04059,04-03-2025,CUST1790,Jacqueline Monroe,Desk,Furniture,East,Mumbai,4,60000,6195.75
ORD04060,23-06-2025,CUST1794,Charles Sanchez,Desk,Furniture,East,Bengaluru,4,60000,9147.74
ORD04061,01-12-2024,CUST1351,Sonia Henderson,Mouse,Electronics,North,Pune,8,4000,906.6
ORD04062,21-07-2025,CUST1384,Sharon Sims,Mouse,Electronics,East,Chennai,3,1500,423.28
ORD04063,27-09-2025,CUST1182,Shawn Doyle,Mouse,Electronics,South,Ahmedabad,7,3500,751.85
ORD04064,08-08-2025,CUST1093,Michael Perry,Mouse,Electronics,North,Delhi,4,2000,390.12
ORD04065,29-01-2025,CUST1193,Donald Santana,Monitor,Electronics,East,Bengaluru,2,24000,4289.31
ORD04066,15-04-2024,CUST1705,Katherine Greene,Keyboard,Electronics,East,Hyderabad,5,6000,1498.6
ORD04067,14-04-2024,CUST1177,Jennifer Dominguez,Monitor,Electronics,North,Chennai,1,12000,2167.65
ORD04068,29-10-2024,CUST1092,Matthew Walker,Keyboard,Electronics,North,Pune,8,9600,2386.1
ORD04069,26-03-2024,CUST1340,Ashley Barrera,Notebook,Office Supplies,East,Chennai,2,200,49.08
ORD04070,24-11-2024,CUST1228,Clifford Murphy DVM,Monitor,Electronics,North,Ahmedabad,1,12000,2288.45
ORD04071,05-04-2025,CUST1451,Michael Arias,Laptop,Electronics,North,Mumbai,5,250000,39514.48
ORD04072,16-07-2025,CUST1310,Joshua Mitchell,Laptop,Electronics,East,Chennai,7,350000,57729.26
ORD04073,25-12-2025,CUST1442,Ashley Wilson,Printer,Office Supplies,South,Pune,7,63000,7212.58
ORD04074,25-07-2025,CUST1759,Stacey Clements,Desk,Furniture,South,Mumbai,5,75000,6946.27
ORD04075,04-09-2025,CUST1273,Kathleen Martinez,Keyboard,Electronics,East,Bengaluru,7,8400,2122.27
ORD04076,25-03-2024,CUST1957,Julie Rodriguez MD,Laptop,Electronics,North,Delhi,7,350000,55696.51
ORD04077,26-01-2025,CUST1656,Cathy Farmer,Notebook,Office Supplies,West,Mumbai,2,200,75.04
ORD04078,20-12-2025,CUST1744,Dana Gilbert,Laptop,Electronics,South,Bengaluru,1,50000,11133.93
ORD04079,06-05-2024,CUST1414,Charles Harper,Chair,Furniture,South,Kolkata,3,21000,6195.19
ORD04080,10-10-2025,CUST1830,Timothy Wang,Keyboard,Electronics,West,Chennai,3,3600,800.79
ORD04081,25-01-2025,CUST1855,Daniel Stewart,Notebook,Office Supplies,West,Bengaluru,3,300,98.12
ORD04082,23-05-2025,CUST1586,Tiffany Peterson,Laptop,Electronics,North,Delhi,4,200000,38838.83
ORD04083,22-05-2024,CUST1677,Tammy Bell,Laptop,Electronics,East,Hyderabad,6,300000,56225.98
ORD04084,11-04-2025,CUST1050,Mathew Myers,Keyboard,Electronics,South,Bengaluru,3,3600,742.15
ORD04085,22-10-2025,CUST1676,Edgar Brown,Keyboard,Electronics,West,Pune,1,1200,174.71
ORD04086,17-09-2024,CUST1824,Cory Barrett,Desk,Furniture,South,Hyderabad,8,120000,16430.54
ORD04087,31-03-2024,CUST1302,Seth Jones,Mouse,Electronics,East,Bengaluru,3,1500,351.79
ORD04088,08-06-2025,CUST1905,Joseph Hawkins,Laptop,Electronics,North,Bengaluru,6,300000,59731.28
ORD04089,14-02-2024,CUST1294,Victor Brown,Notebook,Office Supplies,North,Bengaluru,1,100,35.51
ORD04090,02-01-2025,CUST1867,Jennifer Ferguson,Keyboard,Electronics,East,Hyderabad,5,6000,849.21
ORD04091,12-02-2025,CUST1709,Carolyn Cantu,Chair,Furniture,East,Delhi,8,56000,17818.8
ORD04092,11-10-2025,CUST1514,Charles Garcia,Laptop,Electronics,East,Kolkata,5,250000,55006.87
ORD04093,06-04-2024,CUST1922,James Hart,Notebook,Office Supplies,West,Chennai,5,500,123.38
ORD04094,13-08-2024,CUST1527,Patricia Wilson,Desk,Furniture,West,Hyderabad,7,105000,14907.76
ORD04095,20-09-2025,CUST1638,Mark Elliott,Notebook,Office Supplies,South,Mumbai,6,600,171.96
ORD04096,23-02-2024,CUST1426,Matthew Bartlett,Monitor,Electronics,South,Bengaluru,7,84000,13802.05
ORD04097,17-07-2024,CUST1569,Maria Campbell,Laptop,Electronics,West,Delhi,2,100000,23316.73
ORD04098,10-10-2024,CUST1681,Joanna Adkins,Chair,Furniture,West,Mumbai,8,56000,16777.95
ORD04099,31-07-2024,CUST1337,Lisa Reed,Laptop,Electronics,North,Pune,4,200000,36193.1
ORD04100,06-08-2025,CUST1296,Jordan Calhoun MD,Desk,Furniture,East,Mumbai,4,60000,7459.72
ORD04101,30-07-2025,CUST1748,Heather Thomas,Mouse,Electronics,North,Chennai,5,2500,536.67
ORD04102,28-07-2025,CUST1245,Carrie Coffey,Monitor,Electronics,East,Mumbai,5,60000,8678.7
ORD04103,27-02-2024,CUST1839,Dr. Isabel Smith PhD,Notebook,Office Supplies,East,Ahmedabad,8,800,198.97
ORD04104,23-07-2025,CUST1261,Joe Page,Keyboard,Electronics,West,Kolkata,7,8400,1673.37
ORD04105,01-06-2024,CUST1607,Crystal Morales,Desk,Furniture,South,Chennai,7,105000,14027.08
ORD04106,17-06-2024,CUST1734,Heather Mcmahon,Keyboard,Electronics,North,Mumbai,3,3600,731.03
ORD04107,02-08-2024,CUST1042,Jason Quinn,Monitor,Electronics,West,Chennai,3,36000,4575.32
ORD04108,08-03-2025,CUST1496,James Cox,Notebook,Office Supplies,West,Hyderabad,5,500,166.34
ORD04109,18-07-2025,CUST1224,James Cummings,Laptop,Electronics,West,Pune,7,350000,54628.88
ORD04110,01-05-2025,CUST1342,Daniel Lee,Chair,Furniture,South,Mumbai,6,42000,12584.99
ORD04111,24-03-2024,CUST1960,Shane Hopkins,Monitor,Electronics,West,Chennai,6,72000,11682.44
ORD04112,11-06-2024,CUST1945,Stephanie Kelley,Desk,Furniture,West,Pune,6,90000,11446.06
ORD04113,03-12-2025,CUST1065,Jennifer Schneider,Printer,Office Supplies,East,Kolkata,5,45000,3384.86
ORD04114,03-05-2024,CUST1859,Charles Rodriguez,Keyboard,Electronics,North,Hyderabad,7,8400,1623.31
ORD04115,01-10-2024,CUST1627,Elizabeth Wall,Notebook,Office Supplies,West,Chennai,5,500,135.12
ORD04116,18-10-2025,CUST1446,Loretta Williams,Desk,Furniture,East,Mumbai,2,30000,4177.81
ORD04117,13-03-2025,CUST1243,Juan Moore,Notebook,Office Supplies,North,Delhi,8,800,244.23
ORD04118,07-07-2024,CUST1062,Joseph White,Monitor,Electronics,North,Kolkata,6,72000,12331.86
ORD04119,01-12-2024,CUST1589,Michael Cruz,Monitor,Electronics,West,Bengaluru,1,12000,1352.73
ORD04120,20-06-2025,CUST1287,Denise Reese,Keyboard,Electronics,South,Pune,5,6000,944.1
ORD04121,20-07-2025,CUST1049,Brittney Morales,Keyboard,Electronics,East,Kolkata,8,9600,1783.57
ORD04122,02-06-2025,CUST1994,Christina Jenkins,Laptop,Electronics,North,Pune,2,100000,21288.22
ORD04123,03-11-2024,CUST1566,Sean Anderson,Laptop,Electronics,North,Mumbai,4,200000,29445.16
ORD04124,04-09-2024,CUST1383,Emily Fitzpatrick,Desk,Furniture,West,Kolkata,4,60000,6934.9
ORD04125,30-11-2024,CUST1267,Nancy Liu,Printer,Office Supplies,East,Kolkata,2,18000,2262.83
ORD04126,06-06-2024,CUST1913,Rachel Miller,Laptop,Electronics,West,Delhi,6,300000,45739.57
ORD04127,16-02-2025,CUST1648,Scott Brown,Notebook,Office Supplies,South,Hyderabad,8,800,291.23
ORD04128,30-07-2024,CUST1404,Emily Winters,Keyboard,Electronics,East,Mumbai,1,1200,258.59
ORD04129,23-12-2024,CUST1418,Chris Lewis,Mouse,Electronics,West,Bengaluru,3,1500,371.7
ORD04130,28-03-2024,CUST1900,Heidi Blankenship,Desk,Furniture,East,Chennai,1,15000,1444.37
ORD04131,20-11-2025,CUST1509,Sandra Alvarez,Monitor,Electronics,West,Chennai,4,48000,8759.07
ORD04132,11-06-2024,CUST1395,Donna Garcia,Desk,Furniture,South,Kolkata,3,45000,4069.46
ORD04133,14-01-2025,CUST1407,Stephanie Hernandez,Chair,Furniture,West,Pune,4,28000,8858.05
ORD04134,28-07-2025,CUST1624,Joseph Montgomery,Chair,Furniture,North,Hyderabad,7,49000,8593.58
ORD04135,30-07-2025,CUST1713,Juan Harrison,Desk,Furniture,North,Mumbai,2,30000,3959.22
ORD04136,11-03-2024,CUST1156,Miss Stephanie Cherry,Printer,Office Supplies,East,Pune,8,72000,6658.46
ORD04137,18-06-2024,CUST1347,Bridget Wallace,Mouse,Electronics,South,Mumbai,5,2500,584.33
ORD04138,01-07-2024,CUST1532,Brandy James,Notebook,Office Supplies,South,Chennai,5,500,160.79
ORD04139,20-03-2025,CUST1358,Christopher Smith,Printer,Office Supplies,West,Chennai,5,45000,4337.93
ORD04140,29-11-2024,CUST1310,Sabrina Galvan,Laptop,Electronics,East,Ahmedabad,8,400000,51209.66
ORD04141,18-03-2025,CUST1549,Catherine Shannon,Chair,Furniture,West,Hyderabad,4,28000,9032.76
ORD04142,31-07-2025,CUST1178,Theresa Knight,Mouse,Electronics,South,Delhi,6,3000,802.49
ORD04143,11-12-2025,CUST1246,Victoria Tanner,Chair,Furniture,East,Mumbai,1,7000,1736.22
ORD04144,19-04-2025,CUST1477,Chad Evans,Desk,Furniture,North,Delhi,4,60000,6594.95
ORD04145,07-12-2024,CUST1658,Chase Haney,Laptop,Electronics,East,Hyderabad,2,100000,13929.15
ORD04146,21-09-2025,CUST1984,Maureen Nixon,Printer,Office Supplies,East,Ahmedabad,4,36000,4175.64
ORD04147,10-05-2025,CUST1136,Michael Rush,Mouse,Electronics,South,Chennai,5,2500,614.1
ORD04148,10-12-2024,CUST1410,Larry Lloyd,Desk,Furniture,East,Mumbai,8,120000,18391.03
ORD04149,11-10-2025,CUST1499,Steven Butler,Monitor,Electronics,East,Mumbai,6,72000,9311.96
ORD04150,18-01-2025,CUST1478,Samuel Lee,Notebook,Office Supplies,South,Chennai,6,600,220.56
ORD04151,03-07-2025,CUST1375,Joseph Moon,Keyboard,Electronics,East,Chennai,4,4800,1167.77
ORD04152,04-09-2025,CUST1308,Taylor Williams II,Laptop,Electronics,West,Chennai,6,300000,53545.89
ORD04153,08-06-2024,CUST1806,Jerry Hamilton,Mouse,Electronics,East,Mumbai,7,3500,724.93
ORD04154,06-08-2024,CUST1759,Paul Wolf,Monitor,Electronics,East,Hyderabad,7,84000,10087.39
ORD04155,14-04-2024,CUST1257,Bobby Arnold,Laptop,Electronics,West,Hyderabad,5,250000,31992.56
ORD04156,19-05-2025,CUST1685,William Weber,Mouse,Electronics,West,Ahmedabad,5,2500,625.75
ORD04157,31-12-2025,CUST1327,Alicia James,Chair,Furniture,East,Delhi,2,14000,3617.54
ORD04158,16-01-2025,CUST1731,Jamie Johnson,Monitor,Electronics,West,Delhi,8,96000,18191.49
ORD04159,15-09-2025,CUST1844,Melissa Rogers,Mouse,Electronics,West,Mumbai,8,4000,629.41
ORD04160,22-09-2025,CUST1694,Sarah Mueller,Laptop,Electronics,North,Delhi,2,100000,17569.27
ORD04161,27-01-2025,CUST1471,Gordon Hahn,Mouse,Electronics,East,Delhi,8,4000,1011.84
ORD04162,01-07-2024,CUST1966,Kristen Burns,Printer,Office Supplies,East,Chennai,7,63000,7058.76
ORD04163,08-06-2024,CUST1112,Thomas Sellers,Mouse,Electronics,East,Ahmedabad,7,3500,956.59
ORD04164,12-09-2024,CUST1361,Melvin Flores,Notebook,Office Supplies,South,Kolkata,8,800,225.86
ORD04165,20-11-2025,CUST1814,Ashley Cochran,Printer,Office Supplies,East,Kolkata,4,36000,3314.91
ORD04166,11-05-2024,CUST1136,Ashley Jones,Laptop,Electronics,South,Pune,8,400000,52896.65
ORD04167,19-12-2024,CUST1839,Christian Solis,Mouse,Electronics,North,Ahmedabad,4,2000,368.85
ORD04168,18-02-2024,CUST1618,Sharon Smith,Laptop,Electronics,West,Pune,2,100000,15538.73
ORD04169,21-09-2025,CUST1232,Robert Berg,Keyboard,Electronics,West,Kolkata,8,9600,2075.81
ORD04170,04-08-2025,CUST1423,Brooke Sims,Monitor,Electronics,West,Mumbai,6,72000,10669
ORD04171,14-11-2025,CUST1011,Julia Marks,Chair,Furniture,North,Hyderabad,1,7000,1430.82
ORD04172,23-03-2025,CUST1863,Ashley Martinez,Monitor,Electronics,East,Bengaluru,6,72000,12576.68
ORD04173,16-12-2024,CUST1185,Christina Reese,Notebook,Office Supplies,West,Ahmedabad,1,100,30.25
ORD04174,10-03-2024,CUST1144,Brandon Bean,Printer,Office Supplies,West,Kolkata,5,45000,5060.36
ORD04175,19-11-2025,CUST1131,Rickey Hall,Mouse,Electronics,South,Bengaluru,2,1000,260.95
ORD04176,19-06-2024,CUST1330,Bobby Flores,Mouse,Electronics,South,Kolkata,5,2500,591.79
ORD04177,19-10-2025,CUST1559,Karen Gonzalez,Mouse,Electronics,South,Chennai,2,1000,231.3
ORD04178,22-11-2024,CUST1462,Lisa Lopez MD,Chair,Furniture,East,Pune,7,49000,15754.08
ORD04179,04-07-2024,CUST1383,Sharon Brown,Notebook,Office Supplies,East,Pune,6,600,201.61
ORD04180,09-04-2024,CUST1816,Aaron Thompson,Chair,Furniture,East,Mumbai,2,14000,2679.69
ORD04181,11-07-2024,CUST1523,Charles Weaver,Monitor,Electronics,North,Chennai,7,84000,15785.53
ORD04182,25-10-2025,CUST1658,Melissa Warner,Keyboard,Electronics,North,Ahmedabad,1,1200,197.68
ORD04183,12-04-2024,CUST1549,Cody Morris,Printer,Office Supplies,East,Hyderabad,7,63000,6349.11
ORD04184,17-05-2024,CUST1169,Carla Reid DDS,Mouse,Electronics,North,Mumbai,5,2500,511.06
ORD04185,27-11-2024,CUST1273,Katie Mitchell,Chair,Furniture,North,Mumbai,4,28000,5732.97
ORD04186,08-07-2025,CUST1212,Roger Moss,Mouse,Electronics,West,Delhi,3,1500,318.7
ORD04187,08-02-2025,CUST1942,Mary Donaldson,Monitor,Electronics,East,Hyderabad,1,12000,1808.81
ORD04188,11-01-2024,CUST1431,Paul Brown,Printer,Office Supplies,West,Kolkata,1,9000,1025.45
ORD04189,21-01-2025,CUST1147,Gregory Quinn,Mouse,Electronics,East,Delhi,4,2000,512.73
ORD04190,06-12-2025,CUST1858,Sabrina Miller,Printer,Office Supplies,North,Kolkata,7,63000,6882.9
ORD04191,12-02-2024,CUST1288,Michelle Smith,Keyboard,Electronics,West,Delhi,2,2400,479.71
ORD04192,11-08-2025,CUST1227,Anita Chapman,Chair,Furniture,North,Ahmedabad,2,14000,3502.11
ORD04193,01-11-2025,CUST1336,Heather Becker,Keyboard,Electronics,West,Pune,7,8400,2027.71
ORD04194,25-08-2025,CUST1627,Andrea Baker,Notebook,Office Supplies,North,Kolkata,8,800,210.99
ORD04195,02-12-2025,CUST1770,Joanne Harmon,Laptop,Electronics,South,Delhi,6,300000,61060.74
ORD04196,05-08-2025,CUST1033,Mr. Phillip Edwards,Notebook,Office Supplies,West,Delhi,5,500,176.65
ORD04197,08-11-2025,CUST1117,Mrs. Laurie Williams MD,Monitor,Electronics,West,Delhi,5,60000,7005.72
ORD04198,17-01-2025,CUST1572,Joel Mclean,Mouse,Electronics,North,Ahmedabad,2,1000,251.34
ORD04199,20-04-2025,CUST1977,Valerie Ford,Notebook,Office Supplies,North,Hyderabad,3,300,94.3
ORD04200,06-12-2024,CUST1944,Jodi Thomas,Chair,Furniture,South,Mumbai,3,21000,4046.28
ORD04201,15-12-2024,CUST1975,Jennifer Johnson,Monitor,Electronics,South,Kolkata,7,84000,14328.41
ORD04202,09-03-2025,CUST1585,Eugene Fritz,Laptop,Electronics,North,Hyderabad,3,150000,21722.56
ORD04203,24-05-2024,CUST1885,Jennifer Smith,Desk,Furniture,South,Ahmedabad,5,75000,9077.75
ORD04204,01-11-2024,CUST1196,Mary Thompson,Desk,Furniture,North,Delhi,4,60000,8305.94
ORD04205,30-11-2024,CUST1871,Catherine Davis,Notebook,Office Supplies,North,Hyderabad,6,600,174.45
ORD04206,21-01-2025,CUST1587,Chris Rogers,Chair,Furniture,South,Chennai,6,42000,13135.14
ORD04207,24-03-2024,CUST1311,James Torres,Mouse,Electronics,North,Mumbai,1,500,134.82
ORD04208,08-08-2025,CUST1338,Kirsten Perez,Keyboard,Electronics,East,Hyderabad,4,4800,781.09
ORD04209,09-09-2025,CUST1464,Dr. Jeffrey Valentine,Laptop,Electronics,North,Hyderabad,4,200000,32519.7
ORD04210,17-12-2025,CUST1027,Wayne Brown,Printer,Office Supplies,South,Delhi,2,18000,2185.58
ORD04211,28-02-2024,CUST1914,Andrea Morris,Desk,Furniture,East,Mumbai,7,105000,12602.4
ORD04212,16-12-2025,CUST1391,Dylan Young,Keyboard,Electronics,North,Chennai,5,6000,1495.25
ORD04213,25-08-2024,CUST1779,Regina Butler,Mouse,Electronics,East,Ahmedabad,7,3500,656.06
ORD04214,22-09-2024,CUST1118,Eric Moore,Monitor,Electronics,West,Kolkata,8,96000,13408
ORD04215,22-03-2025,CUST1878,Melinda Patterson,Printer,Office Supplies,North,Delhi,8,72000,8779.69
ORD04216,28-11-2024,CUST1964,Carl Campbell,Notebook,Office Supplies,West,Ahmedabad,5,500,125.2
ORD04217,15-02-2024,CUST1233,Renee Shields,Mouse,Electronics,South,Bengaluru,8,4000,1017.44
ORD04218,07-04-2025,CUST1341,Wesley Brown,Chair,Furniture,West,Pune,7,49000,14075.86
ORD04219,05-11-2024,CUST1555,Jason Clark,Desk,Furniture,East,Delhi,2,30000,4203.68
ORD04220,10-08-2024,CUST1863,David Wiggins,Chair,Furniture,North,Mumbai,8,56000,15893.04
ORD04221,15-12-2024,CUST1865,Thomas Kaufman,Desk,Furniture,East,Bengaluru,7,105000,8967.67
ORD04222,20-08-2025,CUST1912,Kristen Ray,Printer,Office Supplies,East,Pune,1,9000,875.71
ORD04223,17-04-2024,CUST1110,Cory Martinez,Printer,Office Supplies,North,Hyderabad,7,63000,7554.79
ORD04224,05-04-2025,CUST1370,Mark Maddox,Printer,Office Supplies,East,Chennai,7,63000,5569.23
ORD04225,08-06-2025,CUST1578,Kevin Young,Notebook,Office Supplies,West,Bengaluru,6,600,175.82
ORD04226,03-08-2024,CUST1303,Katherine Harrison,Keyboard,Electronics,East,Pune,7,8400,1864.59
ORD04227,15-09-2025,CUST1519,Jorge Davis,Laptop,Electronics,East,Kolkata,4,200000,37727.35
ORD04228,20-03-2025,CUST1388,Loretta Miller,Desk,Furniture,South,Kolkata,7,105000,8906.24
ORD04229,23-02-2025,CUST1800,Lance Macdonald DVM,Mouse,Electronics,West,Delhi,4,2000,445.12
ORD04230,25-03-2025,CUST1610,Jerry Waters,Printer,Office Supplies,East,Hyderabad,8,72000,8886.4
ORD04231,20-02-2025,CUST1147,Desiree Thomas,Laptop,Electronics,West,Ahmedabad,4,200000,37501.27
ORD04232,30-03-2025,CUST1071,Amy Wright,Printer,Office Supplies,North,Delhi,8,72000,7585.6
ORD04233,06-05-2024,CUST1133,Erin Summers,Printer,Office Supplies,West,Bengaluru,4,36000,4654.85
ORD04234,30-10-2025,CUST1938,Mr. Don Flores,Keyboard,Electronics,South,Pune,1,1200,226.59
ORD04235,01-12-2025,CUST1964,Miss Kimberly Holloway,Monitor,Electronics,South,Delhi,3,36000,4531.12
ORD04236,23-08-2024,CUST1258,Tina Harper,Keyboard,Electronics,East,Kolkata,4,4800,1027.27
ORD04237,29-01-2024,CUST1854,Nicholas Moss,Laptop,Electronics,West,Pune,7,350000,74884.14
ORD04238,18-12-2024,CUST1670,Robert Campbell,Monitor,Electronics,South,Ahmedabad,1,12000,1690.73
ORD04239,05-02-2025,CUST1330,Jenny Cardenas,Desk,Furniture,South,Pune,8,120000,14725.6
ORD04240,05-09-2024,CUST1493,Dean Thomas,Mouse,Electronics,North,Delhi,3,1500,331.16
ORD04241,23-07-2025,CUST1344,Matthew Farmer,Notebook,Office Supplies,East,Hyderabad,5,500,127.84
ORD04242,15-08-2025,CUST1646,John Browning,Desk,Furniture,North,Pune,4,60000,5500.66
ORD04243,14-11-2024,CUST1926,Mario Peters,Keyboard,Electronics,South,Delhi,6,7200,1310.45
ORD04244,24-02-2025,CUST1778,Olivia Rodriguez,Desk,Furniture,East,Bengaluru,4,60000,9249.52
ORD04245,06-05-2025,CUST1570,Donald Mccarthy,Desk,Furniture,West,Hyderabad,6,90000,12748.63
ORD04246,13-02-2024,CUST1234,Christopher Anderson,Notebook,Office Supplies,South,Bengaluru,1,100,33.22
ORD04247,07-05-2025,CUST1035,Becky Parrish,Mouse,Electronics,North,Chennai,4,2000,542.36
ORD04248,29-08-2025,CUST1794,Jackie Stewart,Notebook,Office Supplies,South,Hyderabad,7,700,263.24
ORD04249,15-06-2025,CUST1508,Krista Fuller,Printer,Office Supplies,South,Mumbai,3,27000,3379.89
ORD04250,04-08-2025,CUST1370,Jennifer Nguyen,Chair,Furniture,West,Bengaluru,3,21000,6212.53
ORD04251,14-08-2025,CUST1401,Amanda Campbell,Mouse,Electronics,East,Pune,8,4000,1099.5
ORD04252,18-07-2024,CUST1778,Laura Ware,Mouse,Electronics,South,Delhi,7,3500,542.85
ORD04253,21-03-2024,CUST1718,Mitchell Anderson,Printer,Office Supplies,North,Bengaluru,1,9000,640.47
ORD04254,22-03-2024,CUST1153,Barry Hernandez,Printer,Office Supplies,North,Bengaluru,5,45000,4063.88
ORD04255,15-05-2025,CUST1369,Teresa Young,Keyboard,Electronics,East,Chennai,1,1200,179.85
ORD04256,26-06-2025,CUST1510,Valerie Morgan,Chair,Furniture,South,Mumbai,2,14000,3286.53
ORD04257,14-05-2024,CUST1895,Paul Vasquez,Laptop,Electronics,West,Chennai,5,250000,42456.35
ORD04258,19-02-2025,CUST1697,Kelly May,Laptop,Electronics,West,Pune,2,100000,16439.53
ORD04259,23-08-2024,CUST1888,Christopher Carson,Chair,Furniture,West,Delhi,3,21000,6274.5
ORD04260,09-07-2025,CUST1954,Joan Wilson,Printer,Office Supplies,South,Ahmedabad,6,54000,4727.23
ORD04261,20-05-2025,CUST1145,Debbie Allen,Laptop,Electronics,South,Ahmedabad,6,300000,54249.11
ORD04262,31-03-2024,CUST1885,Kristin Williams,Notebook,Office Supplies,East,Chennai,1,100,28.67
ORD04263,14-02-2025,CUST1497,Courtney Williams,Printer,Office Supplies,North,Pune,3,27000,2261.17
ORD04264,16-04-2025,CUST1007,David Hernandez,Desk,Furniture,North,Chennai,2,30000,3861.28
ORD04265,23-05-2025,CUST1623,Kathryn Morris,Laptop,Electronics,West,Bengaluru,2,100000,18707.36
ORD04266,08-08-2025,CUST1133,Meagan Smith,Laptop,Electronics,North,Mumbai,3,150000,24576.44
ORD04267,20-08-2024,CUST1721,Katherine Caldwell,Keyboard,Electronics,South,Hyderabad,6,7200,1117.15
ORD04268,21-07-2024,CUST1772,Krista Williams,Laptop,Electronics,West,Chennai,5,250000,47034.43
ORD04269,08-10-2025,CUST1930,Christine Aguilar,Keyboard,Electronics,East,Chennai,2,2400,434.98
ORD04270,04-08-2024,CUST1821,Michael Perkins,Mouse,Electronics,West,Mumbai,2,1000,210.68
ORD04271,22-04-2025,CUST1342,Steven Martin,Chair,Furniture,West,Pune,3,21000,6741.83
ORD04272,02-11-2024,CUST1574,Joshua Herman,Mouse,Electronics,West,Ahmedabad,5,2500,686.86
ORD04273,20-12-2024,CUST1615,Diana Hawkins,Notebook,Office Supplies,North,Ahmedabad,3,300,83.82
ORD04274,11-08-2025,CUST1975,Caitlin Harris,Mouse,Electronics,West,Hyderabad,3,1500,290.48
ORD04275,17-04-2025,CUST1491,Felicia Murphy,Monitor,Electronics,South,Pune,7,84000,14174.6
ORD04276,21-07-2024,CUST1644,Bryan Mitchell,Chair,Furniture,East,Pune,4,28000,7568.5
ORD04277,20-01-2025,CUST1370,Larry Curtis,Printer,Office Supplies,West,Mumbai,8,72000,5751.9
ORD04278,10-11-2024,CUST1228,Jennifer Lopez,Desk,Furniture,North,Bengaluru,7,105000,14510.29
ORD04279,30-06-2025,CUST1662,Robert Newton,Laptop,Electronics,North,Pune,4,200000,31036.55
ORD04280,04-03-2025,CUST1984,Christina Hudson,Keyboard,Electronics,North,Delhi,5,6000,1179.05
ORD04281,08-03-2024,CUST1429,Sandra Craig,Laptop,Electronics,East,Hyderabad,5,250000,31756.06
ORD04282,21-10-2024,CUST1900,Sabrina Ward,Monitor,Electronics,South,Kolkata,8,96000,13667.33
ORD04283,24-09-2024,CUST1608,Mark Knight,Notebook,Office Supplies,South,Delhi,3,300,69.8
ORD04284,24-08-2024,CUST1054,Darlene Dixon,Monitor,Electronics,North,Pune,7,84000,14731.09
ORD04285,31-05-2024,CUST1477,Daniel White,Laptop,Electronics,South,Mumbai,2,100000,19930.72
ORD04286,05-07-2024,CUST1405,Jonathan Cortez,Mouse,Electronics,East,Mumbai,8,4000,713.34
ORD04287,02-12-2024,CUST1431,Judith Myers,Chair,Furniture,North,Delhi,8,56000,17864.01
ORD04288,17-09-2025,CUST1816,Tammie Castillo,Mouse,Electronics,South,Ahmedabad,5,2500,426.54
ORD04289,09-11-2024,CUST1167,Rebecca Estrada,Desk,Furniture,South,Ahmedabad,5,75000,8721.23
ORD04290,11-12-2025,CUST1492,Angela Rodriguez,Desk,Furniture,West,Mumbai,7,105000,13994
ORD04291,21-01-2024,CUST1808,Andre Williams,Desk,Furniture,South,Bengaluru,4,60000,8768.35
ORD04292,21-04-2025,CUST1746,Donald Smith,Notebook,Office Supplies,South,Kolkata,3,300,103.05
ORD04293,26-07-2024,CUST1146,Nicholas Ali,Desk,Furniture,North,Delhi,1,15000,1306.12
ORD04294,09-04-2025,CUST1416,Jacob Brewer,Laptop,Electronics,North,Pune,7,350000,55463.21
ORD04295,15-05-2025,CUST1255,Natalie Watson,Chair,Furniture,East,Chennai,3,21000,5097.57
ORD04296,17-10-2024,CUST1180,Matthew Evans,Chair,Furniture,South,Mumbai,1,7000,1975.12
ORD04297,23-12-2025,CUST1767,Bryan Thomas,Notebook,Office Supplies,North,Kolkata,8,800,254.21
ORD04298,01-10-2024,CUST1968,Timothy Lucero,Printer,Office Supplies,South,Ahmedabad,6,54000,6409.02
ORD04299,13-02-2025,CUST1601,Barbara Fields,Chair,Furniture,North,Pune,4,28000,7772.42
ORD04300,18-11-2025,CUST1604,Rebecca Beard,Desk,Furniture,South,Chennai,4,60000,8233.96
ORD04301,15-08-2024,CUST1342,Carrie Rodriguez,Keyboard,Electronics,West,Ahmedabad,8,9600,1986.74
ORD04302,09-09-2024,CUST1020,Jordan Tanner,Monitor,Electronics,West,Ahmedabad,2,24000,4446.58
ORD04303,26-11-2025,CUST1213,Denise Johnson,Chair,Furniture,North,Bengaluru,6,42000,8915.88
ORD04304,02-07-2024,CUST1156,Amy Holt,Monitor,Electronics,East,Hyderabad,7,84000,11165.31
ORD04305,05-07-2025,CUST1383,James Bennett,Chair,Furniture,South,Hyderabad,1,7000,1890.22
ORD04306,21-12-2024,CUST1045,Jeffrey Owens,Keyboard,Electronics,East,Mumbai,1,1200,202.81
ORD04307,15-05-2024,CUST1334,Adam Merritt,Notebook,Office Supplies,North,Delhi,1,100,23.26
ORD04308,31-12-2024,CUST1332,Tina Walter,Printer,Office Supplies,West,Delhi,2,18000,1654.89
ORD04309,04-06-2024,CUST1916,Michelle Harris,Chair,Furniture,East,Chennai,1,7000,1512.05
ORD04310,30-08-2025,CUST1635,Michael Richmond,Notebook,Office Supplies,South,Chennai,5,500,111.41
ORD04311,26-08-2024,CUST1522,Michael Patrick,Desk,Furniture,North,Hyderabad,2,30000,2804.25
ORD04312,19-12-2024,CUST1925,Amanda Hart DVM,Mouse,Electronics,North,Chennai,2,1000,265.47
ORD04313,17-09-2024,CUST1953,Michele Conner,Monitor,Electronics,North,Hyderabad,5,60000,9600.7
ORD04314,17-11-2024,CUST1366,Natalie Mitchell,Mouse,Electronics,West,Mumbai,6,3000,736.03
ORD04315,26-06-2024,CUST1981,Jacob Hoover,Notebook,Office Supplies,South,Pune,7,700,247.49
ORD04316,16-03-2025,CUST1123,Jacqueline Winters,Notebook,Office Supplies,West,Bengaluru,4,400,85.26
ORD04317,18-03-2025,CUST1243,Kimberly Flores,Mouse,Electronics,East,Bengaluru,6,3000,815.14
ORD04318,15-03-2024,CUST1320,Jennifer Carpenter,Laptop,Electronics,North,Pune,1,50000,8774.29
ORD04319,29-07-2025,CUST1675,William Saunders,Keyboard,Electronics,West,Chennai,1,1200,213.27
ORD04320,20-03-2024,CUST1313,Michael Preston,Notebook,Office Supplies,South,Ahmedabad,8,800,234.32
ORD04321,01-06-2025,CUST1043,Jennifer Ali,Notebook,Office Supplies,North,Mumbai,1,100,37.43
ORD04322,03-03-2025,CUST1750,David Taylor,Laptop,Electronics,North,Delhi,2,100000,22497.78
ORD04323,09-06-2025,CUST1537,Maria Hayes,Monitor,Electronics,North,Ahmedabad,3,36000,5353.32
ORD04324,04-02-2025,CUST1672,Melanie Preston,Laptop,Electronics,North,Kolkata,5,250000,53079.71
ORD04325,04-06-2025,CUST1484,Thomas Mcgrath,Monitor,Electronics,East,Mumbai,2,24000,3400.48
ORD04326,16-02-2024,CUST1358,Glenn Chen,Desk,Furniture,North,Kolkata,7,105000,15858.09
ORD04327,03-07-2025,CUST1776,Sarah Berry,Desk,Furniture,South,Kolkata,7,105000,14556.12
ORD04328,13-01-2024,CUST1490,Rebecca Summers,Printer,Office Supplies,South,Hyderabad,3,27000,2738.89
ORD04329,21-07-2025,CUST1114,Rodney Gilmore,Keyboard,Electronics,East,Hyderabad,1,1200,272.26
ORD04330,26-12-2024,CUST1430,Kimberly Stone DDS,Keyboard,Electronics,East,Delhi,4,4800,935.87
ORD04331,30-12-2025,CUST1799,Joshua Dunlap,Printer,Office Supplies,North,Ahmedabad,4,36000,4090.65
ORD04332,16-06-2025,CUST1778,Melinda French,Laptop,Electronics,East,Mumbai,7,350000,66918.36
ORD04333,14-09-2025,CUST1561,Gabriel Copeland MD,Chair,Furniture,South,Kolkata,6,42000,13504.74
ORD04334,07-05-2025,CUST1269,Kelly Weiss,Printer,Office Supplies,North,Kolkata,2,18000,1541.03
ORD04335,11-03-2024,CUST1889,Gregory Russell,Notebook,Office Supplies,East,Hyderabad,7,700,203.63
ORD04336,28-12-2024,CUST1441,Ashley Bowman,Mouse,Electronics,North,Chennai,2,1000,210.1
ORD04337,06-11-2024,CUST1254,Ruben Woodard,Desk,Furniture,North,Delhi,7,105000,10386.65
ORD04338,30-05-2024,CUST1016,Aaron Leon,Printer,Office Supplies,North,Bengaluru,4,36000,3791.31
ORD04339,07-08-2024,CUST1245,Ashley Thomas,Desk,Furniture,West,Hyderabad,6,90000,10336.82
ORD04340,23-07-2024,CUST1101,Travis Allen,Printer,Office Supplies,West,Hyderabad,4,36000,2559.81
ORD04341,13-06-2024,CUST1859,Roger Weaver,Printer,Office Supplies,West,Mumbai,2,18000,1899.25
ORD04342,20-11-2025,CUST1157,Robert Johnson,Desk,Furniture,North,Mumbai,5,75000,9256.53
ORD04343,21-05-2024,CUST1976,Bryan Lopez,Keyboard,Electronics,East,Pune,5,6000,1318.65
ORD04344,29-02-2024,CUST1350,Andrea King,Desk,Furniture,East,Delhi,6,90000,7714.06
ORD04345,22-05-2025,CUST1411,Jennifer Howard,Laptop,Electronics,West,Ahmedabad,4,200000,37469.42
ORD04346,09-04-2024,CUST1401,Michael Evans,Printer,Office Supplies,South,Delhi,3,27000,2391.97
ORD04347,13-08-2024,CUST1790,Daniel Patterson,Monitor,Electronics,North,Delhi,5,60000,7643.15
ORD04348,16-11-2024,CUST1161,Karen Mendez,Laptop,Electronics,East,Ahmedabad,2,100000,15743.34
ORD04349,11-10-2024,CUST1108,John Johnson,Laptop,Electronics,West,Kolkata,8,400000,80278.93
ORD04350,31-01-2025,CUST1156,Andre Haynes,Desk,Furniture,West,Ahmedabad,5,75000,8531.89
ORD04351,21-01-2025,CUST1160,Janet Ryan,Desk,Furniture,South,Chennai,2,30000,3647.24
ORD04352,09-10-2025,CUST1413,Michael Oliver,Keyboard,Electronics,North,Delhi,8,9600,2240.24
ORD04353,12-05-2024,CUST1229,Wesley Henry,Keyboard,Electronics,East,Delhi,3,3600,611.92
ORD04354,07-04-2025,CUST1873,Andrew Freeman,Desk,Furniture,North,Bengaluru,7,105000,14441.3
ORD04355,15-06-2025,CUST1577,Karen Stephens,Desk,Furniture,North,Pune,2,30000,3944.08
ORD04356,03-06-2025,CUST1903,Nathaniel Baldwin,Mouse,Electronics,North,Chennai,3,1500,383.9
ORD04357,14-02-2024,CUST1726,Jordan Curry,Mouse,Electronics,North,Bengaluru,7,3500,724.98
ORD04358,20-07-2025,CUST1300,William Johnson,Monitor,Electronics,East,Hyderabad,3,36000,5360.46
ORD04359,02-03-2025,CUST1084,Richard Bond,Laptop,Electronics,East,Bengaluru,7,350000,74327.05
ORD04360,18-07-2025,CUST1829,Jason Smith,Printer,Office Supplies,East,Pune,7,63000,6721.47
ORD04361,12-06-2024,CUST1818,Scott Norman,Chair,Furniture,East,Bengaluru,3,21000,3721.66
ORD04362,13-03-2024,CUST1250,Jill Shaw,Chair,Furniture,West,Ahmedabad,7,49000,9981.74
ORD04363,12-02-2024,CUST1231,Michael Price,Printer,Office Supplies,North,Mumbai,2,18000,1584.22
ORD04364,24-01-2025,CUST1646,Martha Williams,Laptop,Electronics,North,Pune,3,150000,25060.2
ORD04365,22-02-2025,CUST1006,Melissa Henry,Mouse,Electronics,West,Mumbai,4,2000,484.76
ORD04366,04-04-2024,CUST1894,Elaine Martin,Laptop,Electronics,North,Mumbai,5,250000,43763.4
ORD04367,22-01-2025,CUST1979,Gary Rodriguez,Keyboard,Electronics,South,Pune,6,7200,1739.81
ORD04368,16-11-2025,CUST1795,Ryan Gonzalez,Printer,Office Supplies,South,Pune,7,63000,6527.55
ORD04369,21-03-2024,CUST1287,Mr. Reginald Roman,Mouse,Electronics,North,Ahmedabad,1,500,91.55
ORD04370,29-07-2025,CUST1648,Patricia Williams,Mouse,Electronics,North,Pune,2,1000,168.63
ORD04371,15-12-2025,CUST1720,Gerald Vega,Laptop,Electronics,South,Bengaluru,6,300000,67660.81
ORD04372,24-08-2025,CUST1684,Crystal Wallace,Desk,Furniture,North,Pune,2,30000,3481.06
ORD04373,04-01-2025,CUST1424,Susan Garcia,Chair,Furniture,North,Pune,8,56000,10123.84
ORD04374,30-10-2024,CUST1676,Patrick Potts,Laptop,Electronics,West,Ahmedabad,7,350000,61232.3
ORD04375,25-09-2024,CUST1828,Jessica Richardson,Mouse,Electronics,East,Kolkata,1,500,90.06
ORD04376,05-06-2024,CUST1468,Alicia Warren,Chair,Furniture,East,Hyderabad,6,42000,10334.95
ORD04377,01-10-2024,CUST1027,Madison Rodriguez,Chair,Furniture,South,Ahmedabad,1,7000,1702.74
ORD04378,04-10-2025,CUST1594,Douglas Grant,Printer,Office Supplies,West,Delhi,5,45000,3847.33
ORD04379,26-12-2025,CUST1234,Austin Baker,Monitor,Electronics,West,Pune,4,48000,7668.54
ORD04380,18-02-2025,CUST1986,Heather Morales,Mouse,Electronics,East,Mumbai,3,1500,392.53
ORD04381,20-06-2024,CUST1436,Susan Hutchinson,Laptop,Electronics,West,Chennai,7,350000,44739.63
ORD04382,23-07-2025,CUST1046,Christopher Hudson,Monitor,Electronics,East,Hyderabad,2,24000,4038.1
ORD04383,07-02-2024,CUST1083,Jill Barajas,Notebook,Office Supplies,North,Kolkata,4,400,90.31
ORD04384,06-04-2024,CUST1169,Dennis Jones,Desk,Furniture,East,Ahmedabad,5,75000,8497.82
ORD04385,22-10-2024,CUST1021,Charlene Gutierrez,Notebook,Office Supplies,North,Pune,1,100,27.99
ORD04386,13-02-2025,CUST1475,Crystal Hernandez,Printer,Office Supplies,East,Kolkata,5,45000,5716.57
ORD04387,23-04-2025,CUST1012,Michael Smith,Chair,Furniture,South,Kolkata,5,35000,8838.01
ORD04388,11-04-2025,CUST1817,Richard Rodriguez,Mouse,Electronics,West,Delhi,1,500,142.22
ORD04389,15-08-2024,CUST1669,Lauren Smith,Mouse,Electronics,West,Chennai,8,4000,872.76
ORD04390,07-02-2024,CUST1454,Breanna Mccall,Chair,Furniture,North,Mumbai,4,28000,8297.57
ORD04391,21-12-2025,CUST1777,Rebecca Lopez,Mouse,Electronics,West,Delhi,8,4000,672.29
ORD04392,23-06-2024,CUST1944,John Garcia,Laptop,Electronics,North,Pune,5,250000,48134.36
ORD04393,31-12-2024,CUST1342,Mark Weaver,Chair,Furniture,West,Hyderabad,5,35000,6577.19
ORD04394,12-11-2025,CUST1677,Brianna Martinez,Chair,Furniture,East,Kolkata,4,28000,5875.92
ORD04395,22-08-2024,CUST1581,Shannon Jones,Desk,Furniture,North,Hyderabad,6,90000,13652
ORD04396,03-01-2025,CUST1249,Victoria Knight,Laptop,Electronics,North,Delhi,4,200000,40900.88
ORD04397,17-02-2025,CUST1356,Paul Franco,Chair,Furniture,South,Kolkata,3,21000,4886.89
ORD04398,12-04-2025,CUST1241,Darin Baker,Mouse,Electronics,North,Hyderabad,8,4000,957.93
ORD04399,12-12-2025,CUST1934,Jeffrey Harrell,Monitor,Electronics,South,Pune,5,60000,10422.08
ORD04400,19-07-2024,CUST1811,Alyssa Powers,Printer,Office Supplies,East,Kolkata,3,27000,3395.13
ORD04401,06-06-2024,CUST1886,Jeanette Obrien,Desk,Furniture,West,Kolkata,4,60000,8649.76
ORD04402,21-03-2024,CUST1947,Nicole Anderson,Printer,Office Supplies,South,Pune,2,18000,1541.64
ORD04403,08-05-2025,CUST1939,Rachel Oneal,Monitor,Electronics,West,Hyderabad,2,24000,4452.22
ORD04404,07-01-2025,CUST1572,Nicole Moore,Laptop,Electronics,North,Hyderabad,7,350000,44321.64
ORD04405,08-05-2024,CUST1121,Donna Mejia,Monitor,Electronics,North,Kolkata,6,72000,10557.05
ORD04406,15-12-2025,CUST1830,Andre Jones,Keyboard,Electronics,South,Chennai,6,7200,1029.17
ORD04407,01-08-2024,CUST1839,Steven Thomas,Chair,Furniture,West,Delhi,7,49000,10796.61
ORD04408,05-10-2025,CUST1661,Jaclyn Long,Mouse,Electronics,East,Chennai,5,2500,603.67
ORD04409,24-08-2024,CUST1613,Robert Stark,Printer,Office Supplies,South,Pune,1,9000,1087.36
ORD04410,11-04-2024,CUST1741,Joseph Murphy,Keyboard,Electronics,West,Kolkata,8,9600,2145.34
ORD04411,10-09-2025,CUST1853,Travis Dixon,Keyboard,Electronics,North,Chennai,6,7200,1286.34
ORD04412,24-02-2024,CUST1007,Seth Barker,Laptop,Electronics,North,Mumbai,3,150000,25208.77
ORD04413,30-11-2024,CUST1434,Tammy Jacobs,Mouse,Electronics,North,Kolkata,1,500,82.49
ORD04414,21-09-2024,CUST1806,Laura Harrison,Mouse,Electronics,East,Mumbai,8,4000,717.65
ORD04415,02-01-2024,CUST1048,John Peterson,Keyboard,Electronics,South,Ahmedabad,2,2400,582.36
ORD04416,01-10-2025,CUST1052,Lynn King,Chair,Furniture,West,Hyderabad,7,49000,14691.73
ORD04417,11-08-2024,CUST1075,Devon Roberts,Keyboard,Electronics,North,Pune,4,4800,1060.14
ORD04418,22-04-2025,CUST1971,Emily Bullock,Chair,Furniture,South,Kolkata,2,14000,3486.96
ORD04419,12-03-2024,CUST1620,Kylie Bailey,Desk,Furniture,South,Bengaluru,6,90000,12255.66
ORD04420,22-01-2024,CUST1420,Roger Holmes,Mouse,Electronics,South,Mumbai,3,1500,405
ORD04421,28-01-2025,CUST1064,Dennis Coleman,Notebook,Office Supplies,South,Delhi,5,500,115.94
ORD04422,29-04-2024,CUST1706,Patricia Zamora,Keyboard,Electronics,West,Ahmedabad,4,4800,910.15
ORD04423,02-10-2025,CUST1624,Randy Phillips,Notebook,Office Supplies,North,Kolkata,4,400,106.81
ORD04424,06-09-2024,CUST1150,Heather Daniels,Printer,Office Supplies,South,Mumbai,7,63000,5445.4
ORD04425,23-05-2024,CUST1807,Robert Perkins,Monitor,Electronics,South,Kolkata,3,36000,6947.14
ORD04426,08-09-2025,CUST1246,Nathaniel Walter,Printer,Office Supplies,West,Pune,2,18000,1448.79
ORD04427,16-11-2024,CUST1189,Christine Tyler,Desk,Furniture,West,Pune,3,45000,6813.56
ORD04428,12-10-2024,CUST1778,Catherine Holland,Chair,Furniture,South,Kolkata,5,35000,9714.92
ORD04429,28-04-2024,CUST1076,David Washington III,Notebook,Office Supplies,East,Ahmedabad,2,200,73.4
ORD04430,25-01-2024,CUST1619,Kimberly Thomas,Monitor,Electronics,North,Chennai,1,12000,1720.17
ORD04431,07-12-2024,CUST1324,Dawn Levy,Printer,Office Supplies,East,Delhi,8,72000,5407.95
ORD04432,27-06-2025,CUST1490,Victoria Smith,Notebook,Office Supplies,North,Bengaluru,3,300,105.12
ORD04433,17-01-2024,CUST1730,Timothy Reilly,Desk,Furniture,East,Kolkata,2,30000,4006.29
ORD04434,26-02-2025,CUST1182,William Silva,Monitor,Electronics,West,Kolkata,8,96000,11534.1
ORD04435,27-11-2024,CUST1520,Keith Gonzalez,Laptop,Electronics,East,Mumbai,4,200000,28348.29
ORD04436,18-12-2024,CUST1673,Jeffrey Holden,Laptop,Electronics,West,Hyderabad,3,150000,28984.32
ORD04437,07-08-2025,CUST1200,Karen Hughes,Monitor,Electronics,East,Hyderabad,8,96000,18462.28
ORD04438,20-10-2025,CUST1835,Christopher Ward,Desk,Furniture,South,Pune,6,90000,7997.06
ORD04439,16-03-2024,CUST1065,Amy Boone,Printer,Office Supplies,West,Ahmedabad,5,45000,4991.91
ORD04440,28-12-2025,CUST1540,Joshua Adams,Notebook,Office Supplies,West,Bengaluru,8,800,169.71
ORD04441,19-04-2025,CUST1883,Tammy Mcdaniel,Desk,Furniture,West,Mumbai,7,105000,16061.28
ORD04442,22-07-2025,CUST1298,Steven Knight,Mouse,Electronics,South,Ahmedabad,3,1500,303.22
ORD04443,10-07-2025,CUST1043,George Weber,Monitor,Electronics,East,Kolkata,1,12000,2120.2
ORD04444,04-06-2025,CUST1716,Jeffrey Hall,Monitor,Electronics,South,Bengaluru,1,12000,2062.56
ORD04445,16-08-2024,CUST1984,Laura Adams,Chair,Furniture,South,Mumbai,3,21000,5285.52
ORD04446,18-06-2025,CUST1537,Sara Hernandez,Laptop,Electronics,South,Mumbai,8,400000,79903.52
ORD04447,13-03-2025,CUST1361,Emily Robinson,Keyboard,Electronics,East,Chennai,8,9600,1608.42
ORD04448,16-05-2024,CUST1006,Samantha Harris,Keyboard,Electronics,North,Hyderabad,3,3600,505.15
ORD04449,26-04-2025,CUST1259,Tiffany Davis,Laptop,Electronics,North,Kolkata,5,250000,35218.62
ORD04450,16-03-2025,CUST1780,Veronica Nelson,Keyboard,Electronics,South,Kolkata,8,9600,2050.26
ORD04451,01-12-2024,CUST1361,Mr. Ryan Walker,Desk,Furniture,East,Mumbai,2,30000,2859.14
ORD04452,23-03-2024,CUST1033,Christopher Thompson,Laptop,Electronics,North,Pune,1,50000,11467.77
ORD04453,26-06-2024,CUST1212,Brian Allen,Chair,Furniture,North,Delhi,3,21000,4080.79
ORD04454,07-04-2025,CUST1137,Kevin Greene,Monitor,Electronics,South,Ahmedabad,7,84000,8901.16
ORD04455,31-10-2025,CUST1541,Daniel Garcia,Desk,Furniture,South,Delhi,1,15000,1425.82
ORD04456,17-10-2025,CUST1281,Micheal Ramos,Monitor,Electronics,South,Hyderabad,5,60000,9987.14
ORD04457,21-03-2025,CUST1785,Janice Gilbert,Desk,Furniture,South,Delhi,4,60000,7521.04
ORD04458,14-08-2024,CUST1126,Joshua Nelson,Mouse,Electronics,West,Kolkata,7,3500,866.77
ORD04459,08-11-2024,CUST1009,Katherine Clarke,Notebook,Office Supplies,South,Ahmedabad,8,800,272.67
ORD04460,15-09-2024,CUST1065,Erica Porter,Laptop,Electronics,North,Kolkata,5,250000,41593.04
ORD04461,17-08-2025,CUST1475,Sara Obrien,Mouse,Electronics,North,Delhi,7,3500,719.63
ORD04462,05-12-2024,CUST1565,Michael Burke,Chair,Furniture,North,Mumbai,5,35000,10266.09
ORD04463,02-11-2024,CUST1146,Jamie French,Desk,Furniture,West,Bengaluru,2,30000,3577.97
ORD04464,01-05-2024,CUST1367,Ernest Sullivan,Laptop,Electronics,North,Chennai,3,150000,23690.63
ORD04465,23-12-2025,CUST1425,Earl Hall,Laptop,Electronics,North,Ahmedabad,7,350000,67357.35
ORD04466,26-12-2025,CUST1339,Julie Johnson,Mouse,Electronics,East,Bengaluru,6,3000,793.24
ORD04467,19-07-2025,CUST1957,Dana Wolfe,Monitor,Electronics,North,Chennai,3,36000,4211.44
ORD04468,13-10-2025,CUST1311,Robert Price,Monitor,Electronics,South,Chennai,8,96000,15678.04
ORD04469,31-12-2025,CUST1313,James Henry,Chair,Furniture,West,Kolkata,1,7000,2227.38
ORD04470,23-11-2025,CUST1203,Susan Davis,Keyboard,Electronics,East,Delhi,6,7200,1652.68
ORD04471,03-12-2024,CUST1794,Darryl Richardson,Mouse,Electronics,South,Chennai,2,1000,169.29
ORD04472,19-04-2025,CUST1456,Karen Jackson DVM,Desk,Furniture,South,Kolkata,7,105000,15131.27
ORD04473,31-03-2025,CUST1282,Linda Patrick,Laptop,Electronics,North,Ahmedabad,4,200000,26981.05
ORD04474,02-01-2025,CUST1821,Veronica Diaz,Laptop,Electronics,North,Hyderabad,5,250000,56028.85
ORD04475,12-11-2024,CUST1846,Ann Moon,Mouse,Electronics,South,Bengaluru,7,3500,570.14
ORD04476,02-12-2024,CUST1982,Michael Williams,Monitor,Electronics,East,Chennai,6,72000,13763.16
ORD04477,27-12-2024,CUST1577,Timothy Chavez,Keyboard,Electronics,West,Hyderabad,1,1200,214.94
ORD04478,13-09-2025,CUST1873,Scott Ramirez,Desk,Furniture,North,Mumbai,8,120000,14364.8
ORD04479,15-07-2025,CUST1228,Crystal Collins,Monitor,Electronics,North,Pune,8,96000,18628.75
ORD04480,26-05-2024,CUST1452,Crystal Davis,Desk,Furniture,East,Chennai,8,120000,13636.89
ORD04481,01-01-2024,CUST1562,Matthew Mueller,Mouse,Electronics,East,Hyderabad,2,1000,285.65
ORD04482,06-11-2025,CUST1950,Teresa Thompson,Laptop,Electronics,South,Bengaluru,2,100000,22084.5
ORD04483,27-12-2025,CUST1534,Teresa Jacobson,Mouse,Electronics,West,Delhi,4,2000,361.17
ORD04484,19-03-2025,CUST1697,Robert Gonzalez,Laptop,Electronics,North,Bengaluru,4,200000,31081.56
ORD04485,22-05-2025,CUST1287,Andrea Garcia,Monitor,Electronics,West,Mumbai,1,12000,2001.81
ORD04486,08-08-2025,CUST1618,Cassandra Martinez,Mouse,Electronics,West,Bengaluru,4,2000,500.86
ORD04487,02-12-2024,CUST1712,Philip Cummings,Printer,Office Supplies,West,Delhi,2,18000,1944.07
ORD04488,12-05-2025,CUST1766,Timothy Sanchez,Monitor,Electronics,East,Bengaluru,4,48000,7290.16
ORD04489,17-04-2024,CUST1559,Scott Miranda,Desk,Furniture,East,Ahmedabad,7,105000,12694.72
ORD04490,22-02-2024,CUST1728,Alicia Wagner,Printer,Office Supplies,North,Delhi,7,63000,7043.44
ORD04491,18-10-2024,CUST1630,Chad Williams,Printer,Office Supplies,East,Pune,4,36000,3592.31
ORD04492,19-10-2025,CUST1675,Carlos Hensley,Desk,Furniture,East,Pune,8,120000,15989.68
ORD04493,14-02-2024,CUST1462,Laura Ramirez,Chair,Furniture,West,Bengaluru,2,14000,4235
ORD04494,17-12-2024,CUST1291,Christopher Rodriguez,Notebook,Office Supplies,South,Pune,3,300,83.82
ORD04495,21-04-2024,CUST1705,Mark Webster,Printer,Office Supplies,West,Delhi,6,54000,6998.99
ORD04496,29-10-2025,CUST1941,James Smith,Chair,Furniture,South,Chennai,4,28000,6331.71
ORD04497,21-12-2025,CUST1801,Robert Byrd,Laptop,Electronics,West,Chennai,8,400000,85494.6
ORD04498,16-08-2024,CUST1944,Joshua Powell,Desk,Furniture,West,Chennai,8,120000,14463.79
ORD04499,22-06-2025,CUST1316,Tonya Harding,Notebook,Office Supplies,South,Pune,2,200,55.62
ORD04500,11-12-2025,CUST1215,Larry Higgins,Laptop,Electronics,North,Hyderabad,8,400000,86731.56
ORD04501,01-02-2025,CUST1096,Nicole Mills,Mouse,Electronics,South,Chennai,8,4000,861.89
ORD04502,01-07-2025,CUST1223,Jonathan Porter,Laptop,Electronics,West,Bengaluru,1,50000,8956.42
ORD04503,29-12-2025,CUST1513,Christine Greene,Keyboard,Electronics,East,Pune,4,4800,785.69
ORD04504,22-02-2025,CUST1595,Edwin Munoz,Laptop,Electronics,East,Bengaluru,4,200000,44730.5
ORD04505,17-08-2024,CUST1089,James Brooks,Desk,Furniture,South,Kolkata,1,15000,2046.29
ORD04506,31-08-2024,CUST1321,Craig Smith,Desk,Furniture,East,Mumbai,4,60000,5725.25
ORD04507,31-08-2025,CUST1706,Mark Thomas,Chair,Furniture,North,Ahmedabad,8,56000,11109.35
ORD04508,08-05-2025,CUST1498,Rachel Curry,Keyboard,Electronics,North,Pune,3,3600,610.13
ORD04509,22-08-2025,CUST1248,Elizabeth Sanchez,Notebook,Office Supplies,East,Chennai,6,600,221.71
ORD04510,12-02-2024,CUST1935,Darren Gonzales,Desk,Furniture,South,Delhi,6,90000,12062.7
ORD04511,14-09-2024,CUST1075,Mr. John Khan,Laptop,Electronics,South,Kolkata,7,350000,48392.04
ORD04512,04-01-2025,CUST1577,Jason Williams,Chair,Furniture,East,Hyderabad,5,35000,11044.34
ORD04513,20-04-2024,CUST1564,Stephanie Livingston,Notebook,Office Supplies,South,Mumbai,2,200,69.57
ORD04514,15-01-2024,CUST1862,Anthony Marshall,Keyboard,Electronics,West,Chennai,8,9600,2123.9
ORD04515,15-04-2024,CUST1927,Matthew Hamilton,Laptop,Electronics,South,Bengaluru,8,400000,82149.53
ORD04516,09-10-2025,CUST1027,Heather Hunt,Keyboard,Electronics,East,Kolkata,4,4800,1049.98
ORD04517,12-12-2025,CUST1361,Timothy Melton,Chair,Furniture,South,Delhi,5,35000,8326.04
ORD04518,14-12-2024,CUST1594,Harold Lee,Chair,Furniture,East,Delhi,6,42000,9679.22
ORD04519,06-12-2024,CUST1438,Carol Gay,Keyboard,Electronics,North,Hyderabad,7,8400,1389.94
ORD04520,12-09-2025,CUST1821,Michael Nelson,Printer,Office Supplies,East,Ahmedabad,8,72000,8358.45
ORD04521,15-07-2024,CUST1590,Daniel Meyer,Monitor,Electronics,North,Pune,3,36000,5361.63
ORD04522,01-07-2024,CUST1710,Jamie Lindsey,Notebook,Office Supplies,South,Kolkata,1,100,21.53
ORD04523,10-03-2025,CUST1911,Marc Mitchell,Notebook,Office Supplies,North,Bengaluru,3,300,114.19
ORD04524,30-03-2025,CUST1383,Jose Martinez,Keyboard,Electronics,East,Delhi,3,3600,530.81
ORD04525,12-09-2025,CUST1038,John Gallagher,Notebook,Office Supplies,West,Hyderabad,2,200,58.48
ORD04526,25-11-2025,CUST1110,Richard Chandler,Laptop,Electronics,South,Delhi,2,100000,22926.81
ORD04527,01-08-2024,CUST1258,Andrea Donaldson,Laptop,Electronics,East,Delhi,4,200000,37814.8
ORD04528,16-06-2024,CUST1934,Jamie Guerrero,Printer,Office Supplies,North,Kolkata,7,63000,6674.72
ORD04529,17-07-2024,CUST1702,Nathan Adams,Keyboard,Electronics,South,Ahmedabad,2,2400,494.76
ORD04530,21-01-2025,CUST1801,Thomas Davis,Mouse,Electronics,South,Mumbai,3,1500,345.44
ORD04531,06-05-2025,CUST1087,James Williams,Laptop,Electronics,South,Bengaluru,6,300000,45068.33
ORD04532,26-07-2025,CUST1128,Troy Lee,Notebook,Office Supplies,South,Ahmedabad,1,100,36.59
ORD04533,05-07-2024,CUST1464,Jennifer Mckenzie,Printer,Office Supplies,North,Chennai,8,72000,8273.94
ORD04534,08-07-2025,CUST1548,Joshua Scott,Chair,Furniture,West,Bengaluru,6,42000,10443.27
ORD04535,03-06-2024,CUST1162,April Jones,Keyboard,Electronics,North,Mumbai,1,1200,225.63
ORD04536,20-07-2025,CUST1054,Deborah Webb,Keyboard,Electronics,East,Pune,7,8400,2159.85
ORD04537,16-08-2025,CUST1331,John Zavala,Notebook,Office Supplies,South,Pune,7,700,193.08
ORD04538,04-08-2025,CUST1426,Katherine Miller,Printer,Office Supplies,North,Kolkata,7,63000,4459.67
ORD04539,04-10-2025,CUST1263,Steven Jensen,Chair,Furniture,East,Bengaluru,8,56000,11107.3
ORD04540,17-07-2025,CUST1476,Sarah Sosa,Desk,Furniture,East,Hyderabad,8,120000,11959.36
ORD04541,04-01-2024,CUST1829,Justin Small,Printer,Office Supplies,East,Kolkata,5,45000,3188.05
ORD04542,24-02-2024,CUST1444,Erin Ortega,Desk,Furniture,North,Bengaluru,8,120000,14124.41
ORD04543,07-06-2024,CUST1408,Mary Conley,Printer,Office Supplies,North,Bengaluru,3,27000,2774.12
ORD04544,13-03-2024,CUST1724,Melanie Drake,Keyboard,Electronics,West,Pune,7,8400,1868.51
ORD04545,15-12-2024,CUST1200,Danielle Briggs,Mouse,Electronics,West,Mumbai,8,4000,630.17
ORD04546,11-02-2025,CUST1555,Dillon Case,Notebook,Office Supplies,North,Ahmedabad,1,100,27.02
ORD04547,28-04-2025,CUST1992,William Esparza,Mouse,Electronics,East,Mumbai,7,3500,713.64
ORD04548,14-07-2024,CUST1919,Kevin Solis,Keyboard,Electronics,North,Bengaluru,8,9600,2015.19
ORD04549,04-01-2025,CUST1243,Roger Peters,Chair,Furniture,East,Pune,3,21000,5428.43
ORD04550,27-03-2024,CUST1590,Colleen Blanchard,Mouse,Electronics,North,Pune,7,3500,904.81
ORD04551,20-12-2025,CUST1121,Christian Garcia,Laptop,Electronics,West,Delhi,8,400000,50519.36
ORD04552,15-04-2024,CUST1375,Heidi Newton,Notebook,Office Supplies,South,Delhi,8,800,293.6
ORD04553,26-02-2024,CUST1482,Gary Miller,Printer,Office Supplies,East,Delhi,8,72000,7843.09
ORD04554,15-07-2025,CUST1592,John Hebert,Chair,Furniture,East,Hyderabad,4,28000,5844.73
ORD04555,25-10-2025,CUST1933,Erik Small,Notebook,Office Supplies,East,Kolkata,8,800,268.71
ORD04556,09-03-2024,CUST1093,Robert Moore,Mouse,Electronics,North,Delhi,1,500,98.62
ORD04557,18-04-2024,CUST1508,Andre Pace,Laptop,Electronics,East,Delhi,8,400000,52603.04
ORD04558,01-06-2024,CUST1356,David Koch,Keyboard,Electronics,East,Hyderabad,1,1200,221.6
ORD04559,24-09-2025,CUST1179,Tyler Chapman MD,Keyboard,Electronics,North,Mumbai,4,4800,1077.12
ORD04560,26-04-2025,CUST1373,Donna Bishop,Laptop,Electronics,West,Pune,3,150000,28945.69
ORD04561,05-09-2025,CUST1432,Christopher Murphy,Printer,Office Supplies,East,Hyderabad,6,54000,5853.61
ORD04562,20-06-2024,CUST1354,Bradley Miller,Chair,Furniture,South,Kolkata,5,35000,10489.94
ORD04563,26-03-2024,CUST1414,Alejandra Fernandez,Chair,Furniture,East,Mumbai,3,21000,3851.89
ORD04564,10-02-2024,CUST1963,Brandon Cordova PhD,Desk,Furniture,East,Mumbai,4,60000,6944.29
ORD04565,19-09-2025,CUST1785,Wendy Smith,Monitor,Electronics,South,Hyderabad,4,48000,7021.09
ORD04566,04-12-2025,CUST1622,Casey Terrell,Notebook,Office Supplies,West,Kolkata,7,700,240.44
ORD04567,05-01-2024,CUST1857,Michael Serrano,Mouse,Electronics,East,Chennai,7,3500,893.41
ORD04568,13-04-2025,CUST1308,Kenneth Williams,Printer,Office Supplies,North,Chennai,2,18000,2133
ORD04569,21-03-2024,CUST1281,Erin Williams,Chair,Furniture,East,Delhi,7,49000,12369.15
ORD04570,11-12-2024,CUST1515,Virginia Mendez,Laptop,Electronics,West,Bengaluru,4,200000,45849.66
ORD04571,30-03-2025,CUST1261,Cheryl Jackson,Chair,Furniture,East,Chennai,1,7000,1932.53
ORD04572,21-09-2024,CUST1382,Wyatt Rodriguez,Laptop,Electronics,South,Chennai,7,350000,52003.97
ORD04573,21-04-2024,CUST1099,Lisa Fox,Keyboard,Electronics,North,Mumbai,8,9600,2192.61
ORD04574,13-03-2024,CUST1985,Diane Brown,Laptop,Electronics,East,Kolkata,6,300000,63742.06
ORD04575,18-06-2024,CUST1078,Debbie Schneider,Notebook,Office Supplies,South,Chennai,6,600,190.42
ORD04576,02-08-2024,CUST1053,Anne Obrien,Notebook,Office Supplies,West,Ahmedabad,2,200,60
ORD04577,10-02-2024,CUST1905,Amanda Phelps,Chair,Furniture,South,Bengaluru,1,7000,2146.46
ORD04578,22-09-2025,CUST1991,Melissa Patrick,Notebook,Office Supplies,West,Bengaluru,5,500,118.94
ORD04579,30-10-2024,CUST1559,Jordan Carter,Laptop,Electronics,South,Hyderabad,6,300000,65390.62
ORD04580,15-10-2024,CUST1481,Jennifer Roman,Mouse,Electronics,East,Pune,3,1500,422.74
ORD04581,28-10-2024,CUST1178,William Parker,Printer,Office Supplies,South,Hyderabad,5,45000,4193.81
ORD04582,15-09-2024,CUST1698,David Hernandez,Mouse,Electronics,West,Bengaluru,8,4000,996.72
ORD04583,14-04-2025,CUST1187,Bobby Matthews,Mouse,Electronics,West,Chennai,5,2500,526.83
ORD04584,27-05-2024,CUST1636,Brian Cole,Laptop,Electronics,South,Kolkata,5,250000,40791.7
ORD04585,30-05-2025,CUST1530,Benjamin Townsend,Printer,Office Supplies,West,Hyderabad,7,63000,6752.37
ORD04586,03-12-2024,CUST1525,Lauren Higgins,Printer,Office Supplies,East,Hyderabad,6,54000,4729.95
ORD04587,05-01-2024,CUST1118,Bryan Newman,Chair,Furniture,South,Ahmedabad,2,14000,2944.76
ORD04588,08-09-2025,CUST1445,Kristen Matthews,Notebook,Office Supplies,South,Hyderabad,1,100,33.44
ORD04589,18-08-2025,CUST1213,Christine Kennedy,Desk,Furniture,East,Kolkata,2,30000,4653.8
ORD04590,12-10-2024,CUST1861,Christopher Lee,Monitor,Electronics,East,Pune,1,12000,1379.75
ORD04591,16-11-2025,CUST1357,Andre Farrell,Printer,Office Supplies,West,Mumbai,4,36000,3431.37
ORD04592,15-02-2025,CUST1139,Cody Jimenez,Mouse,Electronics,South,Ahmedabad,6,3000,624.2
ORD04593,04-03-2025,CUST1343,Jennifer Fletcher,Laptop,Electronics,East,Delhi,8,400000,51619.23
ORD04594,05-02-2024,CUST1134,Casey Murphy,Desk,Furniture,South,Hyderabad,4,60000,5481.24
ORD04595,06-08-2024,CUST1857,Jennifer Edwards,Chair,Furniture,West,Bengaluru,4,28000,5941.92
ORD04596,12-10-2025,CUST1664,Lacey Graves,Printer,Office Supplies,South,Pune,2,18000,1839.85
ORD04597,26-12-2024,CUST1428,Richard Best,Chair,Furniture,South,Mumbai,8,56000,17126.52
ORD04598,02-08-2024,CUST1556,John Mcneil,Mouse,Electronics,North,Hyderabad,3,1500,354.86
ORD04599,18-02-2024,CUST1927,Stephen Allen,Keyboard,Electronics,West,Kolkata,8,9600,1965.6
ORD04600,01-11-2024,CUST1355,Tina Solomon,Mouse,Electronics,East,Kolkata,6,3000,737.99
ORD04601,29-11-2024,CUST1725,Jennifer Townsend,Notebook,Office Supplies,East,Mumbai,4,400,109.46
ORD04602,18-07-2025,CUST1696,Michelle Mcbride,Laptop,Electronics,South,Chennai,3,150000,29081.36
ORD04603,09-11-2025,CUST1535,Aaron Webb,Keyboard,Electronics,West,Kolkata,2,2400,606.18
ORD04604,20-09-2025,CUST1279,Kathryn Clark,Laptop,Electronics,West,Pune,6,300000,64827.47
ORD04605,29-06-2025,CUST1293,Matthew Doyle,Keyboard,Electronics,West,Delhi,3,3600,933.21
ORD04606,22-03-2024,CUST1685,Kiara Preston,Desk,Furniture,South,Bengaluru,3,45000,3924.04
ORD04607,20-06-2024,CUST1214,Lisa Salazar MD,Printer,Office Supplies,South,Delhi,2,18000,2116.08
ORD04608,19-06-2025,CUST1446,Rebecca Gibson,Monitor,Electronics,East,Bengaluru,7,84000,15961.52
ORD04609,19-05-2024,CUST1437,Kimberly Ryan,Printer,Office Supplies,East,Bengaluru,8,72000,7395.01
ORD04610,22-01-2025,CUST1029,Amanda Cook,Printer,Office Supplies,South,Bengaluru,3,27000,2747.28
ORD04611,19-08-2024,CUST1851,Mark Conner,Laptop,Electronics,East,Hyderabad,8,400000,69789.71
ORD04612,12-11-2025,CUST1549,Shawn Hickman,Mouse,Electronics,South,Ahmedabad,1,500,103.84
ORD04613,13-10-2025,CUST1721,Lisa Hall,Chair,Furniture,East,Hyderabad,6,42000,12473.57
ORD04614,26-06-2024,CUST1197,Kevin Cole,Monitor,Electronics,South,Hyderabad,6,72000,13331.78
ORD04615,04-12-2024,CUST1218,Matthew Williams,Printer,Office Supplies,East,Chennai,1,9000,660.2
ORD04616,08-05-2024,CUST1794,Tanner King,Printer,Office Supplies,West,Ahmedabad,4,36000,2651.53
ORD04617,03-04-2025,CUST1944,Joseph Williams,Keyboard,Electronics,North,Pune,3,3600,741.92
ORD04618,05-06-2024,CUST1339,Joann Sanders,Keyboard,Electronics,East,Chennai,5,6000,870.07
ORD04619,18-12-2025,CUST1700,Tyler Lang,Chair,Furniture,South,Hyderabad,7,49000,12405.88
ORD04620,16-04-2024,CUST1425,Robert Payne,Printer,Office Supplies,West,Mumbai,1,9000,788.31
ORD04621,19-10-2024,CUST1409,Jonathan Cisneros,Desk,Furniture,West,Ahmedabad,7,105000,13640.5
ORD04622,11-01-2024,CUST1304,Margaret Torres,Notebook,Office Supplies,East,Pune,6,600,167.05
ORD04623,31-07-2024,CUST1191,Amber Zhang,Notebook,Office Supplies,South,Mumbai,8,800,275.44
ORD04624,04-12-2024,CUST1360,Matthew Roberts,Keyboard,Electronics,West,Hyderabad,5,6000,1231.94
ORD04625,09-03-2025,CUST1912,David Hays,Laptop,Electronics,South,Ahmedabad,1,50000,9859.87
ORD04626,30-08-2025,CUST1693,Erin Gardner,Chair,Furniture,East,Bengaluru,6,42000,11020.91
ORD04627,26-02-2025,CUST1024,Michael Miller,Notebook,Office Supplies,East,Ahmedabad,5,500,107.86
ORD04628,18-02-2024,CUST1230,Theresa Smith,Laptop,Electronics,South,Delhi,2,100000,13990.75
ORD04629,31-05-2025,CUST1510,Paul Scott,Mouse,Electronics,North,Kolkata,4,2000,498.43
ORD04630,10-03-2025,CUST1562,Megan Perry,Keyboard,Electronics,North,Chennai,4,4800,814.7
ORD04631,18-01-2024,CUST1969,Christina Martin,Mouse,Electronics,North,Chennai,1,500,112.7
ORD04632,21-07-2024,CUST1333,Timothy Collins,Monitor,Electronics,West,Hyderabad,4,48000,7014.39
ORD04633,05-04-2025,CUST1502,Kimberly Jones,Laptop,Electronics,South,Hyderabad,3,150000,29201.38
ORD04634,09-01-2025,CUST1622,Dr. Sarah Smith,Mouse,Electronics,West,Chennai,6,3000,828.7
ORD04635,21-05-2025,CUST1348,Richard Bauer,Printer,Office Supplies,East,Chennai,5,45000,4104.32
ORD04636,27-11-2024,CUST1918,Traci Wilson,Desk,Furniture,South,Kolkata,1,15000,2222.31
ORD04637,03-11-2024,CUST1526,Bryan Miranda,Keyboard,Electronics,East,Pune,2,2400,463.62
ORD04638,13-06-2024,CUST1706,Julie Martinez,Mouse,Electronics,East,Bengaluru,4,2000,472.81
ORD04639,04-03-2024,CUST1965,Diana Miller,Desk,Furniture,West,Bengaluru,3,45000,6401.18
ORD04640,08-04-2024,CUST1894,Heather Hughes,Mouse,Electronics,North,Bengaluru,7,3500,839.35
ORD04641,18-01-2025,CUST1503,Tony Swanson,Mouse,Electronics,East,Pune,5,2500,659.64
ORD04642,28-07-2024,CUST1041,Lisa Montes,Desk,Furniture,South,Hyderabad,3,45000,3974.54
ORD04643,27-01-2024,CUST1525,Wendy Martin,Notebook,Office Supplies,South,Pune,5,500,146.69
ORD04644,06-01-2025,CUST1699,Joseph Norris,Laptop,Electronics,South,Bengaluru,4,200000,42966.74
ORD04645,18-10-2024,CUST1899,William Todd,Mouse,Electronics,East,Delhi,3,1500,377.09
ORD04646,22-03-2025,CUST1239,Gerald Price,Keyboard,Electronics,East,Delhi,4,4800,1247.23
ORD04647,31-03-2024,CUST1842,Ashley Hunt,Chair,Furniture,North,Chennai,2,14000,2819.66
ORD04648,20-11-2024,CUST1596,Christy Lee,Keyboard,Electronics,North,Delhi,6,7200,1421.16
ORD04649,15-09-2024,CUST1090,Patricia Adkins,Chair,Furniture,South,Ahmedabad,8,56000,14905.37
ORD04650,09-01-2024,CUST1088,Willie Perez,Keyboard,Electronics,North,Mumbai,6,7200,1269.35
ORD04651,26-08-2024,CUST1268,Susan Snyder,Monitor,Electronics,East,Hyderabad,5,60000,10301.48
ORD04652,03-12-2025,CUST1638,Jasmine Day,Mouse,Electronics,West,Bengaluru,4,2000,364.59
ORD04653,30-03-2024,CUST1190,Andrew Chavez,Printer,Office Supplies,West,Ahmedabad,7,63000,6477.15
ORD04654,29-04-2024,CUST1154,Henry Huerta,Chair,Furniture,North,Bengaluru,3,21000,4040.32
ORD04655,17-08-2024,CUST1040,Mariah Perry,Mouse,Electronics,North,Pune,4,2000,440.66
ORD04656,22-06-2025,CUST1973,Tracy Atkins,Chair,Furniture,North,Mumbai,1,7000,1395.9
ORD04657,04-01-2025,CUST1161,Ryan Wheeler,Notebook,Office Supplies,South,Mumbai,7,700,185.05
ORD04658,12-03-2024,CUST1686,Audrey Taylor,Mouse,Electronics,South,Ahmedabad,1,500,110.87
ORD04659,13-12-2025,CUST1211,Zachary Swanson MD,Desk,Furniture,North,Hyderabad,7,105000,16109.55
ORD04660,03-10-2025,CUST1408,Amanda Conley,Keyboard,Electronics,West,Delhi,4,4800,1109.98
ORD04661,28-03-2024,CUST1011,Eric Short,Chair,Furniture,South,Mumbai,2,14000,4363.7
ORD04662,24-11-2024,CUST1832,Scott Brown,Mouse,Electronics,North,Mumbai,8,4000,769.42
ORD04663,24-01-2024,CUST1781,Victor Taylor,Monitor,Electronics,South,Pune,4,48000,8417.04
ORD04664,19-05-2025,CUST1078,James Hernandez,Chair,Furniture,East,Hyderabad,6,42000,10058.1
ORD04665,22-05-2025,CUST1464,Jason Jones,Notebook,Office Supplies,East,Bengaluru,6,600,132.27
ORD04666,18-03-2024,CUST1845,Angela Parker,Desk,Furniture,West,Ahmedabad,8,120000,11393.49
ORD04667,19-07-2024,CUST1678,Alexander Zavala,Mouse,Electronics,West,Mumbai,7,3500,551.06
ORD04668,07-12-2025,CUST1773,Michael Kane,Mouse,Electronics,West,Delhi,1,500,97.82
ORD04669,29-07-2024,CUST1061,Lindsey York,Monitor,Electronics,West,Kolkata,7,84000,15319.44
ORD04670,31-08-2025,CUST1622,Brandon Baker,Printer,Office Supplies,East,Kolkata,1,9000,637.38
ORD04671,08-09-2024,CUST1881,Stephen White,Notebook,Office Supplies,South,Ahmedabad,7,700,233.49
ORD04672,19-05-2025,CUST1110,Robert Hall,Monitor,Electronics,East,Delhi,8,96000,10592.05
ORD04673,08-03-2024,CUST1280,Ryan Pierce,Laptop,Electronics,North,Kolkata,8,400000,87839.19
ORD04674,01-11-2024,CUST1220,Shannon Cain,Monitor,Electronics,North,Kolkata,4,48000,5828.86
ORD04675,13-12-2025,CUST1554,Laura Vaughn,Desk,Furniture,South,Bengaluru,8,120000,12612.84
ORD04676,06-01-2024,CUST1860,Juan Evans,Monitor,Electronics,West,Bengaluru,8,96000,12974.86
ORD04677,10-12-2025,CUST1144,Nicole Williams,Keyboard,Electronics,East,Chennai,6,7200,1797.12
ORD04678,25-04-2024,CUST1216,Jennifer Barrett,Chair,Furniture,North,Kolkata,6,42000,9343.1
ORD04679,15-06-2025,CUST1882,Anthony Jones,Laptop,Electronics,South,Ahmedabad,4,200000,45057.7
ORD04680,30-07-2024,CUST1560,Leah Rodriguez,Notebook,Office Supplies,West,Ahmedabad,8,800,246.14
ORD04681,03-09-2024,CUST1544,John Ward,Notebook,Office Supplies,North,Delhi,4,400,94.47
ORD04682,25-03-2025,CUST1372,Deborah Garza,Chair,Furniture,East,Kolkata,4,28000,6627.02
ORD04683,06-05-2025,CUST1966,Rebecca Miller,Notebook,Office Supplies,East,Mumbai,5,500,151.55
ORD04684,31-03-2024,CUST1133,Matthew Carroll,Notebook,Office Supplies,North,Kolkata,4,400,119.36
ORD04685,19-12-2024,CUST1911,Lynn Smith,Monitor,Electronics,South,Hyderabad,2,24000,3507.92
ORD04686,23-09-2024,CUST1366,Michael Jackson,Printer,Office Supplies,East,Delhi,7,63000,4551.06
ORD04687,02-10-2024,CUST1259,Sharon Hicks,Mouse,Electronics,North,Chennai,2,1000,252.91
ORD04688,24-12-2025,CUST1319,Abigail Mills MD,Printer,Office Supplies,South,Kolkata,3,27000,2771.36
ORD04689,25-01-2025,CUST1121,Paula Lopez,Mouse,Electronics,North,Pune,2,1000,208.66
ORD04690,19-01-2025,CUST1077,Amy Clark,Notebook,Office Supplies,North,Bengaluru,1,100,36.48
ORD04691,15-12-2024,CUST1347,Cheryl Rose,Notebook,Office Supplies,East,Kolkata,1,100,35.09
ORD04692,11-02-2025,CUST1512,Jared Garza,Desk,Furniture,South,Kolkata,5,75000,7247.43
ORD04693,01-04-2024,CUST1273,Donna Wright,Chair,Furniture,North,Ahmedabad,4,28000,6999.29
ORD04694,18-11-2024,CUST1287,Belinda Fisher,Chair,Furniture,East,Chennai,5,35000,9442.39
ORD04695,24-08-2024,CUST1007,Kathleen Levine,Notebook,Office Supplies,North,Mumbai,7,700,150.61
ORD04696,02-06-2024,CUST1979,Corey King,Notebook,Office Supplies,South,Kolkata,3,300,71.22
ORD04697,08-12-2025,CUST1101,Cody Davidson,Printer,Office Supplies,West,Ahmedabad,5,45000,5004.87
ORD04698,04-11-2025,CUST1804,Michael Anderson,Notebook,Office Supplies,North,Chennai,4,400,122.53
ORD04699,22-08-2025,CUST1198,Zachary Mcgee,Printer,Office Supplies,East,Delhi,1,9000,1159.11
ORD04700,04-01-2025,CUST1033,Melinda Anderson,Mouse,Electronics,North,Mumbai,7,3500,854.53
ORD04701,22-09-2024,CUST1876,Tyler Andrews,Monitor,Electronics,North,Ahmedabad,7,84000,14894.67
ORD04702,12-07-2024,CUST1892,Michelle Greer,Chair,Furniture,West,Hyderabad,5,35000,9075.36
ORD04703,25-06-2024,CUST1829,Brian Clark,Laptop,Electronics,West,Chennai,1,50000,10031.55
ORD04704,04-07-2024,CUST1608,Nathaniel Floyd,Desk,Furniture,East,Pune,2,30000,3178.54
ORD04705,03-12-2024,CUST1300,Erika Jenkins,Chair,Furniture,South,Mumbai,7,49000,11718.94
ORD04706,13-05-2024,CUST1486,Melanie Ramos,Printer,Office Supplies,East,Bengaluru,6,54000,6516.96
ORD04707,09-03-2024,CUST1663,Mark Clark,Laptop,Electronics,West,Ahmedabad,1,50000,6906.13
ORD04708,09-11-2025,CUST1801,Sergio Hodge,Chair,Furniture,East,Chennai,5,35000,8545.03
ORD04709,30-04-2024,CUST1835,Katherine Avery,Keyboard,Electronics,West,Ahmedabad,4,4800,852.31
ORD04710,10-06-2025,CUST1620,David Hamilton,Monitor,Electronics,West,Mumbai,3,36000,5149.1
ORD04711,14-01-2024,CUST1476,Richard Bass,Laptop,Electronics,North,Bengaluru,1,50000,6788.69
ORD04712,17-03-2024,CUST1755,Kelly Harris,Chair,Furniture,South,Delhi,6,42000,10175.37
ORD04713,02-04-2024,CUST1715,Dustin Campbell,Chair,Furniture,East,Bengaluru,5,35000,9062.05
ORD04714,02-06-2024,CUST1806,Randy Kennedy,Monitor,Electronics,South,Ahmedabad,6,72000,12184.34
ORD04715,28-04-2025,CUST1730,Ana Gibson,Printer,Office Supplies,East,Kolkata,3,27000,2982.69
ORD04716,19-02-2024,CUST1940,Danny Harris,Printer,Office Supplies,South,Kolkata,2,18000,1972.31
ORD04717,12-04-2025,CUST1973,Sara Stuart,Desk,Furniture,West,Mumbai,7,105000,10890.83
ORD04718,13-05-2024,CUST1904,John Kim,Mouse,Electronics,North,Hyderabad,6,3000,666.99
ORD04719,03-01-2024,CUST1499,Richard Brewer,Laptop,Electronics,North,Mumbai,5,250000,33470.58
ORD04720,14-02-2025,CUST1263,William Arnold,Notebook,Office Supplies,East,Kolkata,2,200,44.74
ORD04721,31-05-2025,CUST1246,Brianna Adams,Mouse,Electronics,North,Hyderabad,2,1000,285.92
ORD04722,05-11-2024,CUST1894,David Garcia,Desk,Furniture,West,Ahmedabad,5,75000,7231.29
ORD04723,16-11-2025,CUST1494,Kelli Collins,Desk,Furniture,East,Hyderabad,3,45000,4561.41
ORD04724,27-07-2025,CUST1573,Arthur Krueger,Printer,Office Supplies,North,Bengaluru,1,9000,660.51
ORD04725,07-04-2024,CUST1160,Steven King,Desk,Furniture,North,Delhi,4,60000,5785.55
ORD04726,08-08-2025,CUST1994,Tyler Velazquez,Keyboard,Electronics,North,Kolkata,3,3600,679.47
ORD04727,31-05-2024,CUST1554,Laura Middleton,Notebook,Office Supplies,West,Chennai,7,700,238.73
ORD04728,24-10-2025,CUST1369,Lori Madden,Monitor,Electronics,West,Mumbai,4,48000,8621.04
ORD04729,15-11-2025,CUST1542,Tyler Murphy,Notebook,Office Supplies,South,Mumbai,5,500,141.23
ORD04730,28-04-2025,CUST1009,Kristen Bradley,Laptop,Electronics,North,Hyderabad,1,50000,7320.12
ORD04731,03-03-2024,CUST1540,Corey Rodriguez,Laptop,Electronics,West,Kolkata,4,200000,35728.23
ORD04732,24-12-2025,CUST1035,Phillip King,Monitor,Electronics,South,Pune,3,36000,3898.53
ORD04733,09-12-2025,CUST1445,Laurie Fuller,Chair,Furniture,West,Pune,3,21000,5793.02
ORD04734,29-06-2024,CUST1630,Toni Cunningham,Printer,Office Supplies,West,Chennai,7,63000,7940.03
ORD04735,20-11-2025,CUST1884,James Weber,Laptop,Electronics,East,Chennai,8,400000,84892.75
ORD04736,13-03-2025,CUST1482,Erika Hodge,Notebook,Office Supplies,West,Chennai,6,600,173.7
ORD04737,06-06-2025,CUST1164,Peter Patel,Chair,Furniture,North,Hyderabad,2,14000,4074.17
ORD04738,24-12-2024,CUST1003,Jeffrey Hart DDS,Chair,Furniture,North,Ahmedabad,8,56000,13803.68
ORD04739,01-06-2024,CUST1062,Steven Hall,Chair,Furniture,South,Kolkata,6,42000,12167.7
ORD04740,19-08-2024,CUST1059,Christine Gutierrez,Keyboard,Electronics,South,Bengaluru,7,8400,1792.35
ORD04741,15-01-2025,CUST1975,Angel Becker DVM,Notebook,Office Supplies,West,Ahmedabad,5,500,136.08
ORD04742,03-02-2024,CUST1472,Chad Rojas,Monitor,Electronics,East,Delhi,1,12000,1920.73
ORD04743,19-03-2025,CUST1527,Brent Scott,Notebook,Office Supplies,East,Bengaluru,4,400,108.12
ORD04744,05-05-2025,CUST1376,Jennifer Esparza,Keyboard,Electronics,North,Bengaluru,5,6000,1174.79
ORD04745,10-10-2025,CUST1588,Stacy Orozco,Desk,Furniture,North,Delhi,4,60000,7123.05
ORD04746,21-02-2025,CUST1614,Thomas Carr,Desk,Furniture,South,Ahmedabad,4,60000,6765.58
ORD04747,10-08-2024,CUST1264,David George,Keyboard,Electronics,South,Bengaluru,8,9600,1844.52
ORD04748,16-06-2025,CUST1236,Teresa Allen,Desk,Furniture,West,Bengaluru,7,105000,10024.62
ORD04749,09-07-2024,CUST1345,Donald Jackson,Monitor,Electronics,South,Mumbai,8,96000,15904.82
ORD04750,27-04-2025,CUST1844,Monica Howe,Laptop,Electronics,North,Delhi,4,200000,42694.12
ORD04751,14-09-2024,CUST1958,Willie Flynn PhD,Chair,Furniture,North,Ahmedabad,3,21000,5738.19
ORD04752,14-07-2024,CUST1238,Jonathan Perez,Printer,Office Supplies,South,Mumbai,1,9000,774.23
ORD04753,11-10-2025,CUST1784,April Horton,Monitor,Electronics,North,Bengaluru,5,60000,8282.53
ORD04754,02-10-2025,CUST1944,Nicole Hawkins,Desk,Furniture,North,Pune,8,120000,17776.96
ORD04755,29-08-2025,CUST1536,Patrick Hooper,Printer,Office Supplies,East,Mumbai,4,36000,3470.16
ORD04756,29-01-2025,CUST1553,Mary Lee,Printer,Office Supplies,North,Kolkata,7,63000,6569.77
ORD04757,31-12-2024,CUST1314,Cynthia Williams,Chair,Furniture,East,Bengaluru,6,42000,12668.15
ORD04758,14-12-2025,CUST1552,Ronald Gonzalez,Mouse,Electronics,South,Hyderabad,6,3000,655.83
ORD04759,26-11-2024,CUST1211,Antonio Cole,Keyboard,Electronics,South,Hyderabad,7,8400,1467.68
ORD04760,06-01-2025,CUST1631,Amanda Swanson,Monitor,Electronics,South,Pune,7,84000,12769.3
ORD04761,08-08-2025,CUST1038,Holly Sherman,Keyboard,Electronics,South,Hyderabad,4,4800,1038.14
ORD04762,23-03-2024,CUST1710,Sandy Reynolds,Printer,Office Supplies,East,Delhi,4,36000,3983.87
ORD04763,06-06-2025,CUST1383,Sandra Moore,Monitor,Electronics,West,Chennai,3,36000,4086.51
ORD04764,31-01-2024,CUST1130,Christopher Johnson,Desk,Furniture,East,Delhi,2,30000,3990.82
ORD04765,26-10-2025,CUST1536,Ryan Fisher,Notebook,Office Supplies,West,Delhi,7,700,201.73
ORD04766,31-10-2024,CUST1506,Christopher Jones,Notebook,Office Supplies,West,Hyderabad,8,800,200.13
ORD04767,13-08-2025,CUST1694,Jeffrey Lyons,Mouse,Electronics,West,Ahmedabad,5,2500,658.52
ORD04768,01-04-2024,CUST1911,Miguel Reeves,Keyboard,Electronics,North,Ahmedabad,6,7200,1633.67
ORD04769,25-04-2025,CUST1390,Kiara Santana,Desk,Furniture,South,Bengaluru,3,45000,4785.76
ORD04770,14-02-2025,CUST1247,Tonya Richards,Mouse,Electronics,West,Pune,6,3000,601.58
ORD04771,10-09-2025,CUST1263,Jesse Poole,Monitor,Electronics,East,Pune,7,84000,10542.56
ORD04772,22-12-2024,CUST1328,Mary Lewis,Laptop,Electronics,East,Kolkata,4,200000,37216.76
ORD04773,30-10-2025,CUST1376,Christopher Copeland,Desk,Furniture,South,Mumbai,7,105000,14706.94
ORD04774,10-08-2024,CUST1032,Ethan Obrien,Printer,Office Supplies,North,Bengaluru,1,9000,907.32
ORD04775,23-04-2025,CUST1962,Rebecca Houston,Mouse,Electronics,South,Kolkata,1,500,120.7
ORD04776,20-06-2024,CUST1359,Edward Barton,Notebook,Office Supplies,West,Hyderabad,4,400,133.17
ORD04777,28-07-2024,CUST1291,Brandon Perkins,Monitor,Electronics,West,Pune,3,36000,4330.84
ORD04778,04-02-2025,CUST1005,Beth Brown,Monitor,Electronics,North,Mumbai,2,24000,3440.34
ORD04779,15-06-2025,CUST1441,Kim Vincent,Laptop,Electronics,West,Delhi,1,50000,7932.76
ORD04780,06-06-2024,CUST1423,Jennifer Banks,Printer,Office Supplies,East,Pune,4,36000,4628.51
ORD04781,10-06-2025,CUST1365,Ruth Brown,Printer,Office Supplies,East,Pune,4,36000,3955.26
ORD04782,29-02-2024,CUST1805,Shawn Lindsey,Mouse,Electronics,North,Ahmedabad,8,4000,1139.63
ORD04783,26-10-2024,CUST1937,Anthony Garrison,Printer,Office Supplies,East,Mumbai,2,18000,2251.93
ORD04784,17-05-2025,CUST1834,Angela Ryan,Laptop,Electronics,South,Pune,5,250000,40951.88
ORD04785,03-11-2024,CUST1261,Joseph Davis,Notebook,Office Supplies,West,Ahmedabad,7,700,268.13
ORD04786,28-02-2024,CUST1762,Joshua Clayton,Monitor,Electronics,East,Bengaluru,8,96000,16716.5
ORD04787,19-12-2024,CUST1940,John Massey,Laptop,Electronics,North,Ahmedabad,6,300000,50403.31
ORD04788,29-03-2025,CUST1092,Richard Hale,Printer,Office Supplies,South,Hyderabad,5,45000,5148.41
ORD04789,29-12-2024,CUST1044,Charles Ramos,Chair,Furniture,West,Chennai,4,28000,8324.21
ORD04790,27-11-2024,CUST1059,Mark Miller,Monitor,Electronics,South,Ahmedabad,1,12000,1686.68
ORD04791,14-09-2025,CUST1975,Julia Maldonado,Laptop,Electronics,South,Pune,7,350000,54699.83
ORD04792,25-08-2024,CUST1366,Gail Johnson MD,Monitor,Electronics,East,Kolkata,5,60000,10482.45
ORD04793,10-07-2024,CUST1839,Maurice Johnson,Desk,Furniture,North,Chennai,3,45000,7009.46
ORD04794,31-05-2025,CUST1462,Amanda Morris,Notebook,Office Supplies,North,Delhi,1,100,35.81
ORD04795,13-11-2024,CUST1429,Rhonda Willis,Laptop,Electronics,East,Kolkata,4,200000,32330.54
ORD04796,24-08-2025,CUST1821,Connor Benton,Notebook,Office Supplies,North,Ahmedabad,1,100,37.28
ORD04797,09-10-2024,CUST1470,Richard Ryan,Printer,Office Supplies,West,Mumbai,7,63000,5391.13
ORD04798,30-06-2024,CUST1118,Richard Goodman,Mouse,Electronics,East,Delhi,7,3500,576.45
ORD04799,25-12-2024,CUST1564,Michelle Mcneil,Monitor,Electronics,West,Mumbai,7,84000,14102.57
ORD04800,05-11-2024,CUST1125,Michael Norton,Laptop,Electronics,East,Ahmedabad,1,50000,10554.28
ORD04801,10-07-2025,CUST1425,Donna Carter,Monitor,Electronics,West,Delhi,4,48000,6650.53
ORD04802,19-11-2024,CUST1767,Joshua Hernandez,Mouse,Electronics,North,Delhi,4,2000,444.12
ORD04803,08-05-2025,CUST1197,Kimberly Mitchell,Keyboard,Electronics,North,Mumbai,6,7200,1686.59
ORD04804,28-10-2024,CUST1830,Patricia Hernandez,Laptop,Electronics,East,Hyderabad,2,100000,14591.08
ORD04805,26-07-2025,CUST1056,Donna Howell,Mouse,Electronics,West,Mumbai,2,1000,274.28
ORD04806,14-02-2025,CUST1640,James Williams,Chair,Furniture,East,Delhi,2,14000,2848.35
ORD04807,07-04-2024,CUST1687,Alexander Greene,Desk,Furniture,South,Kolkata,6,90000,8342.88
ORD04808,07-11-2025,CUST1504,Dean Sanchez,Printer,Office Supplies,North,Hyderabad,2,18000,1801.8
ORD04809,16-09-2025,CUST1970,Glenn Ward,Laptop,Electronics,South,Ahmedabad,1,50000,9766.86
ORD04810,19-12-2025,CUST1103,Kendra Sullivan,Keyboard,Electronics,West,Mumbai,6,7200,1022.92
ORD04811,23-05-2024,CUST1076,Cynthia Hernandez,Keyboard,Electronics,South,Pune,4,4800,791.54
ORD04812,13-02-2024,CUST1576,Darren Morris,Desk,Furniture,East,Delhi,3,45000,6895.97
ORD04813,23-11-2025,CUST1074,Holly Underwood,Laptop,Electronics,West,Hyderabad,4,200000,35524.81
ORD04814,04-04-2025,CUST1261,Jaime Williams,Desk,Furniture,North,Kolkata,6,90000,10057.11
ORD04815,04-07-2024,CUST1926,Lori Brown,Notebook,Office Supplies,West,Bengaluru,2,200,44.46
ORD04816,01-02-2025,CUST1606,Jason Chase,Laptop,Electronics,East,Mumbai,4,200000,45003.96
ORD04817,05-04-2024,CUST1172,Lisa Buchanan,Notebook,Office Supplies,North,Mumbai,6,600,178.96
ORD04818,05-03-2024,CUST1555,Marcus Fields,Notebook,Office Supplies,North,Mumbai,1,100,35.97
ORD04819,21-09-2025,CUST1864,Tammy Lopez,Keyboard,Electronics,South,Ahmedabad,4,4800,1175.89
ORD04820,20-08-2025,CUST1895,Derek Williams,Laptop,Electronics,West,Bengaluru,3,150000,24157.65
ORD04821,14-08-2024,CUST1117,James Davenport,Laptop,Electronics,East,Chennai,7,350000,73887.55
ORD04822,19-08-2025,CUST1720,Justin Moreno,Notebook,Office Supplies,West,Mumbai,2,200,72.45
ORD04823,02-01-2025,CUST1031,Mario Green,Notebook,Office Supplies,East,Bengaluru,1,100,38.4
ORD04824,20-02-2024,CUST1862,Cassandra Fry,Mouse,Electronics,South,Kolkata,2,1000,172.61
ORD04825,07-10-2024,CUST1794,Dr. Jose Gray DDS,Laptop,Electronics,North,Delhi,2,100000,16973.44
ORD04826,20-02-2025,CUST1859,Amy Adams,Chair,Furniture,North,Mumbai,5,35000,10047.54
ORD04827,19-07-2025,CUST1860,Austin Horton,Printer,Office Supplies,South,Pune,2,18000,1537.19
ORD04828,02-08-2025,CUST1896,Elizabeth Jackson,Notebook,Office Supplies,East,Delhi,6,600,154.47
ORD04829,06-12-2024,CUST1848,Maureen Cross,Notebook,Office Supplies,North,Kolkata,1,100,31.63
ORD04830,11-02-2025,CUST1442,Christopher Sanchez,Keyboard,Electronics,South,Chennai,8,9600,1646.14
ORD04831,14-09-2025,CUST1280,Mitchell Richardson,Laptop,Electronics,North,Pune,8,400000,61540.92
ORD04832,02-01-2025,CUST1465,Kelsey Lewis,Keyboard,Electronics,West,Kolkata,1,1200,209.81
ORD04833,21-11-2025,CUST1779,Richard Miller,Keyboard,Electronics,East,Hyderabad,6,7200,1740.65
ORD04834,06-09-2025,CUST1825,Samantha Carter,Notebook,Office Supplies,East,Ahmedabad,7,700,223.21
ORD04835,19-10-2024,CUST1507,Mrs. Heather Christensen,Laptop,Electronics,South,Kolkata,2,100000,16820.06
ORD04836,19-11-2025,CUST1729,Sharon Williams,Mouse,Electronics,West,Chennai,8,4000,1138.31
ORD04837,03-12-2025,CUST1396,Daryl Lowe,Laptop,Electronics,South,Hyderabad,3,150000,34550.61
ORD04838,03-02-2025,CUST1396,Michael Carter,Notebook,Office Supplies,South,Kolkata,2,200,46.35
ORD04839,11-11-2024,CUST1611,Susan Johnson,Notebook,Office Supplies,South,Pune,1,100,34.82
ORD04840,17-02-2024,CUST1127,James Jenkins,Notebook,Office Supplies,West,Chennai,7,700,207.87
ORD04841,17-05-2025,CUST1841,Dylan Johnston,Notebook,Office Supplies,East,Delhi,3,300,108.32
ORD04842,24-05-2025,CUST1974,Kathy Hull,Keyboard,Electronics,South,Ahmedabad,2,2400,594.29
ORD04843,07-10-2024,CUST1183,Monica Richardson,Mouse,Electronics,South,Chennai,3,1500,294.81
ORD04844,03-02-2025,CUST1851,Kathryn White,Keyboard,Electronics,North,Delhi,6,7200,1723.22
ORD04845,05-03-2024,CUST1463,Mrs. Valerie Owens,Desk,Furniture,South,Mumbai,5,75000,9541.1
ORD04846,02-06-2024,CUST1008,Amy Watts,Desk,Furniture,East,Ahmedabad,1,15000,1626.64
ORD04847,11-07-2024,CUST1736,Michael Brown,Desk,Furniture,North,Pune,4,60000,8355.78
ORD04848,19-09-2025,CUST1983,Cynthia Hendricks,Desk,Furniture,South,Pune,7,105000,8945.94
ORD04849,29-12-2025,CUST1126,Phillip Kelly,Keyboard,Electronics,North,Mumbai,4,4800,758.07
ORD04850,19-08-2024,CUST1742,Deanna Edwards,Keyboard,Electronics,North,Pune,5,6000,1499.82
ORD04851,05-07-2025,CUST1948,Jennifer Walker,Mouse,Electronics,West,Ahmedabad,5,2500,669.5
ORD04852,12-10-2025,CUST1476,Brian Davis,Chair,Furniture,West,Bengaluru,4,28000,7759.84
ORD04853,08-04-2024,CUST1950,Kelsey Griffith,Chair,Furniture,North,Kolkata,1,7000,2019.14
ORD04854,18-05-2025,CUST1637,Kimberly Obrien,Keyboard,Electronics,North,Mumbai,4,4800,725.41
ORD04855,03-08-2025,CUST1392,Kevin Mccoy,Laptop,Electronics,South,Pune,1,50000,10641.7
ORD04856,19-04-2025,CUST1531,Daniel Sullivan,Keyboard,Electronics,West,Ahmedabad,7,8400,1522.55
ORD04857,07-04-2025,CUST1995,Darius Khan,Desk,Furniture,East,Chennai,6,90000,10825.5
ORD04858,20-12-2025,CUST1307,Miranda Huber,Keyboard,Electronics,South,Ahmedabad,7,8400,1390.91
ORD04859,29-10-2024,CUST1765,Lisa Wagner,Printer,Office Supplies,South,Bengaluru,3,27000,2399.6
ORD04860,10-03-2024,CUST1920,Erin Price,Desk,Furniture,West,Bengaluru,4,60000,6452.36
ORD04861,12-09-2024,CUST1257,Jonathan Russell,Laptop,Electronics,East,Chennai,6,300000,39292.42
ORD04862,28-04-2025,CUST1162,Sharon Snow,Monitor,Electronics,North,Pune,3,36000,5434.94
ORD04863,23-01-2025,CUST1937,Cody Hoover,Printer,Office Supplies,West,Delhi,7,63000,6197.24
ORD04864,24-12-2025,CUST1713,Alyssa Rodriguez PhD,Keyboard,Electronics,West,Mumbai,8,9600,1688.71
ORD04865,16-11-2024,CUST1212,Carl Harper,Keyboard,Electronics,North,Ahmedabad,1,1200,258.11
ORD04866,15-04-2024,CUST1380,Dana Bennett,Notebook,Office Supplies,South,Kolkata,6,600,191.25
ORD04867,05-02-2024,CUST1492,Michael Baker,Keyboard,Electronics,East,Mumbai,2,2400,525.12
ORD04868,12-10-2025,CUST1838,William Wilson,Chair,Furniture,North,Delhi,5,35000,7279.31
ORD04869,20-10-2024,CUST1364,Jennifer Smith,Notebook,Office Supplies,South,Kolkata,2,200,51.99
ORD04870,15-11-2024,CUST1277,Cindy Richardson,Chair,Furniture,South,Ahmedabad,6,42000,11809.31
ORD04871,05-05-2024,CUST1699,Brandi Brown,Mouse,Electronics,East,Ahmedabad,8,4000,667.05
ORD04872,17-08-2025,CUST1955,Benjamin Martinez,Monitor,Electronics,West,Bengaluru,4,48000,8872.55
ORD04873,26-01-2024,CUST1768,Patricia Mitchell,Notebook,Office Supplies,North,Ahmedabad,8,800,172.1
ORD04874,06-09-2025,CUST1614,Courtney Sanders,Chair,Furniture,West,Chennai,4,28000,6136.87
ORD04875,27-06-2025,CUST1536,Ryan Willis,Desk,Furniture,North,Hyderabad,7,105000,13559.36
ORD04876,13-05-2024,CUST1118,Jennifer Jackson,Notebook,Office Supplies,East,Bengaluru,1,100,38.06
ORD04877,23-03-2025,CUST1940,Teresa Obrien,Printer,Office Supplies,South,Bengaluru,5,45000,3736.85
ORD04878,16-02-2024,CUST1975,Angel Hayes,Printer,Office Supplies,South,Ahmedabad,5,45000,4725.1
ORD04879,22-08-2024,CUST1891,Jason Davis,Mouse,Electronics,East,Pune,3,1500,264.14
ORD04880,06-04-2025,CUST1211,Melissa Mathews,Laptop,Electronics,North,Pune,8,400000,50995.3
ORD04881,13-11-2024,CUST1470,Joseph Russell,Monitor,Electronics,West,Hyderabad,7,84000,13020.15
ORD04882,14-08-2024,CUST1412,Sandra Mccoy,Chair,Furniture,West,Kolkata,1,7000,1706.99
ORD04883,19-11-2025,CUST1990,Gail Vasquez,Desk,Furniture,West,Kolkata,7,105000,8914.66
ORD04884,16-07-2025,CUST1872,Jeffrey Gibbs,Keyboard,Electronics,South,Mumbai,3,3600,873.28
ORD04885,05-08-2024,CUST1879,Michael Wilson,Keyboard,Electronics,West,Bengaluru,3,3600,556.24
ORD04886,16-05-2024,CUST1436,Richard Smith,Printer,Office Supplies,East,Ahmedabad,5,45000,5208.91
ORD04887,02-11-2024,CUST1739,Corey Mooney,Monitor,Electronics,East,Kolkata,4,48000,8714.11
ORD04888,14-02-2025,CUST1675,Christina Myers,Keyboard,Electronics,West,Delhi,1,1200,297.62
ORD04889,06-04-2024,CUST1186,Anita Pitts,Chair,Furniture,South,Pune,6,42000,13577.78
ORD04890,17-06-2025,CUST1830,Christian Bryant,Chair,Furniture,East,Mumbai,4,28000,9093.62
ORD04891,19-03-2025,CUST1359,Patrick Garcia,Mouse,Electronics,North,Bengaluru,5,2500,708.88
ORD04892,02-02-2025,CUST1767,Daniel Merritt,Chair,Furniture,South,Hyderabad,3,21000,4047.81
ORD04893,20-01-2024,CUST1314,Robert Hicks,Mouse,Electronics,South,Kolkata,8,4000,1015.77
ORD04894,24-02-2025,CUST1744,Kenneth Washington,Chair,Furniture,East,Chennai,2,14000,2624.64
ORD04895,21-09-2024,CUST1170,Jessica Hoffman,Desk,Furniture,North,Ahmedabad,6,90000,11271.2
ORD04896,01-08-2024,CUST1781,Lisa Riggs,Printer,Office Supplies,West,Ahmedabad,4,36000,4510.22
ORD04897,30-06-2024,CUST1500,Donna Mccarty,Notebook,Office Supplies,West,Hyderabad,6,600,188.23
ORD04898,09-01-2025,CUST1581,Eric Spencer,Notebook,Office Supplies,South,Chennai,8,800,236.58
ORD04899,12-11-2024,CUST1091,Victoria Deleon,Notebook,Office Supplies,West,Pune,2,200,49.51
ORD04900,22-07-2025,CUST1024,David Roy,Mouse,Electronics,East,Bengaluru,6,3000,549.14
ORD04901,15-07-2024,CUST1205,Nancy Rice,Notebook,Office Supplies,North,Hyderabad,8,800,291.12
ORD04902,29-01-2024,CUST1033,Daniel Brewer,Notebook,Office Supplies,North,Mumbai,2,200,55.08
ORD04903,08-12-2024,CUST1315,Becky Garcia,Mouse,Electronics,North,Pune,4,2000,468.98
ORD04904,26-02-2025,CUST1995,Michael Smith,Chair,Furniture,East,Hyderabad,3,21000,6035.56
ORD04905,22-08-2025,CUST1618,Katie Kaiser,Keyboard,Electronics,North,Mumbai,2,2400,411.33
ORD04906,28-01-2025,CUST1795,Amy Roberts,Laptop,Electronics,East,Hyderabad,7,350000,47776
ORD04907,05-11-2025,CUST1617,Taylor Espinoza,Laptop,Electronics,North,Chennai,5,250000,54159.63
ORD04908,28-01-2024,CUST1390,David Aguirre,Printer,Office Supplies,West,Kolkata,4,36000,3665.48
ORD04909,04-07-2024,CUST1037,Kyle Armstrong,Printer,Office Supplies,West,Mumbai,4,36000,3356.15
ORD04910,14-04-2025,CUST1185,Jennifer Weber,Laptop,Electronics,West,Pune,3,150000,31239.14
ORD04911,05-06-2025,CUST1817,Sheila Douglas,Monitor,Electronics,West,Hyderabad,3,36000,3965.12
ORD04912,27-09-2025,CUST1480,Maria Malone,Keyboard,Electronics,North,Chennai,5,6000,1496.04
ORD04913,09-06-2024,CUST1786,Megan Juarez,Desk,Furniture,West,Hyderabad,8,120000,15420.06
ORD04914,09-12-2024,CUST1315,Ann Boyd,Laptop,Electronics,North,Hyderabad,2,100000,13848.82
ORD04915,06-07-2024,CUST1747,Richard Riley,Printer,Office Supplies,West,Delhi,4,36000,3870.76
ORD04916,19-07-2025,CUST1704,Laura Thomas,Notebook,Office Supplies,West,Mumbai,6,600,169.88
ORD04917,30-04-2025,CUST1205,Elizabeth Barton,Laptop,Electronics,East,Kolkata,6,300000,59623.03
ORD04918,14-12-2025,CUST1937,Laura Sparks,Printer,Office Supplies,South,Kolkata,5,45000,5389.05
ORD04919,22-02-2024,CUST1172,Tiffany Zamora,Chair,Furniture,West,Ahmedabad,5,35000,10764.47
ORD04920,19-05-2025,CUST1673,Ryan Roman,Keyboard,Electronics,West,Chennai,8,9600,1799.75
ORD04921,14-06-2025,CUST1455,Richard Parsons,Notebook,Office Supplies,West,Kolkata,5,500,171.18
ORD04922,21-03-2024,CUST1357,Justin Yu,Chair,Furniture,East,Ahmedabad,5,35000,11230.35
ORD04923,23-11-2024,CUST1663,Marcus Johnson,Chair,Furniture,North,Bengaluru,8,56000,17419.84
ORD04924,04-09-2024,CUST1453,Brittney Bowman,Chair,Furniture,West,Bengaluru,1,7000,2038.39
ORD04925,20-06-2025,CUST1625,Jason Snow,Laptop,Electronics,West,Chennai,5,250000,49839.1
ORD04926,28-01-2024,CUST1242,Carrie Lewis,Monitor,Electronics,West,Chennai,5,60000,8096.94
ORD04927,08-05-2025,CUST1537,Wendy Perez,Chair,Furniture,North,Chennai,1,7000,2036.49
ORD04928,30-06-2025,CUST1380,Erika Bates,Monitor,Electronics,West,Ahmedabad,4,48000,5898.48
ORD04929,07-09-2025,CUST1388,Marie Roach,Keyboard,Electronics,East,Delhi,2,2400,407.33
ORD04930,14-04-2025,CUST1214,Mary Hoffman,Chair,Furniture,North,Pune,1,7000,1723.45
ORD04931,30-01-2025,CUST1223,Robert Mitchell,Mouse,Electronics,South,Pune,6,3000,462.52
ORD04932,24-05-2024,CUST1417,Gregory Russell,Laptop,Electronics,East,Ahmedabad,6,300000,41148.86
ORD04933,25-10-2024,CUST1946,Vicki Barrera,Printer,Office Supplies,West,Hyderabad,7,63000,5188.59
ORD04934,07-02-2025,CUST1884,Jessica Johnson,Chair,Furniture,West,Delhi,7,49000,10533.61
ORD04935,19-05-2024,CUST1925,Rachel Sullivan,Monitor,Electronics,West,Ahmedabad,4,48000,8715.3
ORD04936,31-08-2025,CUST1150,Kimberly Thomas,Printer,Office Supplies,North,Pune,5,45000,3450.94
ORD04937,22-01-2024,CUST1183,Anna Pierce,Mouse,Electronics,West,Kolkata,1,500,134.89
ORD04938,22-04-2024,CUST1698,Haley Mccoy,Laptop,Electronics,East,Mumbai,8,400000,85141.18
ORD04939,25-09-2024,CUST1606,Claire Hoffman,Notebook,Office Supplies,West,Hyderabad,5,500,192.91
ORD04940,29-08-2024,CUST1883,Annette Rivas,Printer,Office Supplies,North,Kolkata,4,36000,3639.68
ORD04941,25-11-2024,CUST1457,Pamela Aguirre,Mouse,Electronics,East,Pune,5,2500,468.03
ORD04942,24-01-2024,CUST1968,George Bradshaw,Printer,Office Supplies,East,Bengaluru,4,36000,4366.83
ORD04943,23-04-2025,CUST1029,Ryan Waters,Notebook,Office Supplies,West,Hyderabad,1,100,24.34
ORD04944,02-03-2024,CUST1492,Chase Matthews,Desk,Furniture,North,Mumbai,7,105000,14537
ORD04945,12-02-2025,CUST1944,Sarah Nelson,Keyboard,Electronics,North,Ahmedabad,3,3600,607.32
ORD04946,17-04-2025,CUST1259,Sarah Wall,Mouse,Electronics,East,Pune,3,1500,268.15
ORD04947,11-09-2024,CUST1510,Paul Smith,Mouse,Electronics,West,Hyderabad,4,2000,548.04
ORD04948,01-06-2025,CUST1797,Kayla Burke,Laptop,Electronics,North,Hyderabad,6,300000,67499.99
ORD04949,18-02-2025,CUST1865,Jean Murillo,Mouse,Electronics,East,Mumbai,1,500,118.45
ORD04950,22-05-2025,CUST1036,William Hughes,Laptop,Electronics,West,Ahmedabad,7,350000,54205
ORD04951,02-10-2024,CUST1524,Brad Lee,Chair,Furniture,South,Delhi,8,56000,14259.63
ORD04952,25-12-2024,CUST1473,Samantha Morrow,Monitor,Electronics,South,Kolkata,5,60000,9094.74
ORD04953,08-01-2024,CUST1888,Tony Brooks,Desk,Furniture,East,Pune,5,75000,10026.54
ORD04954,29-02-2024,CUST1629,Matthew Miller,Keyboard,Electronics,North,Ahmedabad,8,9600,1556.78
ORD04955,02-06-2025,CUST1250,Angel Rojas,Mouse,Electronics,West,Pune,8,4000,908.55
ORD04956,15-06-2025,CUST1333,Jason Thompson,Monitor,Electronics,East,Pune,2,24000,3444.53
ORD04957,05-11-2025,CUST1586,Christina Aguilar,Chair,Furniture,East,Ahmedabad,1,7000,1803.37
ORD04958,02-10-2025,CUST1034,Jason Thomas,Laptop,Electronics,West,Chennai,4,200000,46710.32
ORD04959,16-12-2024,CUST1158,Connie Ramirez,Notebook,Office Supplies,West,Delhi,1,100,36.21
ORD04960,26-10-2025,CUST1038,Jon Ramos,Mouse,Electronics,South,Kolkata,6,3000,524.95
ORD04961,06-09-2025,CUST1842,Christopher Klein,Notebook,Office Supplies,South,Ahmedabad,4,400,99.76
ORD04962,04-01-2024,CUST1250,Charles Powell,Desk,Furniture,North,Hyderabad,7,105000,11485.84
ORD04963,02-03-2024,CUST1823,Megan Carlson,Mouse,Electronics,South,Hyderabad,6,3000,570.97
ORD04964,29-05-2024,CUST1887,Justin Davis,Monitor,Electronics,East,Ahmedabad,3,36000,3863.45
ORD04965,26-10-2024,CUST1131,Molly Mckenzie,Mouse,Electronics,South,Mumbai,6,3000,463.73
ORD04966,10-12-2025,CUST1874,Tammy Hendrix,Keyboard,Electronics,West,Bengaluru,1,1200,277.16
ORD04967,07-05-2024,CUST1800,Tara Jones,Laptop,Electronics,North,Ahmedabad,5,250000,45765.33
ORD04968,21-10-2024,CUST1725,Alison Zuniga,Laptop,Electronics,West,Ahmedabad,6,300000,47433.22
ORD04969,12-05-2025,CUST1614,Deborah Waller,Desk,Furniture,West,Ahmedabad,8,120000,16616.05
ORD04970,03-12-2024,CUST1653,Jesse Davis,Keyboard,Electronics,East,Ahmedabad,5,6000,1438.34
ORD04971,02-07-2025,CUST1160,Timothy Howard,Mouse,Electronics,West,Bengaluru,6,3000,801.78
ORD04972,08-10-2024,CUST1872,Christina Moon,Monitor,Electronics,South,Chennai,3,36000,5194.55
ORD04973,06-01-2025,CUST1373,John Ho,Mouse,Electronics,West,Kolkata,6,3000,535.13
ORD04974,28-08-2025,CUST1042,Daniel Ferrell,Mouse,Electronics,South,Delhi,6,3000,820.48
ORD04975,27-09-2025,CUST1336,Megan Miller,Mouse,Electronics,East,Pune,7,3500,875.3
ORD04976,12-12-2024,CUST1015,James Robinson,Printer,Office Supplies,East,Pune,7,63000,4800.53
ORD04977,06-06-2025,CUST1585,Roger Petty,Mouse,Electronics,South,Pune,6,3000,753.89
ORD04978,12-02-2024,CUST1243,John Payne,Chair,Furniture,East,Delhi,7,49000,13807.06
ORD04979,04-01-2025,CUST1354,Jamie Lee,Printer,Office Supplies,East,Ahmedabad,7,63000,6661.59
ORD04980,20-03-2024,CUST1879,Steven Gardner,Desk,Furniture,North,Bengaluru,6,90000,10853.81
ORD04981,03-12-2024,CUST1307,Kevin Barber,Keyboard,Electronics,West,Hyderabad,8,9600,1849.31
ORD04982,11-08-2025,CUST1894,Kenneth Williams,Printer,Office Supplies,South,Chennai,8,72000,6212.92
ORD04983,10-06-2025,CUST1458,Elizabeth Williams,Chair,Furniture,South,Pune,2,14000,2715
ORD04984,22-09-2025,CUST1039,Jessica Mitchell,Monitor,Electronics,North,Hyderabad,8,96000,15230.61
ORD04985,07-01-2025,CUST1614,Jesse Fleming,Laptop,Electronics,East,Pune,5,250000,55102.48
ORD04986,18-04-2024,CUST1446,Jennifer Ferguson,Notebook,Office Supplies,West,Bengaluru,8,800,297.08
ORD04987,05-11-2025,CUST1865,Susan Figueroa,Monitor,Electronics,West,Mumbai,6,72000,12666.84
ORD04988,14-08-2024,CUST1351,Mr. Thomas Jones PhD,Keyboard,Electronics,North,Bengaluru,6,7200,1322.51
ORD04989,01-10-2025,CUST1751,Sherry Shannon,Printer,Office Supplies,North,Kolkata,7,63000,6098.72
ORD04990,05-06-2024,CUST1502,Samantha Garcia,Chair,Furniture,South,Hyderabad,2,14000,4092.7
ORD04991,05-03-2024,CUST1964,Joseph Beltran,Notebook,Office Supplies,East,Chennai,6,600,147.31
ORD04992,23-05-2025,CUST1928,Joshua Navarro,Mouse,Electronics,North,Delhi,4,2000,380.94
ORD04993,10-12-2024,CUST1569,Nicholas Obrien II,Desk,Furniture,South,Pune,5,75000,11486.06
ORD04994,10-12-2024,CUST1909,Ronald Baxter,Desk,Furniture,East,Kolkata,6,90000,11593.72
ORD04995,25-07-2025,CUST1979,Sherri Charles,Keyboard,Electronics,South,Ahmedabad,2,2400,458.1
ORD04996,28-02-2025,CUST1424,Michael Flores,Desk,Furniture,North,Chennai,8,120000,16122.43
ORD04997,17-08-2025,CUST1093,Darryl Christensen,Laptop,Electronics,North,Kolkata,5,250000,58189.83
ORD04998,30-04-2025,CUST1090,Allison Floyd,Laptop,Electronics,East,Chennai,5,250000,36924.92
ORD04999,05-04-2024,CUST1640,Michelle Patterson,Printer,Office Supplies,West,Ahmedabad,6,54000,6261.71
ORD05000,17-02-2024,CUST1797,Wendy Chavez,Monitor,Electronics,South,Mumbai,7,84000,13023.27
